year,canton_label,cantons,age_label,age,cost_raw,mult,cost_status_label,cost_status,costs_chf
2011,_T,Total,_T,Total,64234.605,6,,,64234605000.0
2012,_T,Total,_T,Total,66521.484,6,,,66521484000.0
2013,_T,Total,_T,Total,69352.48,6,,,69352480000.0
2014,_T,Total,_T,Total,71055.555,6,,,71055555000.0
2015,_T,Total,_T,Total,73345.97,6,,,73345970000.0
2016,_T,Total,_T,Total,75935.875,6,,,75935875000.0
2017,_T,Total,_T,Total,77866.586,6,,,77866586000.0
2018,_T,Total,_T,Total,79171.64,6,,,79171640000.0
2019,_T,Total,_T,Total,81686.11,6,,,81686110000.0
2020,_T,Total,_T,Total,83522.01,6,,,83522010000.0
2021,_T,Total,_T,Total,89099.26,6,,,89099260000.0
2022,_T,Total,_T,Total,91759.15,6,,,91759150000.0
2023,_T,Total,_T,Total,93393.62,6,,,93393620000.0
2024,_T,Total,_T,Total,97201.37,6,,,97201370000.0
2025,_T,Total,_T,Total,100728.18,6,,,100728180000.0
2011,1,Zürich,_T,Total,11113.785,6,,,11113785000.0
2012,1,Zürich,_T,Total,11531.068,6,,,11531068000.0
2013,1,Zürich,_T,Total,12014.126,6,,,12014126000.0
2014,1,Zürich,_T,Total,12288.367,6,,,12288367000.0
2015,1,Zürich,_T,Total,12646.938,6,,,12646938000.0
2016,1,Zürich,_T,Total,13133.581,6,,,13133581000.0
2017,1,Zürich,_T,Total,13441.639,6,,,13441639000.0
2018,1,Zürich,_T,Total,13675.794,6,,,13675794000.0
2019,1,Zürich,_T,Total,14051.196,6,,,14051196000.0
2020,1,Zürich,_T,Total,14197.38,6,,,14197380000.0
2021,1,Zürich,_T,Total,15231.132,6,,,15231132000.0
2022,1,Zürich,_T,Total,15679.2,6,,,15679200000.0
2023,1,Zürich,_T,Total,15884.144,6,,,15884144000.0
2024,1,Zürich,_T,Total,16631.36,6,,,16631360000.0
2011,2,Bern,_T,Total,8468.265,6,,,8468264999.999999
2012,2,Bern,_T,Total,8760.738,6,,,8760738000.0
2013,2,Bern,_T,Total,9081.76,6,,,9081760000.0
2014,2,Bern,_T,Total,9277.219,6,,,9277219000.0
2015,2,Bern,_T,Total,9753.575,6,,,9753575000.0
2016,2,Bern,_T,Total,10089.827,6,,,10089827000.0
2017,2,Bern,_T,Total,10241.3,6,,,10241300000.0
2018,2,Bern,_T,Total,10360.96,6,,,10360960000.0
2019,2,Bern,_T,Total,10494.066,6,,,10494066000.0
2020,2,Bern,_T,Total,10755.863,6,,,10755863000.0
2021,2,Bern,_T,Total,11436.382,6,,,11436382000.0
2022,2,Bern,_T,Total,11566.182,6,,,11566182000.0
2023,2,Bern,_T,Total,12030.14,6,,,12030140000.0
2024,2,Bern,_T,Total,12427.433,6,,,12427433000.0
2011,3,Luzern,_T,Total,2692.657,6,,,2692657000.0
2012,3,Luzern,_T,Total,2794.85,6,,,2794850000.0
2013,3,Luzern,_T,Total,2927.461,6,,,2927461000.0
2014,3,Luzern,_T,Total,2986.895,6,,,2986895000.0
2015,3,Luzern,_T,Total,3077.452,6,,,3077452000.0
2016,3,Luzern,_T,Total,3241.601,6,,,3241601000.0
2017,3,Luzern,_T,Total,3323.311,6,,,3323311000.0
2018,3,Luzern,_T,Total,3247.626,6,,,3247626000.0
2019,3,Luzern,_T,Total,3462.021,6,,,3462021000.0
2020,3,Luzern,_T,Total,3519.834,6,,,3519834000.0
2021,3,Luzern,_T,Total,3977.111,6,,,3977111000.0
2022,3,Luzern,_T,Total,3999.45,6,,,3999450000.0
2023,3,Luzern,_T,Total,3909.933,6,,,3909933000.0
2024,3,Luzern,_T,Total,4040.832,6,,,4040832000.0
2011,4,Uri,_T,Total,251.123,6,,,251123000.0
2012,4,Uri,_T,Total,258.316,6,,,258315999.99999997
2013,4,Uri,_T,Total,268.677,6,,,268677000.0
2014,4,Uri,_T,Total,275.071,6,,,275071000.0
2015,4,Uri,_T,Total,273.449,6,,,273449000.0
2016,4,Uri,_T,Total,277.411,6,,,277411000.0
2017,4,Uri,_T,Total,279.249,6,,,279249000.0
2018,4,Uri,_T,Total,307.298,6,,,307298000.0
2019,4,Uri,_T,Total,299.439,6,,,299439000.0
2020,4,Uri,_T,Total,305.914,6,,,305914000.0
2021,4,Uri,_T,Total,321.518,6,,,321518000.0
2022,4,Uri,_T,Total,315.656,6,,,315656000.0
2023,4,Uri,_T,Total,329.806,6,,,329806000.0
2024,4,Uri,_T,Total,330.398,6,,,330398000.0
2011,5,Schwyz,_T,Total,1054.055,6,,,1054055000.0000001
2012,5,Schwyz,_T,Total,1127.889,6,,,1127889000.0
2013,5,Schwyz,_T,Total,1166.222,6,,,1166222000.0
2014,5,Schwyz,_T,Total,1185.912,6,,,1185912000.0
2015,5,Schwyz,_T,Total,1217.794,6,,,1217794000.0
2016,5,Schwyz,_T,Total,1249.592,6,,,1249592000.0
2017,5,Schwyz,_T,Total,1290.183,6,,,1290183000.0
2018,5,Schwyz,_T,Total,1316.193,6,,,1316193000.0
2019,5,Schwyz,_T,Total,1382.888,6,,,1382888000.0
2020,5,Schwyz,_T,Total,1398.925,6,,,1398925000.0
2021,5,Schwyz,_T,Total,1507.653,6,,,1507653000.0
2022,5,Schwyz,_T,Total,1575.024,6,,,1575024000.0
2023,5,Schwyz,_T,Total,1560.048,6,,,1560048000.0
2024,5,Schwyz,_T,Total,1573.573,6,,,1573573000.0
2011,6,Obwalden,_T,Total,250.177,6,,,250177000.0
2012,6,Obwalden,_T,Total,256.228,6,,,256228000.0
2013,6,Obwalden,_T,Total,270.08,6,,,270080000.0
2014,6,Obwalden,_T,Total,274.925,6,,,274925000.0
2015,6,Obwalden,_T,Total,281.749,6,,,281749000.0
2016,6,Obwalden,_T,Total,295.414,6,,,295414000.0
2017,6,Obwalden,_T,Total,306.093,6,,,306093000.0
2018,6,Obwalden,_T,Total,308.048,6,,,308048000.0
2019,6,Obwalden,_T,Total,313.977,6,,,313977000.0
2020,6,Obwalden,_T,Total,327.298,6,,,327298000.0
2021,6,Obwalden,_T,Total,350.569,6,,,350569000.0
2022,6,Obwalden,_T,Total,351.811,6,,,351811000.0
2023,6,Obwalden,_T,Total,351.569,6,,,351569000.0
2024,6,Obwalden,_T,Total,361.367,6,,,361367000.0
2011,7,Nidwalden,_T,Total,264.939,6,,,264939000.00000003
2012,7,Nidwalden,_T,Total,280.843,6,,,280843000.0
2013,7,Nidwalden,_T,Total,292.261,6,,,292261000.0
2014,7,Nidwalden,_T,Total,297.857,6,,,297857000.0
2015,7,Nidwalden,_T,Total,308.102,6,,,308102000.0
2016,7,Nidwalden,_T,Total,318.274,6,,,318274000.0
2017,7,Nidwalden,_T,Total,327.803,6,,,327803000.0
2018,7,Nidwalden,_T,Total,333.465,6,,,333465000.0
2019,7,Nidwalden,_T,Total,359.416,6,,,359416000.0
2020,7,Nidwalden,_T,Total,379.587,6,,,379587000.0
2021,7,Nidwalden,_T,Total,383.046,6,,,383046000.0
2022,7,Nidwalden,_T,Total,392.314,6,,,392314000.0
2023,7,Nidwalden,_T,Total,396.338,6,,,396338000.0
2024,7,Nidwalden,_T,Total,407.974,6,,,407974000.0
2011,8,Glarus,_T,Total,332.088,6,,,332088000.0
2012,8,Glarus,_T,Total,346.738,6,,,346738000.0
2013,8,Glarus,_T,Total,358.488,6,,,358488000.0
2014,8,Glarus,_T,Total,370.86,6,,,370860000.0
2015,8,Glarus,_T,Total,371.238,6,,,371238000.0
2016,8,Glarus,_T,Total,379.121,6,,,379121000.0
2017,8,Glarus,_T,Total,423.99,6,,,423990000.0
2018,8,Glarus,_T,Total,407.421,6,,,407421000.0
2019,8,Glarus,_T,Total,452.287,6,,,452287000.0
2020,8,Glarus,_T,Total,470.635,6,,,470635000.0
2021,8,Glarus,_T,Total,420.482,6,,,420482000.0
2022,8,Glarus,_T,Total,442.118,6,,,442118000.0
2023,8,Glarus,_T,Total,463.284,6,,,463284000.0
2024,8,Glarus,_T,Total,502.677,6,,,502677000.0
2011,9,Zug,_T,Total,727.521,6,,,727521000.0
2012,9,Zug,_T,Total,753.736,6,,,753736000.0
2013,9,Zug,_T,Total,800.509,6,,,800509000.0
2014,9,Zug,_T,Total,821.639,6,,,821639000.0
2015,9,Zug,_T,Total,858.042,6,,,858042000.0
2016,9,Zug,_T,Total,887.204,6,,,887204000.0
2017,9,Zug,_T,Total,907.524,6,,,907524000.0
2018,9,Zug,_T,Total,907.864,6,,,907864000.0
2019,9,Zug,_T,Total,957.139,6,,,957139000.0
2020,9,Zug,_T,Total,991.491,6,,,991491000.0
2021,9,Zug,_T,Total,1065.254,6,,,1065253999.9999999
2022,9,Zug,_T,Total,1127.334,6,,,1127334000.0
2023,9,Zug,_T,Total,1133.793,6,,,1133793000.0
2024,9,Zug,_T,Total,1203.002,6,,,1203002000.0
2011,10,Fribourg,_T,Total,2122.161,6,,,2122161000.0
2012,10,Fribourg,_T,Total,2203.076,6,,,2203076000.0
2013,10,Fribourg,_T,Total,2326.436,6,,,2326436000.0
2014,10,Fribourg,_T,Total,2373.525,6,,,2373525000.0
2015,10,Fribourg,_T,Total,2457.316,6,,,2457316000.0
2016,10,Fribourg,_T,Total,2524.787,6,,,2524787000.0
2017,10,Fribourg,_T,Total,2602.363,6,,,2602363000.0
2018,10,Fribourg,_T,Total,2703.336,6,,,2703336000.0
2019,10,Fribourg,_T,Total,2762.64,6,,,2762640000.0
2020,10,Fribourg,_T,Total,2859.892,6,,,2859892000.0
2021,10,Fribourg,_T,Total,3050.791,6,,,3050791000.0
2022,10,Fribourg,_T,Total,3207.661,6,,,3207661000.0
2023,10,Fribourg,_T,Total,3259.7,6,,,3259700000.0
2024,10,Fribourg,_T,Total,3480.73,6,,,3480730000.0
2011,11,Solothurn,_T,Total,2045.152,6,,,2045152000.0
2012,11,Solothurn,_T,Total,2132.75,6,,,2132750000.0
2013,11,Solothurn,_T,Total,2267.861,6,,,2267861000.0
2014,11,Solothurn,_T,Total,2313.054,6,,,2313054000.0
2015,11,Solothurn,_T,Total,2366.691,6,,,2366691000.0
2016,11,Solothurn,_T,Total,2450.369,6,,,2450369000.0
2017,11,Solothurn,_T,Total,2496.548,6,,,2496548000.0
2018,11,Solothurn,_T,Total,2498.503,6,,,2498503000.0
2019,11,Solothurn,_T,Total,2647.783,6,,,2647783000.0
2020,11,Solothurn,_T,Total,2704.267,6,,,2704267000.0
2021,11,Solothurn,_T,Total,2865.138,6,,,2865138000.0
2022,11,Solothurn,_T,Total,2914.221,6,,,2914221000.0
2023,11,Solothurn,_T,Total,2983.676,6,,,2983676000.0
2024,11,Solothurn,_T,Total,3138.633,6,,,3138633000.0
2011,12,Basel-Stadt,_T,Total,2068.78,6,,,2068780000.0000002
2012,12,Basel-Stadt,_T,Total,2114.846,6,,,2114846000.0
2013,12,Basel-Stadt,_T,Total,2139.224,6,,,2139224000.0000002
2014,12,Basel-Stadt,_T,Total,2179.299,6,,,2179299000.0
2015,12,Basel-Stadt,_T,Total,2249.92,6,,,2249920000.0
2016,12,Basel-Stadt,_T,Total,2341.791,6,,,2341791000.0
2017,12,Basel-Stadt,_T,Total,2394.818,6,,,2394818000.0
2018,12,Basel-Stadt,_T,Total,2417.006,6,,,2417006000.0
2019,12,Basel-Stadt,_T,Total,2473.319,6,,,2473319000.0
2020,12,Basel-Stadt,_T,Total,2471.597,6,,,2471597000.0
2021,12,Basel-Stadt,_T,Total,2616.604,6,,,2616604000.0
2022,12,Basel-Stadt,_T,Total,2731.312,6,,,2731312000.0
2023,12,Basel-Stadt,_T,Total,2667.148,6,,,2667148000.0
2024,12,Basel-Stadt,_T,Total,2751.648,6,,,2751648000.0
2011,13,Basel-Landschaft,_T,Total,2386.084,6,,,2386084000.0
2012,13,Basel-Landschaft,_T,Total,2481.314,6,,,2481314000.0
2013,13,Basel-Landschaft,_T,Total,2583.332,6,,,2583332000.0
2014,13,Basel-Landschaft,_T,Total,2635.729,6,,,2635729000.0
2015,13,Basel-Landschaft,_T,Total,2761.939,6,,,2761939000.0
2016,13,Basel-Landschaft,_T,Total,2848.719,6,,,2848719000.0
2017,13,Basel-Landschaft,_T,Total,2939.104,6,,,2939104000.0
2018,13,Basel-Landschaft,_T,Total,3030.328,6,,,3030328000.0
2019,13,Basel-Landschaft,_T,Total,3124.653,6,,,3124653000.0
2020,13,Basel-Landschaft,_T,Total,3107.725,6,,,3107725000.0
2021,13,Basel-Landschaft,_T,Total,3336.706,6,,,3336706000.0
2022,13,Basel-Landschaft,_T,Total,3504.388,6,,,3504388000.0
2023,13,Basel-Landschaft,_T,Total,3547.929,6,,,3547929000.0
2024,13,Basel-Landschaft,_T,Total,3682.671,6,,,3682671000.0
2011,14,Schaffhausen,_T,Total,698.151,6,,,698151000.0
2012,14,Schaffhausen,_T,Total,700.86,6,,,700860000.0
2013,14,Schaffhausen,_T,Total,718.358,6,,,718358000.0
2014,14,Schaffhausen,_T,Total,725.168,6,,,725168000.0
2015,14,Schaffhausen,_T,Total,747.845,6,,,747845000.0
2016,14,Schaffhausen,_T,Total,774.793,6,,,774793000.0
2017,14,Schaffhausen,_T,Total,795.781,6,,,795781000.0
2018,14,Schaffhausen,_T,Total,788.404,6,,,788404000.0
2019,14,Schaffhausen,_T,Total,814.57,6,,,814570000.0
2020,14,Schaffhausen,_T,Total,844.898,6,,,844898000.0
2021,14,Schaffhausen,_T,Total,904.28,6,,,904280000.0
2022,14,Schaffhausen,_T,Total,913.476,6,,,913476000.0
2023,14,Schaffhausen,_T,Total,931.874,6,,,931874000.0
2024,14,Schaffhausen,_T,Total,924.962,6,,,924962000.0
2011,15,Appenzell Ausserrhoden,_T,Total,392.271,6,,,392271000.0
2012,15,Appenzell Ausserrhoden,_T,Total,431.081,6,,,431081000.0
2013,15,Appenzell Ausserrhoden,_T,Total,446.266,6,,,446266000.0
2014,15,Appenzell Ausserrhoden,_T,Total,458.979,6,,,458979000.0
2015,15,Appenzell Ausserrhoden,_T,Total,470.579,6,,,470579000.0
2016,15,Appenzell Ausserrhoden,_T,Total,486.617,6,,,486617000.0
2017,15,Appenzell Ausserrhoden,_T,Total,480.551,6,,,480551000.0
2018,15,Appenzell Ausserrhoden,_T,Total,495.869,6,,,495869000.0
2019,15,Appenzell Ausserrhoden,_T,Total,503.292,6,,,503292000.0
2020,15,Appenzell Ausserrhoden,_T,Total,500.051,6,,,500051000.0
2021,15,Appenzell Ausserrhoden,_T,Total,528.839,6,,,528839000.00000006
2022,15,Appenzell Ausserrhoden,_T,Total,608.919,6,,,608919000.0
2023,15,Appenzell Ausserrhoden,_T,Total,562.156,6,,,562156000.0
2024,15,Appenzell Ausserrhoden,_T,Total,572.249,6,,,572249000.0
2011,16,Appenzell Innerrhoden,_T,Total,95.846,6,,,95846000.0
2012,16,Appenzell Innerrhoden,_T,Total,103.355,6,,,103355000.0
2013,16,Appenzell Innerrhoden,_T,Total,106.9,6,,,106900000.0
2014,16,Appenzell Innerrhoden,_T,Total,110.661,6,,,110661000.0
2015,16,Appenzell Innerrhoden,_T,Total,113.584,6,,,113584000.0
2016,16,Appenzell Innerrhoden,_T,Total,118.807,6,,,118807000.0
2017,16,Appenzell Innerrhoden,_T,Total,118.914,6,,,118914000.0
2018,16,Appenzell Innerrhoden,_T,Total,124.633,6,,,124633000.0
2019,16,Appenzell Innerrhoden,_T,Total,123.81,6,,,123810000.0
2020,16,Appenzell Innerrhoden,_T,Total,125.325,6,,,125325000.0
2021,16,Appenzell Innerrhoden,_T,Total,140.395,6,,,140395000.0
2022,16,Appenzell Innerrhoden,_T,Total,139.725,6,,,139725000.0
2023,16,Appenzell Innerrhoden,_T,Total,142.358,6,,,142358000.0
2024,16,Appenzell Innerrhoden,_T,Total,150.87,6,,,150870000.0
2011,17,St. Gallen,_T,Total,3522.854,6,,,3522854000.0
2012,17,St. Gallen,_T,Total,3682.996,6,,,3682996000.0
2013,17,St. Gallen,_T,Total,3867.684,6,,,3867684000.0
2014,17,St. Gallen,_T,Total,3987.814,6,,,3987814000.0
2015,17,St. Gallen,_T,Total,4113.433,6,,,4113433000.0
2016,17,St. Gallen,_T,Total,4230.937,6,,,4230937000.0
2017,17,St. Gallen,_T,Total,4319.579,6,,,4319579000.0
2018,17,St. Gallen,_T,Total,4443.999,6,,,4443999000.0
2019,17,St. Gallen,_T,Total,4535.754,6,,,4535754000.0
2020,17,St. Gallen,_T,Total,4628.258,6,,,4628258000.0
2021,17,St. Gallen,_T,Total,4937.893,6,,,4937893000.0
2022,17,St. Gallen,_T,Total,5058.906,6,,,5058906000.0
2023,17,St. Gallen,_T,Total,5124.884,6,,,5124884000.0
2024,17,St. Gallen,_T,Total,5245.367,6,,,5245367000.0
2011,18,Graubünden,_T,Total,1512.833,6,,,1512833000.0
2012,18,Graubünden,_T,Total,1558.424,6,,,1558424000.0
2013,18,Graubünden,_T,Total,1639.588,6,,,1639588000.0
2014,18,Graubünden,_T,Total,1683.498,6,,,1683498000.0
2015,18,Graubünden,_T,Total,1716.551,6,,,1716551000.0
2016,18,Graubünden,_T,Total,1769.155,6,,,1769155000.0
2017,18,Graubünden,_T,Total,1800.844,6,,,1800844000.0
2018,18,Graubünden,_T,Total,1846.87,6,,,1846870000.0
2019,18,Graubünden,_T,Total,1874.796,6,,,1874796000.0
2020,18,Graubünden,_T,Total,2032.823,6,,,2032823000.0
2021,18,Graubünden,_T,Total,2046.983,6,,,2046983000.0
2022,18,Graubünden,_T,Total,2104.594,6,,,2104594000.0
2023,18,Graubünden,_T,Total,2123.062,6,,,2123062000.0
2024,18,Graubünden,_T,Total,2116.625,6,,,2116625000.0
2011,19,Aargau,_T,Total,4872.582,6,,,4872582000.0
2012,19,Aargau,_T,Total,5061.605,6,,,5061605000.0
2013,19,Aargau,_T,Total,5246.952,6,,,5246952000.0
2014,19,Aargau,_T,Total,5385.673,6,,,5385673000.0
2015,19,Aargau,_T,Total,5429.33,6,,,5429330000.0
2016,19,Aargau,_T,Total,5517.19,6,,,5517190000.0
2017,19,Aargau,_T,Total,5684.226,6,,,5684226000.0
2018,19,Aargau,_T,Total,5760.552,6,,,5760552000.0
2019,19,Aargau,_T,Total,5972.783,6,,,5972783000.0
2020,19,Aargau,_T,Total,6158.685,6,,,6158685000.0
2021,19,Aargau,_T,Total,6638.37,6,,,6638370000.0
2022,19,Aargau,_T,Total,6899.391,6,,,6899391000.0
2023,19,Aargau,_T,Total,7177.644,6,,,7177644000.0
2024,19,Aargau,_T,Total,7302.158,6,,,7302158000.0
2011,20,Thurgau,_T,Total,1836.838,6,,,1836838000.0
2012,20,Thurgau,_T,Total,1889.859,6,,,1889859000.0
2013,20,Thurgau,_T,Total,1987.122,6,,,1987122000.0
2014,20,Thurgau,_T,Total,2044.195,6,,,2044195000.0
2015,20,Thurgau,_T,Total,2129.535,6,,,2129534999.9999998
2016,20,Thurgau,_T,Total,2215.335,6,,,2215335000.0
2017,20,Thurgau,_T,Total,2268.176,6,,,2268176000.0
2018,20,Thurgau,_T,Total,2354.92,6,,,2354920000.0
2019,20,Thurgau,_T,Total,2434.159,6,,,2434159000.0
2020,20,Thurgau,_T,Total,2515.053,6,,,2515053000.0
2021,20,Thurgau,_T,Total,2683.547,6,,,2683547000.0
2022,20,Thurgau,_T,Total,2727.218,6,,,2727218000.0
2023,20,Thurgau,_T,Total,2798.368,6,,,2798368000.0
2024,20,Thurgau,_T,Total,2855.352,6,,,2855352000.0
2011,21,Ticino,_T,Total,2865.505,6,,,2865505000.0
2012,21,Ticino,_T,Total,2956.136,6,,,2956136000.0
2013,21,Ticino,_T,Total,3101.013,6,,,3101013000.0
2014,21,Ticino,_T,Total,3216.872,6,,,3216872000.0
2015,21,Ticino,_T,Total,3326.189,6,,,3326189000.0
2016,21,Ticino,_T,Total,3429.36,6,,,3429360000.0
2017,21,Ticino,_T,Total,3544.047,6,,,3544047000.0
2018,21,Ticino,_T,Total,3668.471,6,,,3668471000.0
2019,21,Ticino,_T,Total,3829.269,6,,,3829269000.0
2020,21,Ticino,_T,Total,3882.38,6,,,3882380000.0
2021,21,Ticino,_T,Total,4121.631,6,,,4121631000.0000005
2022,21,Ticino,_T,Total,4317.365,6,,,4317365000.0
2023,21,Ticino,_T,Total,4459.985,6,,,4459985000.0
2024,21,Ticino,_T,Total,4594.047,6,,,4594047000.0
2011,22,Vaud,_T,Total,6055.364,6,,,6055364000.0
2012,22,Vaud,_T,Total,6217.613,6,,,6217613000.0
2013,22,Vaud,_T,Total,6491.435,6,,,6491435000.0
2014,22,Vaud,_T,Total,6683.509,6,,,6683509000.0
2015,22,Vaud,_T,Total,6883.186,6,,,6883186000.0
2016,22,Vaud,_T,Total,7160.869,6,,,7160869000.0
2017,22,Vaud,_T,Total,7401.739,6,,,7401739000.0
2018,22,Vaud,_T,Total,7500.583,6,,,7500583000.0
2019,22,Vaud,_T,Total,7741.729,6,,,7741729000.0
2020,22,Vaud,_T,Total,8009.78,6,,,8009780000.0
2021,22,Vaud,_T,Total,8605.884,6,,,8605884000.0
2022,22,Vaud,_T,Total,8887.253,6,,,8887253000.0
2023,22,Vaud,_T,Total,9055.036,6,,,9055036000.0
2024,22,Vaud,_T,Total,9742.47,6,,,9742470000.0
2011,23,Valais,_T,Total,2394.794,6,,,2394794000.0
2012,23,Valais,_T,Total,2452.015,6,,,2452015000.0
2013,23,Valais,_T,Total,2543.132,6,,,2543132000.0
2014,23,Valais,_T,Total,2630.285,6,,,2630285000.0
2015,23,Valais,_T,Total,2701.055,6,,,2701055000.0
2016,23,Valais,_T,Total,2858.11,6,,,2858110000.0
2017,23,Valais,_T,Total,2926.291,6,,,2926291000.0
2018,23,Valais,_T,Total,3059.15,6,,,3059150000.0
2019,23,Valais,_T,Total,3256.566,6,,,3256566000.0
2020,23,Valais,_T,Total,3248.233,6,,,3248233000.0
2021,23,Valais,_T,Total,3343.977,6,,,3343977000.0
2022,23,Valais,_T,Total,3475.867,6,,,3475867000.0
2023,23,Valais,_T,Total,3603.09,6,,,3603090000.0
2024,23,Valais,_T,Total,3795.91,6,,,3795910000.0
2011,24,Neuchâtel,_T,Total,1460.755,6,,,1460755000.0
2012,24,Neuchâtel,_T,Total,1499.248,6,,,1499248000.0
2013,24,Neuchâtel,_T,Total,1587.03,6,,,1587030000.0
2014,24,Neuchâtel,_T,Total,1623.948,6,,,1623948000.0
2015,24,Neuchâtel,_T,Total,1677.105,6,,,1677105000.0
2016,24,Neuchâtel,_T,Total,1757.304,6,,,1757304000.0
2017,24,Neuchâtel,_T,Total,1806.844,6,,,1806844000.0
2018,24,Neuchâtel,_T,Total,1848.712,6,,,1848712000.0
2019,24,Neuchâtel,_T,Total,1846.916,6,,,1846916000.0
2020,24,Neuchâtel,_T,Total,1905.502,6,,,1905502000.0
2021,24,Neuchâtel,_T,Total,2047.592,6,,,2047592000.0
2022,24,Neuchâtel,_T,Total,2107.573,6,,,2107572999.9999998
2023,24,Neuchâtel,_T,Total,2081.103,6,,,2081103000.0
2024,24,Neuchâtel,_T,Total,2241.958,6,,,2241958000.0
2011,25,Genève,_T,Total,4135.744,6,,,4135743999.9999995
2012,25,Genève,_T,Total,4285.92,6,,,4285920000.0
2013,25,Genève,_T,Total,4459.295,6,,,4459295000.0
2014,25,Genève,_T,Total,4539.584,6,,,4539584000.0
2015,25,Genève,_T,Total,4707.433,6,,,4707433000.0
2016,25,Genève,_T,Total,4848.628,6,,,4848628000.0
2017,25,Genève,_T,Total,5005.787,6,,,5005787000.0
2018,25,Genève,_T,Total,5004.511,6,,,5004511000.0
2019,25,Genève,_T,Total,5200.525,6,,,5200525000.0
2020,25,Genève,_T,Total,5394.823,6,,,5394823000.0
2021,25,Genève,_T,Total,5711.462,6,,,5711462000.0
2022,25,Genève,_T,Total,5847.323,6,,,5847323000.0
2023,25,Genève,_T,Total,5931.017,6,,,5931017000.0
2024,25,Genève,_T,Total,6208.762,6,,,6208762000.0
2011,26,Jura,_T,Total,614.282,6,,,614282000.0
2012,26,Jura,_T,Total,639.979,6,,,639979000.0
2013,26,Jura,_T,Total,661.263,6,,,661263000.0
2014,26,Jura,_T,Total,685.018,6,,,685018000.0
2015,26,Jura,_T,Total,705.939,6,,,705939000.0
2016,26,Jura,_T,Total,731.084,6,,,731084000.0
2017,26,Jura,_T,Total,739.879,6,,,739879000.0
2018,26,Jura,_T,Total,761.128,6,,,761128000.0
2019,26,Jura,_T,Total,771.118,6,,,771118000.0
2020,26,Jura,_T,Total,785.79,6,,,785790000.0
2021,26,Jura,_T,Total,826.021,6,,,826021000.0
2022,26,Jura,_T,Total,864.868,6,,,864868000.0
2023,26,Jura,_T,Total,885.531,6,,,885531000.0
2024,26,Jura,_T,Total,918.338,6,,,918338000.0
2011,_T,Total,Y0T5,0-5 years,1606.092,6,,,1606092000.0
2012,_T,Total,Y0T5,0-5 years,1709.772,6,,,1709772000.0
2013,_T,Total,Y0T5,0-5 years,1806.576,6,,,1806576000.0
2014,_T,Total,Y0T5,0-5 years,1842.407,6,,,1842407000.0
2015,_T,Total,Y0T5,0-5 years,1950.563,6,,,1950563000.0
2016,_T,Total,Y0T5,0-5 years,2018.897,6,,,2018897000.0
2017,_T,Total,Y0T5,0-5 years,2057.212,6,,,2057212000.0
2018,_T,Total,Y0T5,0-5 years,2091.973,6,,,2091973000.0
2019,_T,Total,Y0T5,0-5 years,2135.942,6,,,2135942000.0
2020,_T,Total,Y0T5,0-5 years,2042.696,6,,,2042696000.0
2021,_T,Total,Y0T5,0-5 years,2248.511,6,,,2248511000.0
2022,_T,Total,Y0T5,0-5 years,2357.678,6,,,2357678000.0
2023,_T,Total,Y0T5,0-5 years,2329.664,6,,,2329664000.0
2024,_T,Total,Y0T5,0-5 years,2282.958,6,,,2282958000.0
2011,1,Zürich,Y0T5,0-5 years,296.845,6,,,296845000.0
2012,1,Zürich,Y0T5,0-5 years,323.073,6,,,323073000.0
2013,1,Zürich,Y0T5,0-5 years,344.786,6,,,344786000.0
2014,1,Zürich,Y0T5,0-5 years,352.017,6,,,352017000.0
2015,1,Zürich,Y0T5,0-5 years,364.23,6,,,364230000.0
2016,1,Zürich,Y0T5,0-5 years,384.992,6,,,384992000.0
2017,1,Zürich,Y0T5,0-5 years,389.657,6,,,389657000.0
2018,1,Zürich,Y0T5,0-5 years,399.827,6,,,399827000.0
2019,1,Zürich,Y0T5,0-5 years,435.142,6,,,435142000.0
2020,1,Zürich,Y0T5,0-5 years,385.536,6,,,385536000.0
2021,1,Zürich,Y0T5,0-5 years,433.143,6,,,433143000.0
2022,1,Zürich,Y0T5,0-5 years,448.971,6,,,448971000.0
2023,1,Zürich,Y0T5,0-5 years,433.167,6,,,433167000.0
2024,1,Zürich,Y0T5,0-5 years,404.888,6,,,404888000.0
2011,2,Bern,Y0T5,0-5 years,171.047,6,,,171047000.0
2012,2,Bern,Y0T5,0-5 years,182.87,6,,,182870000.0
2013,2,Bern,Y0T5,0-5 years,194.452,6,,,194452000.0
2014,2,Bern,Y0T5,0-5 years,195.205,6,,,195205000.0
2015,2,Bern,Y0T5,0-5 years,241.195,6,,,241195000.0
2016,2,Bern,Y0T5,0-5 years,216.15,6,,,216150000.0
2017,2,Bern,Y0T5,0-5 years,219.599,6,,,219599000.0
2018,2,Bern,Y0T5,0-5 years,226.239,6,,,226239000.0
2019,2,Bern,Y0T5,0-5 years,221.31,6,,,221310000.0
2020,2,Bern,Y0T5,0-5 years,216.645,6,,,216645000.0
2021,2,Bern,Y0T5,0-5 years,231.612,6,,,231612000.0
2022,2,Bern,Y0T5,0-5 years,245.522,6,,,245522000.0
2023,2,Bern,Y0T5,0-5 years,230.874,6,,,230874000.0
2024,2,Bern,Y0T5,0-5 years,253.879,6,,,253879000.0
2011,3,Luzern,Y0T5,0-5 years,65.517,6,,,65516999.99999999
2012,3,Luzern,Y0T5,0-5 years,69.187,6,,,69187000.0
2013,3,Luzern,Y0T5,0-5 years,77.519,6,,,77519000.0
2014,3,Luzern,Y0T5,0-5 years,74.784,6,,,74784000.0
2015,3,Luzern,Y0T5,0-5 years,78.265,6,,,78265000.0
2016,3,Luzern,Y0T5,0-5 years,82.196,6,,,82196000.0
2017,3,Luzern,Y0T5,0-5 years,84.61,6,,,84610000.0
2018,3,Luzern,Y0T5,0-5 years,79.942,6,,,79942000.0
2019,3,Luzern,Y0T5,0-5 years,84.307,6,,,84307000.0
2020,3,Luzern,Y0T5,0-5 years,84.744,6,,,84744000.0
2021,3,Luzern,Y0T5,0-5 years,98.452,6,,,98452000.0
2022,3,Luzern,Y0T5,0-5 years,99.017,6,,,99017000.0
2023,3,Luzern,Y0T5,0-5 years,95.944,6,,,95944000.0
2024,3,Luzern,Y0T5,0-5 years,97.927,6,,,97927000.0
2011,4,Uri,Y0T5,0-5 years,4.875,6,,,4875000.0
2012,4,Uri,Y0T5,0-5 years,5.123,6,,,5123000.0
2013,4,Uri,Y0T5,0-5 years,5.415,6,,,5415000.0
2014,4,Uri,Y0T5,0-5 years,5.535,6,,,5535000.0
2015,4,Uri,Y0T5,0-5 years,5.612,6,,,5612000.0
2016,4,Uri,Y0T5,0-5 years,5.921,6,,,5921000.0
2017,4,Uri,Y0T5,0-5 years,5.962,6,,,5962000.0
2018,4,Uri,Y0T5,0-5 years,6.681,6,,,6681000.0
2019,4,Uri,Y0T5,0-5 years,6.701,6,,,6701000.0
2020,4,Uri,Y0T5,0-5 years,6.666,6,,,6666000.0
2021,4,Uri,Y0T5,0-5 years,7.68,6,,,7680000.0
2022,4,Uri,Y0T5,0-5 years,8.017,6,,,8016999.999999999
2023,4,Uri,Y0T5,0-5 years,8.339,6,,,8339000.0
2024,4,Uri,Y0T5,0-5 years,8.125,6,,,8125000.0
2011,5,Schwyz,Y0T5,0-5 years,27.189,6,,,27189000.0
2012,5,Schwyz,Y0T5,0-5 years,29.571,6,,,29571000.0
2013,5,Schwyz,Y0T5,0-5 years,31.579,6,,,31579000.0
2014,5,Schwyz,Y0T5,0-5 years,31.845,6,,,31845000.0
2015,5,Schwyz,Y0T5,0-5 years,32.895,6,,,32895000.000000004
2016,5,Schwyz,Y0T5,0-5 years,34.055,6,,,34055000.0
2017,5,Schwyz,Y0T5,0-5 years,34.424,6,,,34424000.0
2018,5,Schwyz,Y0T5,0-5 years,33.165,6,,,33165000.0
2019,5,Schwyz,Y0T5,0-5 years,33.358,6,,,33357999.999999996
2020,5,Schwyz,Y0T5,0-5 years,36.686,6,,,36686000.0
2021,5,Schwyz,Y0T5,0-5 years,36.287,6,,,36287000.0
2022,5,Schwyz,Y0T5,0-5 years,41.992,6,,,41992000.0
2023,5,Schwyz,Y0T5,0-5 years,41.505,6,,,41505000.0
2024,5,Schwyz,Y0T5,0-5 years,35.429,6,,,35429000.0
2011,6,Obwalden,Y0T5,0-5 years,5.773,6,,,5773000.0
2012,6,Obwalden,Y0T5,0-5 years,6.375,6,,,6375000.0
2013,6,Obwalden,Y0T5,0-5 years,6.826,6,,,6826000.0
2014,6,Obwalden,Y0T5,0-5 years,6.718,6,,,6718000.0
2015,6,Obwalden,Y0T5,0-5 years,6.983,6,,,6983000.0
2016,6,Obwalden,Y0T5,0-5 years,7.501,6,,,7501000.0
2017,6,Obwalden,Y0T5,0-5 years,7.285,6,,,7285000.0
2018,6,Obwalden,Y0T5,0-5 years,6.949,6,,,6949000.0
2019,6,Obwalden,Y0T5,0-5 years,7.625,6,,,7625000.0
2020,6,Obwalden,Y0T5,0-5 years,6.884,6,,,6884000.0
2021,6,Obwalden,Y0T5,0-5 years,9.462,6,,,9462000.0
2022,6,Obwalden,Y0T5,0-5 years,7.512,6,,,7512000.0
2023,6,Obwalden,Y0T5,0-5 years,7.528,6,,,7528000.0
2024,6,Obwalden,Y0T5,0-5 years,6.883,6,,,6883000.0
2011,7,Nidwalden,Y0T5,0-5 years,5.623,6,,,5623000.0
2012,7,Nidwalden,Y0T5,0-5 years,6.275,6,,,6275000.0
2013,7,Nidwalden,Y0T5,0-5 years,6.609,6,,,6609000.0
2014,7,Nidwalden,Y0T5,0-5 years,6.694,6,,,6694000.0
2015,7,Nidwalden,Y0T5,0-5 years,7.109,6,,,7109000.0
2016,7,Nidwalden,Y0T5,0-5 years,7.264,6,,,7264000.0
2017,7,Nidwalden,Y0T5,0-5 years,7.414,6,,,7414000.0
2018,7,Nidwalden,Y0T5,0-5 years,8.296,6,,,8295999.999999999
2019,7,Nidwalden,Y0T5,0-5 years,8.948,6,,,8948000.0
2020,7,Nidwalden,Y0T5,0-5 years,7.522,6,,,7522000.0
2021,7,Nidwalden,Y0T5,0-5 years,7.702,6,,,7702000.0
2022,7,Nidwalden,Y0T5,0-5 years,8.485,6,,,8485000.0
2023,7,Nidwalden,Y0T5,0-5 years,7.837,6,,,7837000.0
2024,7,Nidwalden,Y0T5,0-5 years,8.218,6,,,8218000.0
2011,8,Glarus,Y0T5,0-5 years,7.081,6,,,7081000.0
2012,8,Glarus,Y0T5,0-5 years,7.499,6,,,7499000.0
2013,8,Glarus,Y0T5,0-5 years,7.68,6,,,7680000.0
2014,8,Glarus,Y0T5,0-5 years,9.046,6,,,9046000.0
2015,8,Glarus,Y0T5,0-5 years,8.479,6,,,8479000.0
2016,8,Glarus,Y0T5,0-5 years,8.692,6,,,8692000.0
2017,8,Glarus,Y0T5,0-5 years,9.855,6,,,9855000.0
2018,8,Glarus,Y0T5,0-5 years,10.998,6,,,10998000.0
2019,8,Glarus,Y0T5,0-5 years,8.869,6,,,8869000.0
2020,8,Glarus,Y0T5,0-5 years,9.939,6,,,9939000.0
2021,8,Glarus,Y0T5,0-5 years,9.188,6,,,9188000.0
2022,8,Glarus,Y0T5,0-5 years,9.508,6,,,9508000.0
2023,8,Glarus,Y0T5,0-5 years,9.211,6,,,9211000.0
2024,8,Glarus,Y0T5,0-5 years,11.688,6,,,11688000.0
2011,9,Zug,Y0T5,0-5 years,19.214,6,,,19214000.0
2012,9,Zug,Y0T5,0-5 years,20.571,6,,,20571000.0
2013,9,Zug,Y0T5,0-5 years,21.662,6,,,21662000.0
2014,9,Zug,Y0T5,0-5 years,22.412,6,,,22412000.0
2015,9,Zug,Y0T5,0-5 years,23.557,6,,,23557000.0
2016,9,Zug,Y0T5,0-5 years,24.817,6,,,24817000.0
2017,9,Zug,Y0T5,0-5 years,25.322,6,,,25322000.0
2018,9,Zug,Y0T5,0-5 years,24.79,6,,,24790000.0
2019,9,Zug,Y0T5,0-5 years,30.164,6,,,30164000.0
2020,9,Zug,Y0T5,0-5 years,26.292,6,,,26292000.0
2021,9,Zug,Y0T5,0-5 years,26.249,6,,,26249000.0
2022,9,Zug,Y0T5,0-5 years,27.388,6,,,27388000.0
2023,9,Zug,Y0T5,0-5 years,27.504,6,,,27504000.0
2024,9,Zug,Y0T5,0-5 years,26.433,6,,,26433000.0
2011,10,Fribourg,Y0T5,0-5 years,70.316,6,,,70316000.0
2012,10,Fribourg,Y0T5,0-5 years,76.177,6,,,76177000.0
2013,10,Fribourg,Y0T5,0-5 years,80.093,6,,,80093000.0
2014,10,Fribourg,Y0T5,0-5 years,81.668,6,,,81668000.0
2015,10,Fribourg,Y0T5,0-5 years,85.581,6,,,85581000.0
2016,10,Fribourg,Y0T5,0-5 years,87.867,6,,,87867000.0
2017,10,Fribourg,Y0T5,0-5 years,89.552,6,,,89552000.0
2018,10,Fribourg,Y0T5,0-5 years,80.855,6,,,80855000.0
2019,10,Fribourg,Y0T5,0-5 years,77.33,6,,,77330000.0
2020,10,Fribourg,Y0T5,0-5 years,77.521,6,,,77521000.0
2021,10,Fribourg,Y0T5,0-5 years,90.748,6,,,90748000.0
2022,10,Fribourg,Y0T5,0-5 years,101.628,6,,,101628000.0
2023,10,Fribourg,Y0T5,0-5 years,105.07,6,,,105070000.0
2024,10,Fribourg,Y0T5,0-5 years,109.027,6,,,109027000.0
2011,11,Solothurn,Y0T5,0-5 years,44.636,6,,,44636000.0
2012,11,Solothurn,Y0T5,0-5 years,48.681,6,,,48681000.0
2013,11,Solothurn,Y0T5,0-5 years,51.953,6,,,51953000.0
2014,11,Solothurn,Y0T5,0-5 years,52.245,6,,,52245000.0
2015,11,Solothurn,Y0T5,0-5 years,54.588,6,,,54588000.0
2016,11,Solothurn,Y0T5,0-5 years,56.628,6,,,56628000.0
2017,11,Solothurn,Y0T5,0-5 years,57.667,6,,,57667000.0
2018,11,Solothurn,Y0T5,0-5 years,55.755,6,,,55755000.0
2019,11,Solothurn,Y0T5,0-5 years,58.022,6,,,58022000.0
2020,11,Solothurn,Y0T5,0-5 years,57.839,6,,,57839000.0
2021,11,Solothurn,Y0T5,0-5 years,63.475,6,,,63475000.0
2022,11,Solothurn,Y0T5,0-5 years,65.35,6,,,65349999.99999999
2023,11,Solothurn,Y0T5,0-5 years,64.903,6,,,64903000.00000001
2024,11,Solothurn,Y0T5,0-5 years,65.711,6,,,65711000.0
2011,12,Basel-Stadt,Y0T5,0-5 years,37.134,6,,,37134000.0
2012,12,Basel-Stadt,Y0T5,0-5 years,37.72,6,,,37720000.0
2013,12,Basel-Stadt,Y0T5,0-5 years,39.856,6,,,39856000.0
2014,12,Basel-Stadt,Y0T5,0-5 years,42.09,6,,,42090000.0
2015,12,Basel-Stadt,Y0T5,0-5 years,41.785,6,,,41785000.0
2016,12,Basel-Stadt,Y0T5,0-5 years,44.562,6,,,44562000.0
2017,12,Basel-Stadt,Y0T5,0-5 years,45.459,6,,,45459000.0
2018,12,Basel-Stadt,Y0T5,0-5 years,47.937,6,,,47937000.0
2019,12,Basel-Stadt,Y0T5,0-5 years,52.22,6,,,52220000.0
2020,12,Basel-Stadt,Y0T5,0-5 years,50.866,6,,,50866000.0
2021,12,Basel-Stadt,Y0T5,0-5 years,55.548,6,,,55548000.0
2022,12,Basel-Stadt,Y0T5,0-5 years,52.972,6,,,52972000.0
2023,12,Basel-Stadt,Y0T5,0-5 years,54.363,6,,,54363000.0
2024,12,Basel-Stadt,Y0T5,0-5 years,52.808,6,,,52808000.0
2011,13,Basel-Landschaft,Y0T5,0-5 years,50.534,6,,,50534000.0
2012,13,Basel-Landschaft,Y0T5,0-5 years,52.773,6,,,52773000.0
2013,13,Basel-Landschaft,Y0T5,0-5 years,53.663,6,,,53663000.0
2014,13,Basel-Landschaft,Y0T5,0-5 years,54.938,6,,,54938000.0
2015,13,Basel-Landschaft,Y0T5,0-5 years,57.299,6,,,57299000.0
2016,13,Basel-Landschaft,Y0T5,0-5 years,62.097,6,,,62097000.0
2017,13,Basel-Landschaft,Y0T5,0-5 years,74.25,6,,,74250000.0
2018,13,Basel-Landschaft,Y0T5,0-5 years,71.56,6,,,71560000.0
2019,13,Basel-Landschaft,Y0T5,0-5 years,66.459,6,,,66459000.0
2020,13,Basel-Landschaft,Y0T5,0-5 years,70.363,6,,,70363000.0
2021,13,Basel-Landschaft,Y0T5,0-5 years,71.067,6,,,71067000.0
2022,13,Basel-Landschaft,Y0T5,0-5 years,76.467,6,,,76467000.0
2023,13,Basel-Landschaft,Y0T5,0-5 years,70.735,6,,,70735000.0
2024,13,Basel-Landschaft,Y0T5,0-5 years,75.71,6,,,75710000.0
2011,14,Schaffhausen,Y0T5,0-5 years,12.383,6,,,12383000.0
2012,14,Schaffhausen,Y0T5,0-5 years,13.683,6,,,13683000.0
2013,14,Schaffhausen,Y0T5,0-5 years,14.257,6,,,14257000.0
2014,14,Schaffhausen,Y0T5,0-5 years,14.798,6,,,14798000.0
2015,14,Schaffhausen,Y0T5,0-5 years,16.618,6,,,16617999.999999998
2016,14,Schaffhausen,Y0T5,0-5 years,15.296,6,,,15296000.0
2017,14,Schaffhausen,Y0T5,0-5 years,15.684,6,,,15684000.0
2018,14,Schaffhausen,Y0T5,0-5 years,16.169,6,,,16169000.0
2019,14,Schaffhausen,Y0T5,0-5 years,16.313,6,,,16312999.999999998
2020,14,Schaffhausen,Y0T5,0-5 years,16.398,6,,,16398000.0
2021,14,Schaffhausen,Y0T5,0-5 years,21.537,6,,,21537000.0
2022,14,Schaffhausen,Y0T5,0-5 years,21.402,6,,,21402000.0
2023,14,Schaffhausen,Y0T5,0-5 years,19.086,6,,,19086000.0
2024,14,Schaffhausen,Y0T5,0-5 years,19.046,6,,,19046000.0
2011,15,Appenzell Ausserrhoden,Y0T5,0-5 years,7.264,6,,,7264000.0
2012,15,Appenzell Ausserrhoden,Y0T5,0-5 years,7.838,6,,,7838000.0
2013,15,Appenzell Ausserrhoden,Y0T5,0-5 years,8.278,6,,,8278000.000000001
2014,15,Appenzell Ausserrhoden,Y0T5,0-5 years,8.65,6,,,8650000.0
2015,15,Appenzell Ausserrhoden,Y0T5,0-5 years,9.277,6,,,9277000.0
2016,15,Appenzell Ausserrhoden,Y0T5,0-5 years,9.948,6,,,9948000.0
2017,15,Appenzell Ausserrhoden,Y0T5,0-5 years,10.283,6,,,10283000.0
2018,15,Appenzell Ausserrhoden,Y0T5,0-5 years,12.687,6,,,12687000.0
2019,15,Appenzell Ausserrhoden,Y0T5,0-5 years,12.598,6,,,12598000.0
2020,15,Appenzell Ausserrhoden,Y0T5,0-5 years,10.196,6,,,10196000.0
2021,15,Appenzell Ausserrhoden,Y0T5,0-5 years,11.19,6,,,11190000.0
2022,15,Appenzell Ausserrhoden,Y0T5,0-5 years,11.689,6,,,11689000.0
2023,15,Appenzell Ausserrhoden,Y0T5,0-5 years,12.16,6,,,12160000.0
2024,15,Appenzell Ausserrhoden,Y0T5,0-5 years,10.337,6,,,10337000.0
2011,16,Appenzell Innerrhoden,Y0T5,0-5 years,2.085,6,,,2085000.0
2012,16,Appenzell Innerrhoden,Y0T5,0-5 years,2.313,6,,,2313000.0
2013,16,Appenzell Innerrhoden,Y0T5,0-5 years,2.458,6,,,2458000.0
2014,16,Appenzell Innerrhoden,Y0T5,0-5 years,2.468,6,,,2468000.0
2015,16,Appenzell Innerrhoden,Y0T5,0-5 years,2.548,6,,,2548000.0
2016,16,Appenzell Innerrhoden,Y0T5,0-5 years,2.847,6,,,2847000.0
2017,16,Appenzell Innerrhoden,Y0T5,0-5 years,2.898,6,,,2898000.0
2018,16,Appenzell Innerrhoden,Y0T5,0-5 years,2.473,6,,,2473000.0
2019,16,Appenzell Innerrhoden,Y0T5,0-5 years,2.533,6,,,2533000.0
2020,16,Appenzell Innerrhoden,Y0T5,0-5 years,3.026,6,,,3026000.0
2021,16,Appenzell Innerrhoden,Y0T5,0-5 years,3.259,6,,,3259000.0
2022,16,Appenzell Innerrhoden,Y0T5,0-5 years,3.338,6,,,3338000.0
2023,16,Appenzell Innerrhoden,Y0T5,0-5 years,3.614,6,,,3614000.0
2024,16,Appenzell Innerrhoden,Y0T5,0-5 years,4.335,6,,,4335000.0
2011,17,St. Gallen,Y0T5,0-5 years,85.336,6,,,85336000.0
2012,17,St. Gallen,Y0T5,0-5 years,92.257,6,,,92257000.0
2013,17,St. Gallen,Y0T5,0-5 years,96.651,6,,,96651000.0
2014,17,St. Gallen,Y0T5,0-5 years,100.408,6,,,100408000.0
2015,17,St. Gallen,Y0T5,0-5 years,104.335,6,,,104335000.0
2016,17,St. Gallen,Y0T5,0-5 years,112.346,6,,,112346000.0
2017,17,St. Gallen,Y0T5,0-5 years,113.829,6,,,113829000.0
2018,17,St. Gallen,Y0T5,0-5 years,113.119,6,,,113119000.0
2019,17,St. Gallen,Y0T5,0-5 years,108.964,6,,,108964000.0
2020,17,St. Gallen,Y0T5,0-5 years,115.14,6,,,115140000.0
2021,17,St. Gallen,Y0T5,0-5 years,126.581,6,,,126581000.0
2022,17,St. Gallen,Y0T5,0-5 years,132.881,6,,,132881000.0
2023,17,St. Gallen,Y0T5,0-5 years,124.014,6,,,124014000.0
2024,17,St. Gallen,Y0T5,0-5 years,124.162,6,,,124162000.0
2011,18,Graubünden,Y0T5,0-5 years,36.936,6,,,36936000.0
2012,18,Graubünden,Y0T5,0-5 years,39.616,6,,,39616000.0
2013,18,Graubünden,Y0T5,0-5 years,41.668,6,,,41668000.0
2014,18,Graubünden,Y0T5,0-5 years,42.117,6,,,42117000.0
2015,18,Graubünden,Y0T5,0-5 years,43.631,6,,,43631000.0
2016,18,Graubünden,Y0T5,0-5 years,45.15,6,,,45150000.0
2017,18,Graubünden,Y0T5,0-5 years,46.117,6,,,46117000.0
2018,18,Graubünden,Y0T5,0-5 years,44.831,6,,,44831000.0
2019,18,Graubünden,Y0T5,0-5 years,47.322,6,,,47322000.0
2020,18,Graubünden,Y0T5,0-5 years,42.415,6,,,42415000.0
2021,18,Graubünden,Y0T5,0-5 years,48.725,6,,,48725000.0
2022,18,Graubünden,Y0T5,0-5 years,44.601,6,,,44601000.0
2023,18,Graubünden,Y0T5,0-5 years,41.488,6,,,41488000.0
2024,18,Graubünden,Y0T5,0-5 years,41.382,6,,,41382000.0
2011,19,Aargau,Y0T5,0-5 years,117.719,6,,,117719000.0
2012,19,Aargau,Y0T5,0-5 years,123.575,6,,,123575000.0
2013,19,Aargau,Y0T5,0-5 years,134.027,6,,,134026999.99999999
2014,19,Aargau,Y0T5,0-5 years,134.52,6,,,134520000.0
2015,19,Aargau,Y0T5,0-5 years,141.062,6,,,141062000.0
2016,19,Aargau,Y0T5,0-5 years,147.476,6,,,147476000.0
2017,19,Aargau,Y0T5,0-5 years,150.214,6,,,150214000.0
2018,19,Aargau,Y0T5,0-5 years,152.32,6,,,152320000.0
2019,19,Aargau,Y0T5,0-5 years,167.402,6,,,167402000.0
2020,19,Aargau,Y0T5,0-5 years,151.969,6,,,151969000.0
2021,19,Aargau,Y0T5,0-5 years,170.969,6,,,170969000.0
2022,19,Aargau,Y0T5,0-5 years,190.309,6,,,190309000.0
2023,19,Aargau,Y0T5,0-5 years,196.796,6,,,196796000.0
2024,19,Aargau,Y0T5,0-5 years,173.996,6,,,173996000.0
2011,20,Thurgau,Y0T5,0-5 years,39.123,6,,,39123000.0
2012,20,Thurgau,Y0T5,0-5 years,41.561,6,,,41561000.0
2013,20,Thurgau,Y0T5,0-5 years,44.104,6,,,44104000.0
2014,20,Thurgau,Y0T5,0-5 years,45.362,6,,,45362000.0
2015,20,Thurgau,Y0T5,0-5 years,47.231,6,,,47231000.0
2016,20,Thurgau,Y0T5,0-5 years,50.445,6,,,50445000.0
2017,20,Thurgau,Y0T5,0-5 years,51.657,6,,,51657000.0
2018,20,Thurgau,Y0T5,0-5 years,60.562,6,,,60562000.0
2019,20,Thurgau,Y0T5,0-5 years,60.483,6,,,60483000.0
2020,20,Thurgau,Y0T5,0-5 years,59.247,6,,,59247000.0
2021,20,Thurgau,Y0T5,0-5 years,64.615,6,,,64614999.99999999
2022,20,Thurgau,Y0T5,0-5 years,65.599,6,,,65599000.00000001
2023,20,Thurgau,Y0T5,0-5 years,63.975,6,,,63975000.0
2024,20,Thurgau,Y0T5,0-5 years,66.109,6,,,66108999.99999999
2011,21,Ticino,Y0T5,0-5 years,57.643,6,,,57643000.0
2012,21,Ticino,Y0T5,0-5 years,58.938,6,,,58938000.0
2013,21,Ticino,Y0T5,0-5 years,61.282,6,,,61282000.0
2014,21,Ticino,Y0T5,0-5 years,63.747,6,,,63747000.0
2015,21,Ticino,Y0T5,0-5 years,65.265,6,,,65265000.0
2016,21,Ticino,Y0T5,0-5 years,66.565,6,,,66565000.0
2017,21,Ticino,Y0T5,0-5 years,68.13,6,,,68130000.0
2018,21,Ticino,Y0T5,0-5 years,71.694,6,,,71694000.0
2019,21,Ticino,Y0T5,0-5 years,71.882,6,,,71882000.0
2020,21,Ticino,Y0T5,0-5 years,70.268,6,,,70268000.0
2021,21,Ticino,Y0T5,0-5 years,73.667,6,,,73667000.0
2022,21,Ticino,Y0T5,0-5 years,79.554,6,,,79554000.0
2023,21,Ticino,Y0T5,0-5 years,76.406,6,,,76406000.0
2024,21,Ticino,Y0T5,0-5 years,80.814,6,,,80814000.0
2011,22,Vaud,Y0T5,0-5 years,196.929,6,,,196929000.0
2012,22,Vaud,Y0T5,0-5 years,207.376,6,,,207376000.0
2013,22,Vaud,Y0T5,0-5 years,214.275,6,,,214275000.0
2014,22,Vaud,Y0T5,0-5 years,222.386,6,,,222386000.0
2015,22,Vaud,Y0T5,0-5 years,228.945,6,,,228945000.0
2016,22,Vaud,Y0T5,0-5 years,235.468,6,,,235468000.0
2017,22,Vaud,Y0T5,0-5 years,242.771,6,,,242771000.0
2018,22,Vaud,Y0T5,0-5 years,246.072,6,,,246072000.0
2019,22,Vaud,Y0T5,0-5 years,236.662,6,,,236662000.0
2020,22,Vaud,Y0T5,0-5 years,234.12,6,,,234120000.0
2021,22,Vaud,Y0T5,0-5 years,261.857,6,,,261857000.00000003
2022,22,Vaud,Y0T5,0-5 years,272.965,6,,,272965000.0
2023,22,Vaud,Y0T5,0-5 years,270.986,6,,,270986000.0
2024,22,Vaud,Y0T5,0-5 years,272.52,6,,,272520000.0
2011,23,Valais,Y0T5,0-5 years,60.279,6,,,60279000.0
2012,23,Valais,Y0T5,0-5 years,62.607,6,,,62607000.0
2013,23,Valais,Y0T5,0-5 years,65.972,6,,,65971999.99999999
2014,23,Valais,Y0T5,0-5 years,66.667,6,,,66667000.0
2015,23,Valais,Y0T5,0-5 years,69.573,6,,,69573000.0
2016,23,Valais,Y0T5,0-5 years,85.346,6,,,85346000.0
2017,23,Valais,Y0T5,0-5 years,73.638,6,,,73638000.0
2018,23,Valais,Y0T5,0-5 years,83.301,6,,,83301000.0
2019,23,Valais,Y0T5,0-5 years,81.99,6,,,81990000.0
2020,23,Valais,Y0T5,0-5 years,81.581,6,,,81581000.0
2021,23,Valais,Y0T5,0-5 years,79.366,6,,,79366000.0
2022,23,Valais,Y0T5,0-5 years,87.649,6,,,87649000.0
2023,23,Valais,Y0T5,0-5 years,106.976,6,,,106976000.0
2024,23,Valais,Y0T5,0-5 years,72.525,6,,,72525000.0
2011,24,Neuchâtel,Y0T5,0-5 years,34.212,6,,,34212000.0
2012,24,Neuchâtel,Y0T5,0-5 years,36.177,6,,,36177000.0
2013,24,Neuchâtel,Y0T5,0-5 years,37.332,6,,,37332000.0
2014,24,Neuchâtel,Y0T5,0-5 years,37.943,6,,,37943000.0
2015,24,Neuchâtel,Y0T5,0-5 years,38.98,6,,,38980000.0
2016,24,Neuchâtel,Y0T5,0-5 years,41.116,6,,,41116000.0
2017,24,Neuchâtel,Y0T5,0-5 years,42.644,6,,,42644000.0
2018,24,Neuchâtel,Y0T5,0-5 years,43.875,6,,,43875000.0
2019,24,Neuchâtel,Y0T5,0-5 years,40.774,6,,,40774000.0
2020,24,Neuchâtel,Y0T5,0-5 years,38.634,6,,,38634000.0
2021,24,Neuchâtel,Y0T5,0-5 years,45.324,6,,,45324000.0
2022,24,Neuchâtel,Y0T5,0-5 years,48.502,6,,,48502000.0
2023,24,Neuchâtel,Y0T5,0-5 years,45.602,6,,,45602000.0
2024,24,Neuchâtel,Y0T5,0-5 years,48.557,6,,,48557000.0
2011,25,Genève,Y0T5,0-5 years,137.068,6,,,137068000.0
2012,25,Genève,Y0T5,0-5 years,144.177,6,,,144177000.0
2013,25,Genève,Y0T5,0-5 years,149.529,6,,,149529000.0
2014,25,Genève,Y0T5,0-5 years,152.818,6,,,152818000.0
2015,25,Genève,Y0T5,0-5 years,160.225,6,,,160225000.0
2016,25,Genève,Y0T5,0-5 years,167.95,6,,,167950000.0
2017,25,Genève,Y0T5,0-5 years,172.178,6,,,172178000.0
2018,25,Genève,Y0T5,0-5 years,175.166,6,,,175166000.0
2019,25,Genève,Y0T5,0-5 years,180.957,6,,,180957000.0
2020,25,Genève,Y0T5,0-5 years,160.85,6,,,160850000.0
2021,25,Genève,Y0T5,0-5 years,179.757,6,,,179757000.0
2022,25,Genève,Y0T5,0-5 years,183.269,6,,,183269000.0
2023,25,Genève,Y0T5,0-5 years,190.656,6,,,190656000.0
2024,25,Genève,Y0T5,0-5 years,194.317,6,,,194317000.0
2011,26,Jura,Y0T5,0-5 years,13.33,6,,,13330000.0
2012,26,Jura,Y0T5,0-5 years,13.759,6,,,13759000.0
2013,26,Jura,Y0T5,0-5 years,14.65,6,,,14650000.0
2014,26,Jura,Y0T5,0-5 years,15.325,6,,,15325000.0
2015,26,Jura,Y0T5,0-5 years,15.295,6,,,15295000.0
2016,26,Jura,Y0T5,0-5 years,16.205,6,,,16204999.999999998
2017,26,Jura,Y0T5,0-5 years,16.111,6,,,16111000.0
2018,26,Jura,Y0T5,0-5 years,16.713,6,,,16713000.000000002
2019,26,Jura,Y0T5,0-5 years,17.608,6,,,17608000.0
2020,26,Jura,Y0T5,0-5 years,21.35,6,,,21350000.0
2021,26,Jura,Y0T5,0-5 years,21.049,6,,,21049000.0
2022,26,Jura,Y0T5,0-5 years,23.091,6,,,23091000.0
2023,26,Jura,Y0T5,0-5 years,20.924,6,,,20924000.0
2024,26,Jura,Y0T5,0-5 years,18.134,6,,,18134000.0
2011,_T,Total,Y6T10,6-10 years,753.178,6,,,753178000.0
2012,_T,Total,Y6T10,6-10 years,759.511,6,,,759511000.0
2013,_T,Total,Y6T10,6-10 years,816.659,6,,,816659000.0
2014,_T,Total,Y6T10,6-10 years,834.784,6,,,834784000.0
2015,_T,Total,Y6T10,6-10 years,864.73,6,,,864730000.0
2016,_T,Total,Y6T10,6-10 years,943.082,6,,,943082000.0
2017,_T,Total,Y6T10,6-10 years,938.985,6,,,938985000.0
2018,_T,Total,Y6T10,6-10 years,960.917,6,,,960917000.0
2019,_T,Total,Y6T10,6-10 years,1014.511,6,,,1014511000.0
2020,_T,Total,Y6T10,6-10 years,1051.279,6,,,1051279000.0
2021,_T,Total,Y6T10,6-10 years,1151.762,6,,,1151762000.0
2022,_T,Total,Y6T10,6-10 years,1210.193,6,,,1210193000.0
2023,_T,Total,Y6T10,6-10 years,1224.596,6,,,1224596000.0
2024,_T,Total,Y6T10,6-10 years,1255.321,6,,,1255321000.0
2011,1,Zürich,Y6T10,6-10 years,128.961,6,,,128961000.00000001
2012,1,Zürich,Y6T10,6-10 years,128.895,6,,,128895000.00000001
2013,1,Zürich,Y6T10,6-10 years,141.168,6,,,141168000.0
2014,1,Zürich,Y6T10,6-10 years,143.425,6,,,143425000.0
2015,1,Zürich,Y6T10,6-10 years,148.934,6,,,148934000.0
2016,1,Zürich,Y6T10,6-10 years,163.661,6,,,163661000.0
2017,1,Zürich,Y6T10,6-10 years,161.778,6,,,161778000.0
2018,1,Zürich,Y6T10,6-10 years,160.172,6,,,160172000.0
2019,1,Zürich,Y6T10,6-10 years,172.446,6,,,172446000.0
2020,1,Zürich,Y6T10,6-10 years,178.379,6,,,178379000.0
2021,1,Zürich,Y6T10,6-10 years,197.206,6,,,197206000.0
2022,1,Zürich,Y6T10,6-10 years,206.202,6,,,206202000.0
2023,1,Zürich,Y6T10,6-10 years,212.38,6,,,212380000.0
2024,1,Zürich,Y6T10,6-10 years,220.259,6,,,220259000.0
2011,2,Bern,Y6T10,6-10 years,85.21,6,,,85210000.0
2012,2,Bern,Y6T10,6-10 years,84.383,6,,,84383000.0
2013,2,Bern,Y6T10,6-10 years,90.955,6,,,90955000.0
2014,2,Bern,Y6T10,6-10 years,92.13,6,,,92130000.0
2015,2,Bern,Y6T10,6-10 years,96.527,6,,,96527000.0
2016,2,Bern,Y6T10,6-10 years,103.146,6,,,103146000.0
2017,2,Bern,Y6T10,6-10 years,103.274,6,,,103274000.0
2018,2,Bern,Y6T10,6-10 years,110.938,6,,,110938000.0
2019,2,Bern,Y6T10,6-10 years,114.33,6,,,114330000.0
2020,2,Bern,Y6T10,6-10 years,119.194,6,,,119194000.0
2021,2,Bern,Y6T10,6-10 years,127.891,6,,,127891000.0
2022,2,Bern,Y6T10,6-10 years,134.856,6,,,134856000.0
2023,2,Bern,Y6T10,6-10 years,131.413,6,,,131413000.00000001
2024,2,Bern,Y6T10,6-10 years,133.848,6,,,133848000.00000001
2011,3,Luzern,Y6T10,6-10 years,31.415,6,,,31415000.0
2012,3,Luzern,Y6T10,6-10 years,32.36,6,,,32360000.0
2013,3,Luzern,Y6T10,6-10 years,35.245,6,,,35245000.0
2014,3,Luzern,Y6T10,6-10 years,35.769,6,,,35769000.0
2015,3,Luzern,Y6T10,6-10 years,37.405,6,,,37405000.0
2016,3,Luzern,Y6T10,6-10 years,42.147,6,,,42147000.0
2017,3,Luzern,Y6T10,6-10 years,40.946,6,,,40946000.0
2018,3,Luzern,Y6T10,6-10 years,39.277,6,,,39277000.0
2019,3,Luzern,Y6T10,6-10 years,43.304,6,,,43304000.0
2020,3,Luzern,Y6T10,6-10 years,45.47,6,,,45470000.0
2021,3,Luzern,Y6T10,6-10 years,51.193,6,,,51193000.0
2022,3,Luzern,Y6T10,6-10 years,50.855,6,,,50855000.0
2023,3,Luzern,Y6T10,6-10 years,54.007,6,,,54007000.0
2024,3,Luzern,Y6T10,6-10 years,56.352,6,,,56352000.0
2011,4,Uri,Y6T10,6-10 years,2.706,6,,,2706000.0
2012,4,Uri,Y6T10,6-10 years,2.825,6,,,2825000.0
2013,4,Uri,Y6T10,6-10 years,2.962,6,,,2962000.0
2014,4,Uri,Y6T10,6-10 years,3.081,6,,,3081000.0
2015,4,Uri,Y6T10,6-10 years,3.146,6,,,3146000.0
2016,4,Uri,Y6T10,6-10 years,3.547,6,,,3547000.0
2017,4,Uri,Y6T10,6-10 years,3.33,6,,,3330000.0
2018,4,Uri,Y6T10,6-10 years,4.266,6,,,4266000.0
2019,4,Uri,Y6T10,6-10 years,3.391,6,,,3391000.0
2020,4,Uri,Y6T10,6-10 years,3.283,6,,,3283000.0
2021,4,Uri,Y6T10,6-10 years,3.785,6,,,3785000.0
2022,4,Uri,Y6T10,6-10 years,3.853,6,,,3853000.0
2023,4,Uri,Y6T10,6-10 years,3.672,6,,,3672000.0
2024,4,Uri,Y6T10,6-10 years,3.922,6,,,3922000.0
2011,5,Schwyz,Y6T10,6-10 years,12.689,6,,,12689000.0
2012,5,Schwyz,Y6T10,6-10 years,13.348,6,,,13348000.0
2013,5,Schwyz,Y6T10,6-10 years,14.494,6,,,14494000.0
2014,5,Schwyz,Y6T10,6-10 years,14.302,6,,,14302000.0
2015,5,Schwyz,Y6T10,6-10 years,14.531,6,,,14531000.0
2016,5,Schwyz,Y6T10,6-10 years,15.905,6,,,15905000.0
2017,5,Schwyz,Y6T10,6-10 years,15.323,6,,,15323000.0
2018,5,Schwyz,Y6T10,6-10 years,15.01,6,,,15010000.0
2019,5,Schwyz,Y6T10,6-10 years,16.011,6,,,16011000.0
2020,5,Schwyz,Y6T10,6-10 years,16.996,6,,,16996000.0
2021,5,Schwyz,Y6T10,6-10 years,18.326,6,,,18326000.0
2022,5,Schwyz,Y6T10,6-10 years,19.44,6,,,19440000.0
2023,5,Schwyz,Y6T10,6-10 years,19.013,6,,,19013000.0
2024,5,Schwyz,Y6T10,6-10 years,19.523,6,,,19523000.0
2011,6,Obwalden,Y6T10,6-10 years,3.49,6,,,3490000.0
2012,6,Obwalden,Y6T10,6-10 years,3.436,6,,,3436000.0
2013,6,Obwalden,Y6T10,6-10 years,3.647,6,,,3647000.0
2014,6,Obwalden,Y6T10,6-10 years,3.549,6,,,3549000.0
2015,6,Obwalden,Y6T10,6-10 years,3.744,6,,,3744000.0
2016,6,Obwalden,Y6T10,6-10 years,4.548,6,,,4548000.0
2017,6,Obwalden,Y6T10,6-10 years,3.801,6,,,3801000.0
2018,6,Obwalden,Y6T10,6-10 years,3.712,6,,,3712000.0
2019,6,Obwalden,Y6T10,6-10 years,4.279,6,,,4279000.0
2020,6,Obwalden,Y6T10,6-10 years,4.771,6,,,4771000.0
2021,6,Obwalden,Y6T10,6-10 years,4.521,6,,,4521000.0
2022,6,Obwalden,Y6T10,6-10 years,4.88,6,,,4880000.0
2023,6,Obwalden,Y6T10,6-10 years,4.776,6,,,4776000.0
2024,6,Obwalden,Y6T10,6-10 years,4.959,6,,,4959000.0
2011,7,Nidwalden,Y6T10,6-10 years,2.757,6,,,2757000.0
2012,7,Nidwalden,Y6T10,6-10 years,3.154,6,,,3154000.0
2013,7,Nidwalden,Y6T10,6-10 years,3.322,6,,,3322000.0
2014,7,Nidwalden,Y6T10,6-10 years,3.137,6,,,3137000.0
2015,7,Nidwalden,Y6T10,6-10 years,3.278,6,,,3278000.0
2016,7,Nidwalden,Y6T10,6-10 years,4.501,6,,,4501000.0
2017,7,Nidwalden,Y6T10,6-10 years,3.315,6,,,3315000.0
2018,7,Nidwalden,Y6T10,6-10 years,3.376,6,,,3376000.0
2019,7,Nidwalden,Y6T10,6-10 years,3.735,6,,,3735000.0
2020,7,Nidwalden,Y6T10,6-10 years,3.858,6,,,3858000.0
2021,7,Nidwalden,Y6T10,6-10 years,4.658,6,,,4658000.0
2022,7,Nidwalden,Y6T10,6-10 years,4.523,6,,,4523000.0
2023,7,Nidwalden,Y6T10,6-10 years,4.564,6,,,4564000.0
2024,7,Nidwalden,Y6T10,6-10 years,5.235,6,,,5235000.0
2011,8,Glarus,Y6T10,6-10 years,3.716,6,,,3716000.0
2012,8,Glarus,Y6T10,6-10 years,3.568,6,,,3568000.0
2013,8,Glarus,Y6T10,6-10 years,3.953,6,,,3953000.0
2014,8,Glarus,Y6T10,6-10 years,4.001,6,,,4001000.0000000005
2015,8,Glarus,Y6T10,6-10 years,3.862,6,,,3862000.0
2016,8,Glarus,Y6T10,6-10 years,4.071,6,,,4070999.9999999995
2017,8,Glarus,Y6T10,6-10 years,4.222,6,,,4222000.0
2018,8,Glarus,Y6T10,6-10 years,4.278,6,,,4278000.0
2019,8,Glarus,Y6T10,6-10 years,4.798,6,,,4798000.0
2020,8,Glarus,Y6T10,6-10 years,5.789,6,,,5789000.0
2021,8,Glarus,Y6T10,6-10 years,5.491,6,,,5491000.0
2022,8,Glarus,Y6T10,6-10 years,5.712,6,,,5712000.0
2023,8,Glarus,Y6T10,6-10 years,5.98,6,,,5980000.0
2024,8,Glarus,Y6T10,6-10 years,6.274,6,,,6274000.0
2011,9,Zug,Y6T10,6-10 years,8.749,6,,,8749000.0
2012,9,Zug,Y6T10,6-10 years,8.972,6,,,8972000.0
2013,9,Zug,Y6T10,6-10 years,9.654,6,,,9654000.0
2014,9,Zug,Y6T10,6-10 years,9.471,6,,,9471000.0
2015,9,Zug,Y6T10,6-10 years,9.966,6,,,9966000.0
2016,9,Zug,Y6T10,6-10 years,11.113,6,,,11113000.0
2017,9,Zug,Y6T10,6-10 years,10.98,6,,,10980000.0
2018,9,Zug,Y6T10,6-10 years,11.819,6,,,11819000.0
2019,9,Zug,Y6T10,6-10 years,13.362,6,,,13362000.0
2020,9,Zug,Y6T10,6-10 years,14.699,6,,,14699000.0
2021,9,Zug,Y6T10,6-10 years,14.985,6,,,14985000.0
2022,9,Zug,Y6T10,6-10 years,15.357,6,,,15357000.0
2023,9,Zug,Y6T10,6-10 years,15.824,6,,,15824000.0
2024,9,Zug,Y6T10,6-10 years,15.352,6,,,15352000.0
2011,10,Fribourg,Y6T10,6-10 years,29.049,6,,,29049000.0
2012,10,Fribourg,Y6T10,6-10 years,29.764,6,,,29764000.0
2013,10,Fribourg,Y6T10,6-10 years,33.836,6,,,33836000.0
2014,10,Fribourg,Y6T10,6-10 years,34.606,6,,,34606000.0
2015,10,Fribourg,Y6T10,6-10 years,36.406,6,,,36406000.0
2016,10,Fribourg,Y6T10,6-10 years,39.193,6,,,39193000.0
2017,10,Fribourg,Y6T10,6-10 years,39.371,6,,,39371000.0
2018,10,Fribourg,Y6T10,6-10 years,40.418,6,,,40418000.0
2019,10,Fribourg,Y6T10,6-10 years,41.049,6,,,41049000.0
2020,10,Fribourg,Y6T10,6-10 years,43.856,6,,,43856000.0
2021,10,Fribourg,Y6T10,6-10 years,48.034,6,,,48034000.0
2022,10,Fribourg,Y6T10,6-10 years,52.069,6,,,52069000.0
2023,10,Fribourg,Y6T10,6-10 years,50.322,6,,,50322000.0
2024,10,Fribourg,Y6T10,6-10 years,53.927,6,,,53927000.0
2011,11,Solothurn,Y6T10,6-10 years,23.203,6,,,23203000.0
2012,11,Solothurn,Y6T10,6-10 years,24.507,6,,,24507000.0
2013,11,Solothurn,Y6T10,6-10 years,26.146,6,,,26146000.0
2014,11,Solothurn,Y6T10,6-10 years,24.342,6,,,24342000.0
2015,11,Solothurn,Y6T10,6-10 years,25.212,6,,,25212000.0
2016,11,Solothurn,Y6T10,6-10 years,27.577,6,,,27577000.0
2017,11,Solothurn,Y6T10,6-10 years,30.199,6,,,30199000.0
2018,11,Solothurn,Y6T10,6-10 years,28.556,6,,,28556000.0
2019,11,Solothurn,Y6T10,6-10 years,29.289,6,,,29289000.0
2020,11,Solothurn,Y6T10,6-10 years,31.83,6,,,31830000.0
2021,11,Solothurn,Y6T10,6-10 years,36.315,6,,,36315000.0
2022,11,Solothurn,Y6T10,6-10 years,35.958,6,,,35958000.0
2023,11,Solothurn,Y6T10,6-10 years,37.261,6,,,37261000.0
2024,11,Solothurn,Y6T10,6-10 years,38.462,6,,,38462000.0
2011,12,Basel-Stadt,Y6T10,6-10 years,19.566,6,,,19566000.0
2012,12,Basel-Stadt,Y6T10,6-10 years,19.4,6,,,19400000.0
2013,12,Basel-Stadt,Y6T10,6-10 years,20.229,6,,,20229000.0
2014,12,Basel-Stadt,Y6T10,6-10 years,20.742,6,,,20742000.0
2015,12,Basel-Stadt,Y6T10,6-10 years,21.844,6,,,21844000.0
2016,12,Basel-Stadt,Y6T10,6-10 years,25.184,6,,,25184000.0
2017,12,Basel-Stadt,Y6T10,6-10 years,24.808,6,,,24808000.0
2018,12,Basel-Stadt,Y6T10,6-10 years,22.667,6,,,22667000.0
2019,12,Basel-Stadt,Y6T10,6-10 years,26.913,6,,,26913000.0
2020,12,Basel-Stadt,Y6T10,6-10 years,26.398,6,,,26398000.0
2021,12,Basel-Stadt,Y6T10,6-10 years,27.827,6,,,27827000.0
2022,12,Basel-Stadt,Y6T10,6-10 years,30.362,6,,,30362000.0
2023,12,Basel-Stadt,Y6T10,6-10 years,27.898,6,,,27898000.0
2024,12,Basel-Stadt,Y6T10,6-10 years,27.895,6,,,27895000.0
2011,13,Basel-Landschaft,Y6T10,6-10 years,27.108,6,,,27108000.0
2012,13,Basel-Landschaft,Y6T10,6-10 years,27.056,6,,,27056000.0
2013,13,Basel-Landschaft,Y6T10,6-10 years,29.577,6,,,29577000.0
2014,13,Basel-Landschaft,Y6T10,6-10 years,29.652,6,,,29652000.0
2015,13,Basel-Landschaft,Y6T10,6-10 years,30.345,6,,,30345000.0
2016,13,Basel-Landschaft,Y6T10,6-10 years,33.182,6,,,33182000.000000004
2017,13,Basel-Landschaft,Y6T10,6-10 years,32.997,6,,,32997000.0
2018,13,Basel-Landschaft,Y6T10,6-10 years,34.532,6,,,34532000.0
2019,13,Basel-Landschaft,Y6T10,6-10 years,36.865,6,,,36865000.0
2020,13,Basel-Landschaft,Y6T10,6-10 years,37.744,6,,,37744000.0
2021,13,Basel-Landschaft,Y6T10,6-10 years,40.363,6,,,40363000.0
2022,13,Basel-Landschaft,Y6T10,6-10 years,42.951,6,,,42951000.0
2023,13,Basel-Landschaft,Y6T10,6-10 years,43.468,6,,,43468000.0
2024,13,Basel-Landschaft,Y6T10,6-10 years,43.121,6,,,43121000.0
2011,14,Schaffhausen,Y6T10,6-10 years,6.356,6,,,6356000.0
2012,14,Schaffhausen,Y6T10,6-10 years,6.017,6,,,6017000.0
2013,14,Schaffhausen,Y6T10,6-10 years,6.665,6,,,6665000.0
2014,14,Schaffhausen,Y6T10,6-10 years,6.646,6,,,6646000.0
2015,14,Schaffhausen,Y6T10,6-10 years,7.311,6,,,7311000.0
2016,14,Schaffhausen,Y6T10,6-10 years,7.399,6,,,7399000.0
2017,14,Schaffhausen,Y6T10,6-10 years,7.334,6,,,7334000.0
2018,14,Schaffhausen,Y6T10,6-10 years,6.87,6,,,6870000.0
2019,14,Schaffhausen,Y6T10,6-10 years,7.437,6,,,7437000.0
2020,14,Schaffhausen,Y6T10,6-10 years,8.477,6,,,8477000.0
2021,14,Schaffhausen,Y6T10,6-10 years,9.211,6,,,9211000.0
2022,14,Schaffhausen,Y6T10,6-10 years,9.796,6,,,9796000.0
2023,14,Schaffhausen,Y6T10,6-10 years,9.086,6,,,9086000.0
2024,14,Schaffhausen,Y6T10,6-10 years,10.432,6,,,10432000.0
2011,15,Appenzell Ausserrhoden,Y6T10,6-10 years,3.955,6,,,3955000.0
2012,15,Appenzell Ausserrhoden,Y6T10,6-10 years,3.92,6,,,3920000.0
2013,15,Appenzell Ausserrhoden,Y6T10,6-10 years,4.373,6,,,4373000.0
2014,15,Appenzell Ausserrhoden,Y6T10,6-10 years,4.2,6,,,4200000.0
2015,15,Appenzell Ausserrhoden,Y6T10,6-10 years,4.523,6,,,4523000.0
2016,15,Appenzell Ausserrhoden,Y6T10,6-10 years,4.816,6,,,4816000.0
2017,15,Appenzell Ausserrhoden,Y6T10,6-10 years,4.591,6,,,4591000.0
2018,15,Appenzell Ausserrhoden,Y6T10,6-10 years,4.798,6,,,4798000.0
2019,15,Appenzell Ausserrhoden,Y6T10,6-10 years,5.668,6,,,5668000.0
2020,15,Appenzell Ausserrhoden,Y6T10,6-10 years,5.886,6,,,5886000.0
2021,15,Appenzell Ausserrhoden,Y6T10,6-10 years,6.729,6,,,6729000.0
2022,15,Appenzell Ausserrhoden,Y6T10,6-10 years,7.134,6,,,7134000.0
2023,15,Appenzell Ausserrhoden,Y6T10,6-10 years,7.769,6,,,7769000.0
2024,15,Appenzell Ausserrhoden,Y6T10,6-10 years,7.704,6,,,7704000.0
2011,16,Appenzell Innerrhoden,Y6T10,6-10 years,1.221,6,,,1221000.0
2012,16,Appenzell Innerrhoden,Y6T10,6-10 years,1.198,6,,,1198000.0
2013,16,Appenzell Innerrhoden,Y6T10,6-10 years,1.127,6,,,1127000.0
2014,16,Appenzell Innerrhoden,Y6T10,6-10 years,1.14,6,,,1140000.0
2015,16,Appenzell Innerrhoden,Y6T10,6-10 years,1.281,6,,,1281000.0
2016,16,Appenzell Innerrhoden,Y6T10,6-10 years,1.469,6,,,1469000.0
2017,16,Appenzell Innerrhoden,Y6T10,6-10 years,1.301,6,,,1301000.0
2018,16,Appenzell Innerrhoden,Y6T10,6-10 years,1.365,6,,,1365000.0
2019,16,Appenzell Innerrhoden,Y6T10,6-10 years,1.53,6,,,1530000.0
2020,16,Appenzell Innerrhoden,Y6T10,6-10 years,1.648,6,,,1648000.0
2021,16,Appenzell Innerrhoden,Y6T10,6-10 years,2.074,6,,,2073999.9999999998
2022,16,Appenzell Innerrhoden,Y6T10,6-10 years,1.955,6,,,1955000.0
2023,16,Appenzell Innerrhoden,Y6T10,6-10 years,1.809,6,,,1809000.0
2024,16,Appenzell Innerrhoden,Y6T10,6-10 years,2.005,6,,,2005000.0
2011,17,St. Gallen,Y6T10,6-10 years,42.968,6,,,42968000.0
2012,17,St. Gallen,Y6T10,6-10 years,43.635,6,,,43635000.0
2013,17,St. Gallen,Y6T10,6-10 years,45.385,6,,,45385000.0
2014,17,St. Gallen,Y6T10,6-10 years,47.197,6,,,47197000.0
2015,17,St. Gallen,Y6T10,6-10 years,48.58,6,,,48580000.0
2016,17,St. Gallen,Y6T10,6-10 years,53.201,6,,,53201000.0
2017,17,St. Gallen,Y6T10,6-10 years,52.932,6,,,52932000.0
2018,17,St. Gallen,Y6T10,6-10 years,57.085,6,,,57085000.0
2019,17,St. Gallen,Y6T10,6-10 years,56.693,6,,,56693000.0
2020,17,St. Gallen,Y6T10,6-10 years,58.795,6,,,58795000.0
2021,17,St. Gallen,Y6T10,6-10 years,65.377,6,,,65376999.99999999
2022,17,St. Gallen,Y6T10,6-10 years,69.372,6,,,69372000.0
2023,17,St. Gallen,Y6T10,6-10 years,68.489,6,,,68489000.0
2024,17,St. Gallen,Y6T10,6-10 years,70.352,6,,,70352000.0
2011,18,Graubünden,Y6T10,6-10 years,16.583,6,,,16582999.999999998
2012,18,Graubünden,Y6T10,6-10 years,16.237,6,,,16236999.999999998
2013,18,Graubünden,Y6T10,6-10 years,17.484,6,,,17484000.0
2014,18,Graubünden,Y6T10,6-10 years,17.672,6,,,17672000.0
2015,18,Graubünden,Y6T10,6-10 years,18.664,6,,,18664000.0
2016,18,Graubünden,Y6T10,6-10 years,19.757,6,,,19757000.0
2017,18,Graubünden,Y6T10,6-10 years,19.741,6,,,19741000.0
2018,18,Graubünden,Y6T10,6-10 years,19.281,6,,,19281000.0
2019,18,Graubünden,Y6T10,6-10 years,18.655,6,,,18655000.0
2020,18,Graubünden,Y6T10,6-10 years,20.44,6,,,20440000.0
2021,18,Graubünden,Y6T10,6-10 years,22.484,6,,,22484000.0
2022,18,Graubünden,Y6T10,6-10 years,24.033,6,,,24033000.0
2023,18,Graubünden,Y6T10,6-10 years,25.487,6,,,25487000.0
2024,18,Graubünden,Y6T10,6-10 years,24.361,6,,,24361000.0
2011,19,Aargau,Y6T10,6-10 years,63.984,6,,,63984000.0
2012,19,Aargau,Y6T10,6-10 years,65.007,6,,,65007000.00000001
2013,19,Aargau,Y6T10,6-10 years,66.587,6,,,66587000.0
2014,19,Aargau,Y6T10,6-10 years,67.432,6,,,67432000.0
2015,19,Aargau,Y6T10,6-10 years,69.297,6,,,69297000.0
2016,19,Aargau,Y6T10,6-10 years,75.091,6,,,75091000.0
2017,19,Aargau,Y6T10,6-10 years,74.038,6,,,74038000.0
2018,19,Aargau,Y6T10,6-10 years,74.854,6,,,74854000.0
2019,19,Aargau,Y6T10,6-10 years,79.801,6,,,79801000.0
2020,19,Aargau,Y6T10,6-10 years,83.275,6,,,83275000.0
2021,19,Aargau,Y6T10,6-10 years,92.31,6,,,92310000.0
2022,19,Aargau,Y6T10,6-10 years,97.677,6,,,97677000.0
2023,19,Aargau,Y6T10,6-10 years,98.873,6,,,98873000.0
2024,19,Aargau,Y6T10,6-10 years,99.101,6,,,99101000.0
2011,20,Thurgau,Y6T10,6-10 years,23.881,6,,,23881000.0
2012,20,Thurgau,Y6T10,6-10 years,24.176,6,,,24176000.0
2013,20,Thurgau,Y6T10,6-10 years,24.915,6,,,24915000.0
2014,20,Thurgau,Y6T10,6-10 years,24.65,6,,,24650000.0
2015,20,Thurgau,Y6T10,6-10 years,25.338,6,,,25338000.0
2016,20,Thurgau,Y6T10,6-10 years,27.587,6,,,27587000.0
2017,20,Thurgau,Y6T10,6-10 years,26.884,6,,,26884000.0
2018,20,Thurgau,Y6T10,6-10 years,29.117,6,,,29117000.0
2019,20,Thurgau,Y6T10,6-10 years,32.625,6,,,32625000.0
2020,20,Thurgau,Y6T10,6-10 years,33.158,6,,,33158000.0
2021,20,Thurgau,Y6T10,6-10 years,35.599,6,,,35599000.0
2022,20,Thurgau,Y6T10,6-10 years,36.504,6,,,36504000.0
2023,20,Thurgau,Y6T10,6-10 years,38.681,6,,,38681000.0
2024,20,Thurgau,Y6T10,6-10 years,39.225,6,,,39225000.0
2011,21,Ticino,Y6T10,6-10 years,29.447,6,,,29447000.0
2012,21,Ticino,Y6T10,6-10 years,30.071,6,,,30071000.0
2013,21,Ticino,Y6T10,6-10 years,32.286,6,,,32286000.0
2014,21,Ticino,Y6T10,6-10 years,34.533,6,,,34533000.0
2015,21,Ticino,Y6T10,6-10 years,34.469,6,,,34469000.0
2016,21,Ticino,Y6T10,6-10 years,37.496,6,,,37496000.0
2017,21,Ticino,Y6T10,6-10 years,37.747,6,,,37747000.0
2018,21,Ticino,Y6T10,6-10 years,38.764,6,,,38764000.0
2019,21,Ticino,Y6T10,6-10 years,39.37,6,,,39370000.0
2020,21,Ticino,Y6T10,6-10 years,40.344,6,,,40344000.0
2021,21,Ticino,Y6T10,6-10 years,45.587,6,,,45587000.0
2022,21,Ticino,Y6T10,6-10 years,48.333,6,,,48333000.0
2023,21,Ticino,Y6T10,6-10 years,48.967,6,,,48967000.0
2024,21,Ticino,Y6T10,6-10 years,50.458,6,,,50458000.0
2011,22,Vaud,Y6T10,6-10 years,81.664,6,,,81664000.0
2012,22,Vaud,Y6T10,6-10 years,81.82,6,,,81820000.0
2013,22,Vaud,Y6T10,6-10 years,89.867,6,,,89867000.0
2014,22,Vaud,Y6T10,6-10 years,96.222,6,,,96222000.0
2015,22,Vaud,Y6T10,6-10 years,97.825,6,,,97825000.0
2016,22,Vaud,Y6T10,6-10 years,105.208,6,,,105208000.0
2017,22,Vaud,Y6T10,6-10 years,107.487,6,,,107487000.0
2018,22,Vaud,Y6T10,6-10 years,110.849,6,,,110849000.0
2019,22,Vaud,Y6T10,6-10 years,116.267,6,,,116267000.0
2020,22,Vaud,Y6T10,6-10 years,120.019,6,,,120019000.0
2021,22,Vaud,Y6T10,6-10 years,130.093,6,,,130092999.99999999
2022,22,Vaud,Y6T10,6-10 years,136.231,6,,,136231000.0
2023,22,Vaud,Y6T10,6-10 years,136.085,6,,,136085000.0
2024,22,Vaud,Y6T10,6-10 years,139.686,6,,,139686000.0
2011,23,Valais,Y6T10,6-10 years,28.592,6,,,28592000.0
2012,23,Valais,Y6T10,6-10 years,30.396,6,,,30396000.0
2013,23,Valais,Y6T10,6-10 years,32.111,6,,,32110999.999999996
2014,23,Valais,Y6T10,6-10 years,33.472,6,,,33472000.0
2015,23,Valais,Y6T10,6-10 years,35.114,6,,,35114000.0
2016,23,Valais,Y6T10,6-10 years,38.376,6,,,38376000.0
2017,23,Valais,Y6T10,6-10 years,36.603,6,,,36603000.0
2018,23,Valais,Y6T10,6-10 years,39.192,6,,,39192000.0
2019,23,Valais,Y6T10,6-10 years,42.212,6,,,42212000.0
2020,23,Valais,Y6T10,6-10 years,40.737,6,,,40737000.0
2021,23,Valais,Y6T10,6-10 years,43.134,6,,,43134000.0
2022,23,Valais,Y6T10,6-10 years,45.177,6,,,45177000.0
2023,23,Valais,Y6T10,6-10 years,50.203,6,,,50203000.0
2024,23,Valais,Y6T10,6-10 years,47.045,6,,,47045000.0
2011,24,Neuchâtel,Y6T10,6-10 years,17.911,6,,,17911000.0
2012,24,Neuchâtel,Y6T10,6-10 years,17.638,6,,,17638000.0
2013,24,Neuchâtel,Y6T10,6-10 years,19.037,6,,,19037000.0
2014,24,Neuchâtel,Y6T10,6-10 years,19.501,6,,,19501000.0
2015,24,Neuchâtel,Y6T10,6-10 years,19.744,6,,,19744000.0
2016,24,Neuchâtel,Y6T10,6-10 years,21.67,6,,,21670000.0
2017,24,Neuchâtel,Y6T10,6-10 years,20.98,6,,,20980000.0
2018,24,Neuchâtel,Y6T10,6-10 years,21.939,6,,,21939000.0
2019,24,Neuchâtel,Y6T10,6-10 years,23.03,6,,,23030000.0
2020,24,Neuchâtel,Y6T10,6-10 years,24.228,6,,,24228000.0
2021,24,Neuchâtel,Y6T10,6-10 years,25.797,6,,,25797000.0
2022,24,Neuchâtel,Y6T10,6-10 years,27.444,6,,,27444000.0
2023,24,Neuchâtel,Y6T10,6-10 years,26.123,6,,,26123000.0
2024,24,Neuchâtel,Y6T10,6-10 years,26.663,6,,,26663000.0
2011,25,Genève,Y6T10,6-10 years,50.551,6,,,50551000.0
2012,25,Genève,Y6T10,6-10 years,50.34,6,,,50340000.0
2013,25,Genève,Y6T10,6-10 years,54.163,6,,,54163000.0
2014,25,Genève,Y6T10,6-10 years,56.119,6,,,56119000.0
2015,25,Genève,Y6T10,6-10 years,59.67,6,,,59670000.0
2016,25,Genève,Y6T10,6-10 years,64.703,6,,,64703000.0
2017,25,Genève,Y6T10,6-10 years,66.491,6,,,66491000.0
2018,25,Genève,Y6T10,6-10 years,68.682,6,,,68682000.0
2019,25,Genève,Y6T10,6-10 years,71.786,6,,,71786000.0
2020,25,Genève,Y6T10,6-10 years,73.357,6,,,73357000.0
2021,25,Genève,Y6T10,6-10 years,82.571,6,,,82571000.0
2022,25,Genève,Y6T10,6-10 years,88.293,6,,,88293000.0
2023,25,Genève,Y6T10,6-10 years,90.611,6,,,90611000.0
2024,25,Genève,Y6T10,6-10 years,96.317,6,,,96317000.0
2011,26,Jura,Y6T10,6-10 years,7.447,6,,,7447000.0
2012,26,Jura,Y6T10,6-10 years,7.388,6,,,7388000.0
2013,26,Jura,Y6T10,6-10 years,7.47,6,,,7470000.0
2014,26,Jura,Y6T10,6-10 years,7.792,6,,,7792000.0
2015,26,Jura,Y6T10,6-10 years,7.714,6,,,7714000.0
2016,26,Jura,Y6T10,6-10 years,8.532,6,,,8532000.0
2017,26,Jura,Y6T10,6-10 years,8.513,6,,,8513000.0
2018,26,Jura,Y6T10,6-10 years,9.101,6,,,9101000.0
2019,26,Jura,Y6T10,6-10 years,9.665,6,,,9665000.0
2020,26,Jura,Y6T10,6-10 years,8.649,6,,,8649000.0
2021,26,Jura,Y6T10,6-10 years,10.202,6,,,10202000.0
2022,26,Jura,Y6T10,6-10 years,11.228,6,,,11228000.0
2023,26,Jura,Y6T10,6-10 years,11.836,6,,,11836000.0
2024,26,Jura,Y6T10,6-10 years,12.844,6,,,12844000.0
2011,_T,Total,Y11T15,11-15 years,1093.518,6,,,1093518000.0
2012,_T,Total,Y11T15,11-15 years,1099.226,6,,,1099226000.0
2013,_T,Total,Y11T15,11-15 years,1164.015,6,,,1164015000.0
2014,_T,Total,Y11T15,11-15 years,1177.814,6,,,1177814000.0
2015,_T,Total,Y11T15,11-15 years,1215.051,6,,,1215051000.0
2016,_T,Total,Y11T15,11-15 years,1265.148,6,,,1265148000.0
2017,_T,Total,Y11T15,11-15 years,1193.142,6,,,1193142000.0
2018,_T,Total,Y11T15,11-15 years,1244.8,6,,,1244800000.0
2019,_T,Total,Y11T15,11-15 years,1337.867,6,,,1337867000.0
2020,_T,Total,Y11T15,11-15 years,1378.188,6,,,1378188000.0
2021,_T,Total,Y11T15,11-15 years,1526.132,6,,,1526132000.0
2022,_T,Total,Y11T15,11-15 years,1562.023,6,,,1562023000.0
2023,_T,Total,Y11T15,11-15 years,1551.543,6,,,1551543000.0
2024,_T,Total,Y11T15,11-15 years,1619.616,6,,,1619616000.0
2011,1,Zürich,Y11T15,11-15 years,166.434,6,,,166434000.0
2012,1,Zürich,Y11T15,11-15 years,168.806,6,,,168806000.0
2013,1,Zürich,Y11T15,11-15 years,178.565,6,,,178565000.0
2014,1,Zürich,Y11T15,11-15 years,181.758,6,,,181758000.0
2015,1,Zürich,Y11T15,11-15 years,189.316,6,,,189316000.0
2016,1,Zürich,Y11T15,11-15 years,201.581,6,,,201581000.0
2017,1,Zürich,Y11T15,11-15 years,197.846,6,,,197846000.0
2018,1,Zürich,Y11T15,11-15 years,210.509,6,,,210509000.0
2019,1,Zürich,Y11T15,11-15 years,218.592,6,,,218592000.0
2020,1,Zürich,Y11T15,11-15 years,239.417,6,,,239417000.0
2021,1,Zürich,Y11T15,11-15 years,263.975,6,,,263975000.00000003
2022,1,Zürich,Y11T15,11-15 years,289.82,6,,,289820000.0
2023,1,Zürich,Y11T15,11-15 years,287.29,6,,,287290000.0
2024,1,Zürich,Y11T15,11-15 years,301.694,6,,,301694000.0
2011,2,Bern,Y11T15,11-15 years,131.693,6,,,131693000.00000001
2012,2,Bern,Y11T15,11-15 years,133.024,6,,,133024000.0
2013,2,Bern,Y11T15,11-15 years,135.395,6,,,135395000.0
2014,2,Bern,Y11T15,11-15 years,133.878,6,,,133877999.99999999
2015,2,Bern,Y11T15,11-15 years,138.162,6,,,138162000.0
2016,2,Bern,Y11T15,11-15 years,141.635,6,,,141635000.0
2017,2,Bern,Y11T15,11-15 years,136.537,6,,,136537000.0
2018,2,Bern,Y11T15,11-15 years,141.111,6,,,141111000.0
2019,2,Bern,Y11T15,11-15 years,147.633,6,,,147633000.0
2020,2,Bern,Y11T15,11-15 years,180.241,6,,,180241000.0
2021,2,Bern,Y11T15,11-15 years,176.816,6,,,176816000.0
2022,2,Bern,Y11T15,11-15 years,181.372,6,,,181372000.0
2023,2,Bern,Y11T15,11-15 years,169.433,6,,,169433000.0
2024,2,Bern,Y11T15,11-15 years,182.414,6,,,182414000.0
2011,3,Luzern,Y11T15,11-15 years,52.409,6,,,52409000.0
2012,3,Luzern,Y11T15,11-15 years,53.209,6,,,53209000.0
2013,3,Luzern,Y11T15,11-15 years,57.45,6,,,57450000.0
2014,3,Luzern,Y11T15,11-15 years,56.547,6,,,56547000.0
2015,3,Luzern,Y11T15,11-15 years,56.813,6,,,56813000.0
2016,3,Luzern,Y11T15,11-15 years,60.463,6,,,60463000.0
2017,3,Luzern,Y11T15,11-15 years,53.193,6,,,53193000.0
2018,3,Luzern,Y11T15,11-15 years,50.052,6,,,50052000.0
2019,3,Luzern,Y11T15,11-15 years,53.39,6,,,53390000.0
2020,3,Luzern,Y11T15,11-15 years,57.946,6,,,57946000.0
2021,3,Luzern,Y11T15,11-15 years,66.175,6,,,66175000.0
2022,3,Luzern,Y11T15,11-15 years,72.493,6,,,72493000.0
2023,3,Luzern,Y11T15,11-15 years,72.567,6,,,72567000.0
2024,3,Luzern,Y11T15,11-15 years,72.274,6,,,72274000.0
2011,4,Uri,Y11T15,11-15 years,3.529,6,,,3529000.0
2012,4,Uri,Y11T15,11-15 years,3.57,6,,,3570000.0
2013,4,Uri,Y11T15,11-15 years,3.631,6,,,3631000.0
2014,4,Uri,Y11T15,11-15 years,3.572,6,,,3572000.0
2015,4,Uri,Y11T15,11-15 years,3.924,6,,,3924000.0
2016,4,Uri,Y11T15,11-15 years,4.041,6,,,4041000.0000000005
2017,4,Uri,Y11T15,11-15 years,3.998,6,,,3998000.0
2018,4,Uri,Y11T15,11-15 years,4.902,6,,,4902000.0
2019,4,Uri,Y11T15,11-15 years,4.148,6,,,4147999.9999999995
2020,4,Uri,Y11T15,11-15 years,4.122,6,,,4122000.0
2021,4,Uri,Y11T15,11-15 years,4.142,6,,,4142000.0000000005
2022,4,Uri,Y11T15,11-15 years,5.474,6,,,5474000.0
2023,4,Uri,Y11T15,11-15 years,4.937,6,,,4937000.0
2024,4,Uri,Y11T15,11-15 years,5.139,6,,,5139000.0
2011,5,Schwyz,Y11T15,11-15 years,21.324,6,,,21324000.0
2012,5,Schwyz,Y11T15,11-15 years,21.661,6,,,21661000.0
2013,5,Schwyz,Y11T15,11-15 years,22.805,6,,,22805000.0
2014,5,Schwyz,Y11T15,11-15 years,22.489,6,,,22489000.0
2015,5,Schwyz,Y11T15,11-15 years,23.04,6,,,23040000.0
2016,5,Schwyz,Y11T15,11-15 years,24.2,6,,,24200000.0
2017,5,Schwyz,Y11T15,11-15 years,21.049,6,,,21049000.0
2018,5,Schwyz,Y11T15,11-15 years,23.216,6,,,23216000.0
2019,5,Schwyz,Y11T15,11-15 years,51.553,6,,,51553000.0
2020,5,Schwyz,Y11T15,11-15 years,22.689,6,,,22689000.0
2021,5,Schwyz,Y11T15,11-15 years,25.321,6,,,25321000.0
2022,5,Schwyz,Y11T15,11-15 years,26.997,6,,,26997000.0
2023,5,Schwyz,Y11T15,11-15 years,26.553,6,,,26553000.0
2024,5,Schwyz,Y11T15,11-15 years,27.148,6,,,27148000.0
2011,6,Obwalden,Y11T15,11-15 years,4.796,6,,,4796000.0
2012,6,Obwalden,Y11T15,11-15 years,4.942,6,,,4942000.0
2013,6,Obwalden,Y11T15,11-15 years,5.585,6,,,5585000.0
2014,6,Obwalden,Y11T15,11-15 years,5.362,6,,,5362000.0
2015,6,Obwalden,Y11T15,11-15 years,5.584,6,,,5584000.0
2016,6,Obwalden,Y11T15,11-15 years,6.09,6,,,6090000.0
2017,6,Obwalden,Y11T15,11-15 years,5.452,6,,,5452000.0
2018,6,Obwalden,Y11T15,11-15 years,5.486,6,,,5486000.0
2019,6,Obwalden,Y11T15,11-15 years,5.36,6,,,5360000.0
2020,6,Obwalden,Y11T15,11-15 years,5.526,6,,,5526000.0
2021,6,Obwalden,Y11T15,11-15 years,7.421,6,,,7421000.0
2022,6,Obwalden,Y11T15,11-15 years,6.374,6,,,6374000.0
2023,6,Obwalden,Y11T15,11-15 years,6.552,6,,,6552000.0
2024,6,Obwalden,Y11T15,11-15 years,6.722,6,,,6722000.0
2011,7,Nidwalden,Y11T15,11-15 years,5.045,6,,,5045000.0
2012,7,Nidwalden,Y11T15,11-15 years,4.936,6,,,4936000.0
2013,7,Nidwalden,Y11T15,11-15 years,5.074,6,,,5074000.0
2014,7,Nidwalden,Y11T15,11-15 years,5.156,6,,,5156000.0
2015,7,Nidwalden,Y11T15,11-15 years,5.381,6,,,5381000.0
2016,7,Nidwalden,Y11T15,11-15 years,5.612,6,,,5612000.0
2017,7,Nidwalden,Y11T15,11-15 years,5.734,6,,,5734000.0
2018,7,Nidwalden,Y11T15,11-15 years,3.971,6,,,3971000.0
2019,7,Nidwalden,Y11T15,11-15 years,4.665,6,,,4665000.0
2020,7,Nidwalden,Y11T15,11-15 years,4.443,6,,,4443000.0
2021,7,Nidwalden,Y11T15,11-15 years,4.924,6,,,4924000.0
2022,7,Nidwalden,Y11T15,11-15 years,5.098,6,,,5098000.0
2023,7,Nidwalden,Y11T15,11-15 years,5.766,6,,,5766000.0
2024,7,Nidwalden,Y11T15,11-15 years,5.233,6,,,5233000.0
2011,8,Glarus,Y11T15,11-15 years,4.804,6,,,4804000.0
2012,8,Glarus,Y11T15,11-15 years,4.894,6,,,4894000.0
2013,8,Glarus,Y11T15,11-15 years,5.444,6,,,5444000.0
2014,8,Glarus,Y11T15,11-15 years,5.257,6,,,5257000.0
2015,8,Glarus,Y11T15,11-15 years,5.391,6,,,5391000.0
2016,8,Glarus,Y11T15,11-15 years,6.179,6,,,6179000.0
2017,8,Glarus,Y11T15,11-15 years,5.596,6,,,5596000.0
2018,8,Glarus,Y11T15,11-15 years,7.173,6,,,7173000.0
2019,8,Glarus,Y11T15,11-15 years,5.735,6,,,5735000.0
2020,8,Glarus,Y11T15,11-15 years,5.245,6,,,5245000.0
2021,8,Glarus,Y11T15,11-15 years,6.384,6,,,6384000.0
2022,8,Glarus,Y11T15,11-15 years,6.115,6,,,6115000.0
2023,8,Glarus,Y11T15,11-15 years,6.097,6,,,6097000.0
2024,8,Glarus,Y11T15,11-15 years,6.816,6,,,6816000.0
2011,9,Zug,Y11T15,11-15 years,11.132,6,,,11132000.0
2012,9,Zug,Y11T15,11-15 years,11.564,6,,,11564000.0
2013,9,Zug,Y11T15,11-15 years,12.313,6,,,12313000.0
2014,9,Zug,Y11T15,11-15 years,12.51,6,,,12510000.0
2015,9,Zug,Y11T15,11-15 years,13.802,6,,,13802000.0
2016,9,Zug,Y11T15,11-15 years,14.61,6,,,14610000.0
2017,9,Zug,Y11T15,11-15 years,15.168,6,,,15168000.0
2018,9,Zug,Y11T15,11-15 years,15.151,6,,,15151000.0
2019,9,Zug,Y11T15,11-15 years,14.786,6,,,14786000.0
2020,9,Zug,Y11T15,11-15 years,16.269,6,,,16268999.999999998
2021,9,Zug,Y11T15,11-15 years,19.61,6,,,19610000.0
2022,9,Zug,Y11T15,11-15 years,18.949,6,,,18949000.0
2023,9,Zug,Y11T15,11-15 years,19.441,6,,,19441000.0
2024,9,Zug,Y11T15,11-15 years,20.38,6,,,20380000.0
2011,10,Fribourg,Y11T15,11-15 years,45.032,6,,,45032000.0
2012,10,Fribourg,Y11T15,11-15 years,44.789,6,,,44789000.0
2013,10,Fribourg,Y11T15,11-15 years,48.792,6,,,48792000.0
2014,10,Fribourg,Y11T15,11-15 years,49.675,6,,,49675000.0
2015,10,Fribourg,Y11T15,11-15 years,52.747,6,,,52747000.0
2016,10,Fribourg,Y11T15,11-15 years,53.127,6,,,53127000.0
2017,10,Fribourg,Y11T15,11-15 years,48.784,6,,,48784000.0
2018,10,Fribourg,Y11T15,11-15 years,50.564,6,,,50564000.0
2019,10,Fribourg,Y11T15,11-15 years,48.189,6,,,48189000.0
2020,10,Fribourg,Y11T15,11-15 years,51.598,6,,,51598000.0
2021,10,Fribourg,Y11T15,11-15 years,61.081,6,,,61081000.0
2022,10,Fribourg,Y11T15,11-15 years,60.678,6,,,60678000.0
2023,10,Fribourg,Y11T15,11-15 years,62.116,6,,,62116000.0
2024,10,Fribourg,Y11T15,11-15 years,63.549,6,,,63549000.0
2011,11,Solothurn,Y11T15,11-15 years,53.513,6,,,53513000.0
2012,11,Solothurn,Y11T15,11-15 years,52.84,6,,,52840000.0
2013,11,Solothurn,Y11T15,11-15 years,56.583,6,,,56583000.0
2014,11,Solothurn,Y11T15,11-15 years,55.67,6,,,55670000.0
2015,11,Solothurn,Y11T15,11-15 years,55.273,6,,,55273000.0
2016,11,Solothurn,Y11T15,11-15 years,56.464,6,,,56464000.0
2017,11,Solothurn,Y11T15,11-15 years,44.967,6,,,44967000.0
2018,11,Solothurn,Y11T15,11-15 years,45.093,6,,,45093000.0
2019,11,Solothurn,Y11T15,11-15 years,48.709,6,,,48709000.0
2020,11,Solothurn,Y11T15,11-15 years,50.194,6,,,50194000.0
2021,11,Solothurn,Y11T15,11-15 years,56.055,6,,,56055000.0
2022,11,Solothurn,Y11T15,11-15 years,43.29,6,,,43290000.0
2023,11,Solothurn,Y11T15,11-15 years,46.707,6,,,46707000.0
2024,11,Solothurn,Y11T15,11-15 years,48.779,6,,,48779000.0
2011,12,Basel-Stadt,Y11T15,11-15 years,22.617,6,,,22617000.0
2012,12,Basel-Stadt,Y11T15,11-15 years,20.385,6,,,20385000.0
2013,12,Basel-Stadt,Y11T15,11-15 years,21.135,6,,,21135000.0
2014,12,Basel-Stadt,Y11T15,11-15 years,21.489,6,,,21489000.0
2015,12,Basel-Stadt,Y11T15,11-15 years,22.62,6,,,22620000.0
2016,12,Basel-Stadt,Y11T15,11-15 years,24.676,6,,,24676000.0
2017,12,Basel-Stadt,Y11T15,11-15 years,24.925,6,,,24925000.0
2018,12,Basel-Stadt,Y11T15,11-15 years,23.514,6,,,23514000.0
2019,12,Basel-Stadt,Y11T15,11-15 years,24.952,6,,,24952000.0
2020,12,Basel-Stadt,Y11T15,11-15 years,27.755,6,,,27755000.0
2021,12,Basel-Stadt,Y11T15,11-15 years,32.687,6,,,32686999.999999996
2022,12,Basel-Stadt,Y11T15,11-15 years,32.983,6,,,32982999.999999996
2023,12,Basel-Stadt,Y11T15,11-15 years,32.61,6,,,32610000.0
2024,12,Basel-Stadt,Y11T15,11-15 years,35.916,6,,,35916000.0
2011,13,Basel-Landschaft,Y11T15,11-15 years,37.101,6,,,37101000.0
2012,13,Basel-Landschaft,Y11T15,11-15 years,36.465,6,,,36465000.0
2013,13,Basel-Landschaft,Y11T15,11-15 years,38.099,6,,,38099000.0
2014,13,Basel-Landschaft,Y11T15,11-15 years,38.19,6,,,38190000.0
2015,13,Basel-Landschaft,Y11T15,11-15 years,40.012,6,,,40012000.0
2016,13,Basel-Landschaft,Y11T15,11-15 years,42.484,6,,,42484000.0
2017,13,Basel-Landschaft,Y11T15,11-15 years,40.858,6,,,40858000.0
2018,13,Basel-Landschaft,Y11T15,11-15 years,42.537,6,,,42537000.0
2019,13,Basel-Landschaft,Y11T15,11-15 years,43.244,6,,,43244000.0
2020,13,Basel-Landschaft,Y11T15,11-15 years,47.119,6,,,47119000.0
2021,13,Basel-Landschaft,Y11T15,11-15 years,55.438,6,,,55438000.0
2022,13,Basel-Landschaft,Y11T15,11-15 years,53.87,6,,,53870000.0
2023,13,Basel-Landschaft,Y11T15,11-15 years,57.351,6,,,57351000.0
2024,13,Basel-Landschaft,Y11T15,11-15 years,56.548,6,,,56548000.0
2011,14,Schaffhausen,Y11T15,11-15 years,14.673,6,,,14673000.0
2012,14,Schaffhausen,Y11T15,11-15 years,14.577,6,,,14577000.0
2013,14,Schaffhausen,Y11T15,11-15 years,15.013,6,,,15013000.0
2014,14,Schaffhausen,Y11T15,11-15 years,14.991,6,,,14991000.0
2015,14,Schaffhausen,Y11T15,11-15 years,15.305,6,,,15305000.0
2016,14,Schaffhausen,Y11T15,11-15 years,15.917,6,,,15917000.0
2017,14,Schaffhausen,Y11T15,11-15 years,12.033,6,,,12033000.0
2018,14,Schaffhausen,Y11T15,11-15 years,11.879,6,,,11879000.0
2019,14,Schaffhausen,Y11T15,11-15 years,12.944,6,,,12944000.0
2020,14,Schaffhausen,Y11T15,11-15 years,12.006,6,,,12006000.0
2021,14,Schaffhausen,Y11T15,11-15 years,14.034,6,,,14034000.0
2022,14,Schaffhausen,Y11T15,11-15 years,12.838,6,,,12838000.0
2023,14,Schaffhausen,Y11T15,11-15 years,12.055,6,,,12055000.0
2024,14,Schaffhausen,Y11T15,11-15 years,13.607,6,,,13607000.0
2011,15,Appenzell Ausserrhoden,Y11T15,11-15 years,6.284,6,,,6284000.0
2012,15,Appenzell Ausserrhoden,Y11T15,11-15 years,5.943,6,,,5943000.0
2013,15,Appenzell Ausserrhoden,Y11T15,11-15 years,6.352,6,,,6352000.0
2014,15,Appenzell Ausserrhoden,Y11T15,11-15 years,6.296,6,,,6296000.0
2015,15,Appenzell Ausserrhoden,Y11T15,11-15 years,6.5,6,,,6500000.0
2016,15,Appenzell Ausserrhoden,Y11T15,11-15 years,6.922,6,,,6922000.0
2017,15,Appenzell Ausserrhoden,Y11T15,11-15 years,6.848,6,,,6848000.0
2018,15,Appenzell Ausserrhoden,Y11T15,11-15 years,6.821,6,,,6821000.0
2019,15,Appenzell Ausserrhoden,Y11T15,11-15 years,7.051,6,,,7051000.0
2020,15,Appenzell Ausserrhoden,Y11T15,11-15 years,8.483,6,,,8483000.0
2021,15,Appenzell Ausserrhoden,Y11T15,11-15 years,9.552,6,,,9552000.0
2022,15,Appenzell Ausserrhoden,Y11T15,11-15 years,9.263,6,,,9263000.0
2023,15,Appenzell Ausserrhoden,Y11T15,11-15 years,9.592,6,,,9592000.0
2024,15,Appenzell Ausserrhoden,Y11T15,11-15 years,9.673,6,,,9673000.0
2011,16,Appenzell Innerrhoden,Y11T15,11-15 years,1.615,6,,,1615000.0
2012,16,Appenzell Innerrhoden,Y11T15,11-15 years,1.582,6,,,1582000.0
2013,16,Appenzell Innerrhoden,Y11T15,11-15 years,1.646,6,,,1646000.0
2014,16,Appenzell Innerrhoden,Y11T15,11-15 years,1.63,6,,,1630000.0
2015,16,Appenzell Innerrhoden,Y11T15,11-15 years,1.809,6,,,1809000.0
2016,16,Appenzell Innerrhoden,Y11T15,11-15 years,1.88,6,,,1880000.0
2017,16,Appenzell Innerrhoden,Y11T15,11-15 years,1.865,6,,,1865000.0
2018,16,Appenzell Innerrhoden,Y11T15,11-15 years,1.554,6,,,1554000.0
2019,16,Appenzell Innerrhoden,Y11T15,11-15 years,1.634,6,,,1634000.0
2020,16,Appenzell Innerrhoden,Y11T15,11-15 years,1.695,6,,,1695000.0
2021,16,Appenzell Innerrhoden,Y11T15,11-15 years,2.015,6,,,2015000.0000000002
2022,16,Appenzell Innerrhoden,Y11T15,11-15 years,2.456,6,,,2456000.0
2023,16,Appenzell Innerrhoden,Y11T15,11-15 years,2.646,6,,,2646000.0
2024,16,Appenzell Innerrhoden,Y11T15,11-15 years,2.623,6,,,2623000.0
2011,17,St. Gallen,Y11T15,11-15 years,58.345,6,,,58345000.0
2012,17,St. Gallen,Y11T15,11-15 years,59.451,6,,,59451000.0
2013,17,St. Gallen,Y11T15,11-15 years,62.5,6,,,62500000.0
2014,17,St. Gallen,Y11T15,11-15 years,62.946,6,,,62946000.0
2015,17,St. Gallen,Y11T15,11-15 years,66.998,6,,,66998000.00000001
2016,17,St. Gallen,Y11T15,11-15 years,68.205,6,,,68205000.0
2017,17,St. Gallen,Y11T15,11-15 years,63.123,6,,,63123000.0
2018,17,St. Gallen,Y11T15,11-15 years,67.057,6,,,67057000.0
2019,17,St. Gallen,Y11T15,11-15 years,68.123,6,,,68123000.0
2020,17,St. Gallen,Y11T15,11-15 years,72.54,6,,,72540000.0
2021,17,St. Gallen,Y11T15,11-15 years,83.583,6,,,83583000.0
2022,17,St. Gallen,Y11T15,11-15 years,89.031,6,,,89031000.0
2023,17,St. Gallen,Y11T15,11-15 years,87.396,6,,,87396000.0
2024,17,St. Gallen,Y11T15,11-15 years,90.352,6,,,90352000.0
2011,18,Graubünden,Y11T15,11-15 years,26.931,6,,,26931000.0
2012,18,Graubünden,Y11T15,11-15 years,27.324,6,,,27324000.0
2013,18,Graubünden,Y11T15,11-15 years,29.19,6,,,29190000.0
2014,18,Graubünden,Y11T15,11-15 years,29.07,6,,,29070000.0
2015,18,Graubünden,Y11T15,11-15 years,28.986,6,,,28986000.0
2016,18,Graubünden,Y11T15,11-15 years,29.361,6,,,29361000.0
2017,18,Graubünden,Y11T15,11-15 years,24.374,6,,,24374000.0
2018,18,Graubünden,Y11T15,11-15 years,27.303,6,,,27303000.0
2019,18,Graubünden,Y11T15,11-15 years,28.511,6,,,28511000.0
2020,18,Graubünden,Y11T15,11-15 years,29.568,6,,,29568000.0
2021,18,Graubünden,Y11T15,11-15 years,31.597,6,,,31597000.0
2022,18,Graubünden,Y11T15,11-15 years,31.039,6,,,31039000.0
2023,18,Graubünden,Y11T15,11-15 years,31.105,6,,,31105000.0
2024,18,Graubünden,Y11T15,11-15 years,31.119,6,,,31119000.0
2011,19,Aargau,Y11T15,11-15 years,94.339,6,,,94339000.0
2012,19,Aargau,Y11T15,11-15 years,95.63,6,,,95630000.0
2013,19,Aargau,Y11T15,11-15 years,100.89,6,,,100890000.0
2014,19,Aargau,Y11T15,11-15 years,100.743,6,,,100743000.0
2015,19,Aargau,Y11T15,11-15 years,105.966,6,,,105966000.0
2016,19,Aargau,Y11T15,11-15 years,104.636,6,,,104636000.0
2017,19,Aargau,Y11T15,11-15 years,98.074,6,,,98074000.0
2018,19,Aargau,Y11T15,11-15 years,109.215,6,,,109215000.0
2019,19,Aargau,Y11T15,11-15 years,106.109,6,,,106109000.0
2020,19,Aargau,Y11T15,11-15 years,113.741,6,,,113741000.0
2021,19,Aargau,Y11T15,11-15 years,124.474,6,,,124474000.0
2022,19,Aargau,Y11T15,11-15 years,121.601,6,,,121601000.0
2023,19,Aargau,Y11T15,11-15 years,122.294,6,,,122294000.0
2024,19,Aargau,Y11T15,11-15 years,122.699,6,,,122699000.0
2011,20,Thurgau,Y11T15,11-15 years,31.615,6,,,31615000.0
2012,20,Thurgau,Y11T15,11-15 years,30.838,6,,,30838000.0
2013,20,Thurgau,Y11T15,11-15 years,31.662,6,,,31662000.0
2014,20,Thurgau,Y11T15,11-15 years,31.388,6,,,31388000.0
2015,20,Thurgau,Y11T15,11-15 years,32.711,6,,,32711000.0
2016,20,Thurgau,Y11T15,11-15 years,35.766,6,,,35766000.0
2017,20,Thurgau,Y11T15,11-15 years,33.818,6,,,33818000.0
2018,20,Thurgau,Y11T15,11-15 years,37.106,6,,,37106000.0
2019,20,Thurgau,Y11T15,11-15 years,36.842,6,,,36842000.0
2020,20,Thurgau,Y11T15,11-15 years,41.069,6,,,41069000.0
2021,20,Thurgau,Y11T15,11-15 years,45.4,6,,,45400000.0
2022,20,Thurgau,Y11T15,11-15 years,46.293,6,,,46293000.0
2023,20,Thurgau,Y11T15,11-15 years,46.926,6,,,46926000.0
2024,20,Thurgau,Y11T15,11-15 years,48.72,6,,,48720000.0
2011,21,Ticino,Y11T15,11-15 years,49.189,6,,,49189000.0
2012,21,Ticino,Y11T15,11-15 years,48.951,6,,,48951000.0
2013,21,Ticino,Y11T15,11-15 years,52.306,6,,,52306000.0
2014,21,Ticino,Y11T15,11-15 years,56.117,6,,,56117000.0
2015,21,Ticino,Y11T15,11-15 years,56.432,6,,,56432000.0
2016,21,Ticino,Y11T15,11-15 years,57.9,6,,,57900000.0
2017,21,Ticino,Y11T15,11-15 years,52.689,6,,,52689000.0
2018,21,Ticino,Y11T15,11-15 years,53.134,6,,,53134000.0
2019,21,Ticino,Y11T15,11-15 years,54.849,6,,,54849000.0
2020,21,Ticino,Y11T15,11-15 years,59.284,6,,,59284000.0
2021,21,Ticino,Y11T15,11-15 years,66.42,6,,,66420000.0
2022,21,Ticino,Y11T15,11-15 years,63.912,6,,,63912000.0
2023,21,Ticino,Y11T15,11-15 years,64.898,6,,,64897999.99999999
2024,21,Ticino,Y11T15,11-15 years,62.922,6,,,62922000.0
2011,22,Vaud,Y11T15,11-15 years,99.496,6,,,99496000.0
2012,22,Vaud,Y11T15,11-15 years,99.291,6,,,99291000.0
2013,22,Vaud,Y11T15,11-15 years,107.726,6,,,107726000.0
2014,22,Vaud,Y11T15,11-15 years,115.166,6,,,115166000.0
2015,22,Vaud,Y11T15,11-15 years,115.698,6,,,115698000.0
2016,22,Vaud,Y11T15,11-15 years,120.925,6,,,120925000.0
2017,22,Vaud,Y11T15,11-15 years,122.948,6,,,122948000.0
2018,22,Vaud,Y11T15,11-15 years,129.839,6,,,129839000.0
2019,22,Vaud,Y11T15,11-15 years,134.993,6,,,134993000.0
2020,22,Vaud,Y11T15,11-15 years,140.883,6,,,140883000.0
2021,22,Vaud,Y11T15,11-15 years,162.791,6,,,162791000.0
2022,22,Vaud,Y11T15,11-15 years,171.44,6,,,171440000.0
2023,22,Vaud,Y11T15,11-15 years,170.137,6,,,170137000.0
2024,22,Vaud,Y11T15,11-15 years,181.802,6,,,181802000.0
2011,23,Valais,Y11T15,11-15 years,37.941,6,,,37941000.0
2012,23,Valais,Y11T15,11-15 years,39.641,6,,,39641000.0
2013,23,Valais,Y11T15,11-15 years,42.362,6,,,42362000.0
2014,23,Valais,Y11T15,11-15 years,42.588,6,,,42588000.0
2015,23,Valais,Y11T15,11-15 years,44.049,6,,,44049000.0
2016,23,Valais,Y11T15,11-15 years,48.08,6,,,48080000.0
2017,23,Valais,Y11T15,11-15 years,45.584,6,,,45584000.0
2018,23,Valais,Y11T15,11-15 years,44.478,6,,,44478000.0
2019,23,Valais,Y11T15,11-15 years,85.1,6,,,85100000.0
2020,23,Valais,Y11T15,11-15 years,50.388,6,,,50388000.0
2021,23,Valais,Y11T15,11-15 years,53.247,6,,,53247000.0
2022,23,Valais,Y11T15,11-15 years,53.681,6,,,53681000.0
2023,23,Valais,Y11T15,11-15 years,55.543,6,,,55543000.0
2024,23,Valais,Y11T15,11-15 years,55.431,6,,,55431000.0
2011,24,Neuchâtel,Y11T15,11-15 years,25.785,6,,,25785000.0
2012,24,Neuchâtel,Y11T15,11-15 years,26.827,6,,,26827000.0
2013,24,Neuchâtel,Y11T15,11-15 years,29.166,6,,,29166000.0
2014,24,Neuchâtel,Y11T15,11-15 years,29.466,6,,,29466000.0
2015,24,Neuchâtel,Y11T15,11-15 years,30.047,6,,,30047000.0
2016,24,Neuchâtel,Y11T15,11-15 years,31.46,6,,,31460000.0
2017,24,Neuchâtel,Y11T15,11-15 years,28.478,6,,,28478000.0
2018,24,Neuchâtel,Y11T15,11-15 years,29.178,6,,,29178000.0
2019,24,Neuchâtel,Y11T15,11-15 years,29.262,6,,,29262000.0
2020,24,Neuchâtel,Y11T15,11-15 years,31.364,6,,,31364000.0
2021,24,Neuchâtel,Y11T15,11-15 years,34.979,6,,,34979000.0
2022,24,Neuchâtel,Y11T15,11-15 years,33.014,6,,,33014000.000000004
2023,24,Neuchâtel,Y11T15,11-15 years,34.289,6,,,34289000.0
2024,24,Neuchâtel,Y11T15,11-15 years,39.195,6,,,39195000.0
2011,25,Genève,Y11T15,11-15 years,74.486,6,,,74486000.0
2012,25,Genève,Y11T15,11-15 years,74.422,6,,,74422000.0
2013,25,Genève,Y11T15,11-15 years,80.406,6,,,80406000.0
2014,25,Genève,Y11T15,11-15 years,81.606,6,,,81606000.0
2015,25,Genève,Y11T15,11-15 years,84.054,6,,,84054000.0
2016,25,Genève,Y11T15,11-15 years,88.318,6,,,88318000.0
2017,25,Genève,Y11T15,11-15 years,86.247,6,,,86247000.0
2018,25,Genève,Y11T15,11-15 years,89.936,6,,,89936000.0
2019,25,Genève,Y11T15,11-15 years,87.871,6,,,87871000.0
2020,25,Genève,Y11T15,11-15 years,92.217,6,,,92217000.0
2021,25,Genève,Y11T15,11-15 years,104.875,6,,,104875000.0
2022,25,Genève,Y11T15,11-15 years,111.865,6,,,111865000.0
2023,25,Genève,Y11T15,11-15 years,105.822,6,,,105822000.0
2024,25,Genève,Y11T15,11-15 years,114.64,6,,,114640000.0
2011,26,Jura,Y11T15,11-15 years,13.394,6,,,13394000.0
2012,26,Jura,Y11T15,11-15 years,13.665,6,,,13665000.0
2013,26,Jura,Y11T15,11-15 years,13.926,6,,,13926000.0
2014,26,Jura,Y11T15,11-15 years,14.256,6,,,14256000.0
2015,26,Jura,Y11T15,11-15 years,14.431,6,,,14431000.0
2016,26,Jura,Y11T15,11-15 years,14.614,6,,,14614000.0
2017,26,Jura,Y11T15,11-15 years,12.956,6,,,12956000.0
2018,26,Jura,Y11T15,11-15 years,14.017,6,,,14017000.0
2019,26,Jura,Y11T15,11-15 years,13.625,6,,,13625000.0
2020,26,Jura,Y11T15,11-15 years,12.382,6,,,12382000.0
2021,26,Jura,Y11T15,11-15 years,13.135,6,,,13135000.0
2022,26,Jura,Y11T15,11-15 years,12.075,6,,,12075000.0
2023,26,Jura,Y11T15,11-15 years,11.421,6,,,11421000.0
2024,26,Jura,Y11T15,11-15 years,14.221,6,,,14221000.0
2011,_T,Total,Y16T20,16-20 years,1778.382,6,,,1778382000.0
2012,_T,Total,Y16T20,16-20 years,1807.637,6,,,1807637000.0
2013,_T,Total,Y16T20,16-20 years,1870.711,6,,,1870711000.0
2014,_T,Total,Y16T20,16-20 years,1896.112,6,,,1896112000.0
2015,_T,Total,Y16T20,16-20 years,1971.514,6,,,1971514000.0
2016,_T,Total,Y16T20,16-20 years,2029.539,6,,,2029539000.0
2017,_T,Total,Y16T20,16-20 years,2069.5,6,,,2069500000.0
2018,_T,Total,Y16T20,16-20 years,2125.396,6,,,2125396000.0000002
2019,_T,Total,Y16T20,16-20 years,2140.603,6,,,2140603000.0
2020,_T,Total,Y16T20,16-20 years,2162.732,6,,,2162732000.0
2021,_T,Total,Y16T20,16-20 years,2390.887,6,,,2390887000.0
2022,_T,Total,Y16T20,16-20 years,2522.235,6,,,2522235000.0
2023,_T,Total,Y16T20,16-20 years,2511.08,6,,,2511080000.0
2024,_T,Total,Y16T20,16-20 years,2610.184,6,,,2610184000.0
2011,1,Zürich,Y16T20,16-20 years,302.229,6,,,302229000.0
2012,1,Zürich,Y16T20,16-20 years,308.142,6,,,308142000.0
2013,1,Zürich,Y16T20,16-20 years,320.719,6,,,320719000.0
2014,1,Zürich,Y16T20,16-20 years,325.073,6,,,325073000.0
2015,1,Zürich,Y16T20,16-20 years,338.356,6,,,338356000.0
2016,1,Zürich,Y16T20,16-20 years,350.938,6,,,350938000.0
2017,1,Zürich,Y16T20,16-20 years,360.8,6,,,360800000.0
2018,1,Zürich,Y16T20,16-20 years,356.857,6,,,356857000.0
2019,1,Zürich,Y16T20,16-20 years,367.04,6,,,367040000.0
2020,1,Zürich,Y16T20,16-20 years,374.553,6,,,374553000.0
2021,1,Zürich,Y16T20,16-20 years,412.942,6,,,412942000.0
2022,1,Zürich,Y16T20,16-20 years,479.362,6,,,479362000.0
2023,1,Zürich,Y16T20,16-20 years,486.536,6,,,486536000.0
2024,1,Zürich,Y16T20,16-20 years,490.637,6,,,490637000.0
2011,2,Bern,Y16T20,16-20 years,224.206,6,,,224206000.0
2012,2,Bern,Y16T20,16-20 years,229.291,6,,,229291000.0
2013,2,Bern,Y16T20,16-20 years,238.312,6,,,238312000.0
2014,2,Bern,Y16T20,16-20 years,235.525,6,,,235525000.0
2015,2,Bern,Y16T20,16-20 years,256.565,6,,,256565000.0
2016,2,Bern,Y16T20,16-20 years,251.079,6,,,251079000.0
2017,2,Bern,Y16T20,16-20 years,254.197,6,,,254197000.0
2018,2,Bern,Y16T20,16-20 years,258.483,6,,,258483000.0
2019,2,Bern,Y16T20,16-20 years,252.852,6,,,252852000.0
2020,2,Bern,Y16T20,16-20 years,258.703,6,,,258702999.99999997
2021,2,Bern,Y16T20,16-20 years,287.741,6,,,287741000.0
2022,2,Bern,Y16T20,16-20 years,299.454,6,,,299454000.0
2023,2,Bern,Y16T20,16-20 years,299.819,6,,,299819000.0
2024,2,Bern,Y16T20,16-20 years,364.643,6,,,364643000.0
2011,3,Luzern,Y16T20,16-20 years,77.072,6,,,77072000.0
2012,3,Luzern,Y16T20,16-20 years,77.594,6,,,77594000.0
2013,3,Luzern,Y16T20,16-20 years,81.423,6,,,81423000.0
2014,3,Luzern,Y16T20,16-20 years,82.14,6,,,82140000.0
2015,3,Luzern,Y16T20,16-20 years,85.442,6,,,85442000.0
2016,3,Luzern,Y16T20,16-20 years,94.994,6,,,94994000.0
2017,3,Luzern,Y16T20,16-20 years,90.539,6,,,90539000.0
2018,3,Luzern,Y16T20,16-20 years,92.033,6,,,92033000.0
2019,3,Luzern,Y16T20,16-20 years,90.612,6,,,90612000.0
2020,3,Luzern,Y16T20,16-20 years,87.771,6,,,87771000.0
2021,3,Luzern,Y16T20,16-20 years,104.977,6,,,104977000.0
2022,3,Luzern,Y16T20,16-20 years,110.934,6,,,110934000.0
2023,3,Luzern,Y16T20,16-20 years,101.481,6,,,101481000.0
2024,3,Luzern,Y16T20,16-20 years,101.641,6,,,101641000.0
2011,4,Uri,Y16T20,16-20 years,7.051,6,,,7051000.0
2012,4,Uri,Y16T20,16-20 years,7.537,6,,,7537000.0
2013,4,Uri,Y16T20,16-20 years,7.773,6,,,7773000.0
2014,4,Uri,Y16T20,16-20 years,7.891,6,,,7891000.0
2015,4,Uri,Y16T20,16-20 years,7.769,6,,,7769000.0
2016,4,Uri,Y16T20,16-20 years,8.034,6,,,8034000.000000001
2017,4,Uri,Y16T20,16-20 years,8.439,6,,,8439000.0
2018,4,Uri,Y16T20,16-20 years,7.615,6,,,7615000.0
2019,4,Uri,Y16T20,16-20 years,7.361,6,,,7361000.0
2020,4,Uri,Y16T20,16-20 years,7.976,6,,,7976000.0
2021,4,Uri,Y16T20,16-20 years,8.436,6,,,8436000.0
2022,4,Uri,Y16T20,16-20 years,6.619,6,,,6619000.0
2023,4,Uri,Y16T20,16-20 years,6.573,6,,,6573000.0
2024,4,Uri,Y16T20,16-20 years,6.035,6,,,6035000.0
2011,5,Schwyz,Y16T20,16-20 years,35.164,6,,,35164000.0
2012,5,Schwyz,Y16T20,16-20 years,35.632,6,,,35632000.0
2013,5,Schwyz,Y16T20,16-20 years,36.982,6,,,36982000.0
2014,5,Schwyz,Y16T20,16-20 years,37.567,6,,,37567000.0
2015,5,Schwyz,Y16T20,16-20 years,38.691,6,,,38691000.0
2016,5,Schwyz,Y16T20,16-20 years,39.047,6,,,39047000.0
2017,5,Schwyz,Y16T20,16-20 years,39.522,6,,,39522000.0
2018,5,Schwyz,Y16T20,16-20 years,40.532,6,,,40532000.0
2019,5,Schwyz,Y16T20,16-20 years,41.883,6,,,41883000.0
2020,5,Schwyz,Y16T20,16-20 years,40.226,6,,,40226000.0
2021,5,Schwyz,Y16T20,16-20 years,43.144,6,,,43144000.0
2022,5,Schwyz,Y16T20,16-20 years,48.417,6,,,48417000.0
2023,5,Schwyz,Y16T20,16-20 years,43.429,6,,,43429000.0
2024,5,Schwyz,Y16T20,16-20 years,44.45,6,,,44450000.0
2011,6,Obwalden,Y16T20,16-20 years,8.142,6,,,8141999.999999999
2012,6,Obwalden,Y16T20,16-20 years,8.347,6,,,8346999.999999999
2013,6,Obwalden,Y16T20,16-20 years,8.506,6,,,8506000.0
2014,6,Obwalden,Y16T20,16-20 years,8.526,6,,,8526000.0
2015,6,Obwalden,Y16T20,16-20 years,8.788,6,,,8788000.0
2016,6,Obwalden,Y16T20,16-20 years,9.226,6,,,9226000.0
2017,6,Obwalden,Y16T20,16-20 years,9.373,6,,,9373000.0
2018,6,Obwalden,Y16T20,16-20 years,8.564,6,,,8564000.0
2019,6,Obwalden,Y16T20,16-20 years,9.04,6,,,9040000.0
2020,6,Obwalden,Y16T20,16-20 years,8.45,6,,,8450000.0
2021,6,Obwalden,Y16T20,16-20 years,10.026,6,,,10026000.0
2022,6,Obwalden,Y16T20,16-20 years,8.612,6,,,8612000.0
2023,6,Obwalden,Y16T20,16-20 years,7.248,6,,,7248000.0
2024,6,Obwalden,Y16T20,16-20 years,8.141,6,,,8141000.0
2011,7,Nidwalden,Y16T20,16-20 years,9.047,6,,,9047000.0
2012,7,Nidwalden,Y16T20,16-20 years,8.827,6,,,8827000.0
2013,7,Nidwalden,Y16T20,16-20 years,9.308,6,,,9308000.0
2014,7,Nidwalden,Y16T20,16-20 years,9.218,6,,,9218000.0
2015,7,Nidwalden,Y16T20,16-20 years,9.582,6,,,9582000.0
2016,7,Nidwalden,Y16T20,16-20 years,9.646,6,,,9646000.0
2017,7,Nidwalden,Y16T20,16-20 years,10.256,6,,,10256000.0
2018,7,Nidwalden,Y16T20,16-20 years,8.672,6,,,8672000.0
2019,7,Nidwalden,Y16T20,16-20 years,8.548,6,,,8548000.0
2020,7,Nidwalden,Y16T20,16-20 years,8.843,6,,,8843000.0
2021,7,Nidwalden,Y16T20,16-20 years,9.388,6,,,9388000.0
2022,7,Nidwalden,Y16T20,16-20 years,10.138,6,,,10138000.0
2023,7,Nidwalden,Y16T20,16-20 years,10.689,6,,,10689000.0
2024,7,Nidwalden,Y16T20,16-20 years,13.67,6,,,13670000.0
2011,8,Glarus,Y16T20,16-20 years,8.119,6,,,8119000.0
2012,8,Glarus,Y16T20,16-20 years,7.798,6,,,7798000.0
2013,8,Glarus,Y16T20,16-20 years,8.062,6,,,8061999.999999999
2014,8,Glarus,Y16T20,16-20 years,7.542,6,,,7542000.0
2015,8,Glarus,Y16T20,16-20 years,8.059,6,,,8058999.999999999
2016,8,Glarus,Y16T20,16-20 years,9.127,6,,,9127000.0
2017,8,Glarus,Y16T20,16-20 years,8.389,6,,,8389000.0
2018,8,Glarus,Y16T20,16-20 years,8.42,6,,,8420000.0
2019,8,Glarus,Y16T20,16-20 years,9.961,6,,,9961000.0
2020,8,Glarus,Y16T20,16-20 years,10.162,6,,,10162000.0
2021,8,Glarus,Y16T20,16-20 years,10.819,6,,,10819000.0
2022,8,Glarus,Y16T20,16-20 years,7.929,6,,,7929000.0
2023,8,Glarus,Y16T20,16-20 years,9.067,6,,,9067000.0
2024,8,Glarus,Y16T20,16-20 years,7.703,6,,,7703000.0
2011,9,Zug,Y16T20,16-20 years,19.971,6,,,19971000.0
2012,9,Zug,Y16T20,16-20 years,20.772,6,,,20772000.0
2013,9,Zug,Y16T20,16-20 years,21.516,6,,,21516000.0
2014,9,Zug,Y16T20,16-20 years,21.325,6,,,21325000.0
2015,9,Zug,Y16T20,16-20 years,24.047,6,,,24047000.0
2016,9,Zug,Y16T20,16-20 years,24.149,6,,,24149000.0
2017,9,Zug,Y16T20,16-20 years,24.429,6,,,24429000.0
2018,9,Zug,Y16T20,16-20 years,23.087,6,,,23087000.0
2019,9,Zug,Y16T20,16-20 years,24.021,6,,,24021000.0
2020,9,Zug,Y16T20,16-20 years,25.498,6,,,25498000.0
2021,9,Zug,Y16T20,16-20 years,30.445,6,,,30445000.0
2022,9,Zug,Y16T20,16-20 years,33.959,6,,,33959000.0
2023,9,Zug,Y16T20,16-20 years,31.676,6,,,31676000.0
2024,9,Zug,Y16T20,16-20 years,32.745,6,,,32744999.999999996
2011,10,Fribourg,Y16T20,16-20 years,65.184,6,,,65184000.0
2012,10,Fribourg,Y16T20,16-20 years,66.711,6,,,66711000.0
2013,10,Fribourg,Y16T20,16-20 years,70.747,6,,,70747000.0
2014,10,Fribourg,Y16T20,16-20 years,74.015,6,,,74015000.0
2015,10,Fribourg,Y16T20,16-20 years,76.757,6,,,76757000.0
2016,10,Fribourg,Y16T20,16-20 years,78.695,6,,,78695000.0
2017,10,Fribourg,Y16T20,16-20 years,81.906,6,,,81906000.0
2018,10,Fribourg,Y16T20,16-20 years,83.609,6,,,83609000.0
2019,10,Fribourg,Y16T20,16-20 years,84.817,6,,,84817000.0
2020,10,Fribourg,Y16T20,16-20 years,84.305,6,,,84305000.0
2021,10,Fribourg,Y16T20,16-20 years,95.775,6,,,95775000.0
2022,10,Fribourg,Y16T20,16-20 years,95.988,6,,,95988000.0
2023,10,Fribourg,Y16T20,16-20 years,92.748,6,,,92748000.0
2024,10,Fribourg,Y16T20,16-20 years,97.383,6,,,97383000.0
2011,11,Solothurn,Y16T20,16-20 years,71.673,6,,,71673000.0
2012,11,Solothurn,Y16T20,16-20 years,72.407,6,,,72407000.0
2013,11,Solothurn,Y16T20,16-20 years,73.73,6,,,73730000.0
2014,11,Solothurn,Y16T20,16-20 years,76.37,6,,,76370000.0
2015,11,Solothurn,Y16T20,16-20 years,77.097,6,,,77097000.0
2016,11,Solothurn,Y16T20,16-20 years,80.977,6,,,80977000.0
2017,11,Solothurn,Y16T20,16-20 years,78.963,6,,,78963000.0
2018,11,Solothurn,Y16T20,16-20 years,77.998,6,,,77998000.0
2019,11,Solothurn,Y16T20,16-20 years,98.985,6,,,98985000.0
2020,11,Solothurn,Y16T20,16-20 years,80.395,6,,,80395000.0
2021,11,Solothurn,Y16T20,16-20 years,86.514,6,,,86514000.0
2022,11,Solothurn,Y16T20,16-20 years,70.093,6,,,70093000.0
2023,11,Solothurn,Y16T20,16-20 years,68.928,6,,,68928000.0
2024,11,Solothurn,Y16T20,16-20 years,72.096,6,,,72096000.0
2011,12,Basel-Stadt,Y16T20,16-20 years,36.968,6,,,36968000.0
2012,12,Basel-Stadt,Y16T20,16-20 years,36.501,6,,,36501000.0
2013,12,Basel-Stadt,Y16T20,16-20 years,36.346,6,,,36346000.0
2014,12,Basel-Stadt,Y16T20,16-20 years,35.949,6,,,35949000.0
2015,12,Basel-Stadt,Y16T20,16-20 years,37.928,6,,,37928000.0
2016,12,Basel-Stadt,Y16T20,16-20 years,39.455,6,,,39455000.0
2017,12,Basel-Stadt,Y16T20,16-20 years,40.105,6,,,40105000.0
2018,12,Basel-Stadt,Y16T20,16-20 years,42.156,6,,,42156000.0
2019,12,Basel-Stadt,Y16T20,16-20 years,42.605,6,,,42605000.0
2020,12,Basel-Stadt,Y16T20,16-20 years,41.654,6,,,41654000.0
2021,12,Basel-Stadt,Y16T20,16-20 years,49.09,6,,,49090000.0
2022,12,Basel-Stadt,Y16T20,16-20 years,56.202,6,,,56202000.0
2023,12,Basel-Stadt,Y16T20,16-20 years,55.479,6,,,55479000.0
2024,12,Basel-Stadt,Y16T20,16-20 years,55.886,6,,,55886000.0
2011,13,Basel-Landschaft,Y16T20,16-20 years,66.567,6,,,66566999.99999999
2012,13,Basel-Landschaft,Y16T20,16-20 years,67.611,6,,,67611000.0
2013,13,Basel-Landschaft,Y16T20,16-20 years,69.779,6,,,69779000.0
2014,13,Basel-Landschaft,Y16T20,16-20 years,69.764,6,,,69764000.0
2015,13,Basel-Landschaft,Y16T20,16-20 years,71.9,6,,,71900000.0
2016,13,Basel-Landschaft,Y16T20,16-20 years,74.475,6,,,74475000.0
2017,13,Basel-Landschaft,Y16T20,16-20 years,78.764,6,,,78764000.0
2018,13,Basel-Landschaft,Y16T20,16-20 years,103.565,6,,,103565000.0
2019,13,Basel-Landschaft,Y16T20,16-20 years,76.117,6,,,76117000.0
2020,13,Basel-Landschaft,Y16T20,16-20 years,76.258,6,,,76258000.0
2021,13,Basel-Landschaft,Y16T20,16-20 years,86.761,6,,,86761000.0
2022,13,Basel-Landschaft,Y16T20,16-20 years,109.318,6,,,109318000.0
2023,13,Basel-Landschaft,Y16T20,16-20 years,114.6,6,,,114600000.0
2024,13,Basel-Landschaft,Y16T20,16-20 years,116.695,6,,,116695000.0
2011,14,Schaffhausen,Y16T20,16-20 years,17.48,6,,,17480000.0
2012,14,Schaffhausen,Y16T20,16-20 years,16.711,6,,,16710999.999999998
2013,14,Schaffhausen,Y16T20,16-20 years,17.132,6,,,17132000.0
2014,14,Schaffhausen,Y16T20,16-20 years,16.607,6,,,16607000.0
2015,14,Schaffhausen,Y16T20,16-20 years,16.566,6,,,16565999.999999998
2016,14,Schaffhausen,Y16T20,16-20 years,17.464,6,,,17464000.0
2017,14,Schaffhausen,Y16T20,16-20 years,18.208,6,,,18208000.0
2018,14,Schaffhausen,Y16T20,16-20 years,19.474,6,,,19474000.0
2019,14,Schaffhausen,Y16T20,16-20 years,18.953,6,,,18953000.0
2020,14,Schaffhausen,Y16T20,16-20 years,19.926,6,,,19926000.0
2021,14,Schaffhausen,Y16T20,16-20 years,21.55,6,,,21550000.0
2022,14,Schaffhausen,Y16T20,16-20 years,19.683,6,,,19683000.0
2023,14,Schaffhausen,Y16T20,16-20 years,19.831,6,,,19831000.0
2024,14,Schaffhausen,Y16T20,16-20 years,19.781,6,,,19781000.0
2011,15,Appenzell Ausserrhoden,Y16T20,16-20 years,11.533,6,,,11533000.0
2012,15,Appenzell Ausserrhoden,Y16T20,16-20 years,10.931,6,,,10931000.0
2013,15,Appenzell Ausserrhoden,Y16T20,16-20 years,11.453,6,,,11453000.0
2014,15,Appenzell Ausserrhoden,Y16T20,16-20 years,12.556,6,,,12556000.0
2015,15,Appenzell Ausserrhoden,Y16T20,16-20 years,12.28,6,,,12280000.0
2016,15,Appenzell Ausserrhoden,Y16T20,16-20 years,12.724,6,,,12724000.0
2017,15,Appenzell Ausserrhoden,Y16T20,16-20 years,12.489,6,,,12489000.0
2018,15,Appenzell Ausserrhoden,Y16T20,16-20 years,14.202,6,,,14202000.0
2019,15,Appenzell Ausserrhoden,Y16T20,16-20 years,14.252,6,,,14252000.0
2020,15,Appenzell Ausserrhoden,Y16T20,16-20 years,12.538,6,,,12538000.0
2021,15,Appenzell Ausserrhoden,Y16T20,16-20 years,13.022,6,,,13022000.0
2022,15,Appenzell Ausserrhoden,Y16T20,16-20 years,14.28,6,,,14280000.0
2023,15,Appenzell Ausserrhoden,Y16T20,16-20 years,15.617,6,,,15617000.0
2024,15,Appenzell Ausserrhoden,Y16T20,16-20 years,14.243,6,,,14243000.0
2011,16,Appenzell Innerrhoden,Y16T20,16-20 years,5.607,6,,,5607000.0
2012,16,Appenzell Innerrhoden,Y16T20,16-20 years,5.847,6,,,5847000.0
2013,16,Appenzell Innerrhoden,Y16T20,16-20 years,5.76,6,,,5760000.0
2014,16,Appenzell Innerrhoden,Y16T20,16-20 years,5.622,6,,,5622000.0
2015,16,Appenzell Innerrhoden,Y16T20,16-20 years,5.781,6,,,5781000.0
2016,16,Appenzell Innerrhoden,Y16T20,16-20 years,5.792,6,,,5792000.0
2017,16,Appenzell Innerrhoden,Y16T20,16-20 years,5.879,6,,,5879000.0
2018,16,Appenzell Innerrhoden,Y16T20,16-20 years,5.746,6,,,5746000.0
2019,16,Appenzell Innerrhoden,Y16T20,16-20 years,5.967,6,,,5967000.0
2020,16,Appenzell Innerrhoden,Y16T20,16-20 years,5.734,6,,,5734000.0
2021,16,Appenzell Innerrhoden,Y16T20,16-20 years,6.355,6,,,6355000.0
2022,16,Appenzell Innerrhoden,Y16T20,16-20 years,2.828,6,,,2828000.0
2023,16,Appenzell Innerrhoden,Y16T20,16-20 years,2.798,6,,,2798000.0
2024,16,Appenzell Innerrhoden,Y16T20,16-20 years,3.83,6,,,3830000.0
2011,17,St. Gallen,Y16T20,16-20 years,106.552,6,,,106552000.0
2012,17,St. Gallen,Y16T20,16-20 years,107.918,6,,,107918000.0
2013,17,St. Gallen,Y16T20,16-20 years,108.539,6,,,108539000.0
2014,17,St. Gallen,Y16T20,16-20 years,111.373,6,,,111373000.0
2015,17,St. Gallen,Y16T20,16-20 years,115.444,6,,,115444000.0
2016,17,St. Gallen,Y16T20,16-20 years,117.78,6,,,117780000.0
2017,17,St. Gallen,Y16T20,16-20 years,120.074,6,,,120074000.0
2018,17,St. Gallen,Y16T20,16-20 years,124.176,6,,,124176000.0
2019,17,St. Gallen,Y16T20,16-20 years,129.805,6,,,129805000.0
2020,17,St. Gallen,Y16T20,16-20 years,128.597,6,,,128597000.00000001
2021,17,St. Gallen,Y16T20,16-20 years,134.818,6,,,134818000.0
2022,17,St. Gallen,Y16T20,16-20 years,132.912,6,,,132912000.0
2023,17,St. Gallen,Y16T20,16-20 years,134.962,6,,,134962000.0
2024,17,St. Gallen,Y16T20,16-20 years,132.149,6,,,132149000.0
2011,18,Graubünden,Y16T20,16-20 years,42.901,6,,,42901000.0
2012,18,Graubünden,Y16T20,16-20 years,42.807,6,,,42807000.0
2013,18,Graubünden,Y16T20,16-20 years,44.258,6,,,44258000.0
2014,18,Graubünden,Y16T20,16-20 years,45.132,6,,,45132000.0
2015,18,Graubünden,Y16T20,16-20 years,45.876,6,,,45876000.0
2016,18,Graubünden,Y16T20,16-20 years,46.857,6,,,46857000.0
2017,18,Graubünden,Y16T20,16-20 years,48.039,6,,,48039000.0
2018,18,Graubünden,Y16T20,16-20 years,49.268,6,,,49268000.0
2019,18,Graubünden,Y16T20,16-20 years,44.967,6,,,44967000.0
2020,18,Graubünden,Y16T20,16-20 years,47.928,6,,,47928000.0
2021,18,Graubünden,Y16T20,16-20 years,51.024,6,,,51024000.0
2022,18,Graubünden,Y16T20,16-20 years,53.829,6,,,53829000.0
2023,18,Graubünden,Y16T20,16-20 years,55.01,6,,,55010000.0
2024,18,Graubünden,Y16T20,16-20 years,51.056,6,,,51056000.0
2011,19,Aargau,Y16T20,16-20 years,157.908,6,,,157908000.0
2012,19,Aargau,Y16T20,16-20 years,157.307,6,,,157307000.0
2013,19,Aargau,Y16T20,16-20 years,162.219,6,,,162219000.0
2014,19,Aargau,Y16T20,16-20 years,159.417,6,,,159417000.0
2015,19,Aargau,Y16T20,16-20 years,162.18,6,,,162180000.0
2016,19,Aargau,Y16T20,16-20 years,169.391,6,,,169391000.0
2017,19,Aargau,Y16T20,16-20 years,166.315,6,,,166315000.0
2018,19,Aargau,Y16T20,16-20 years,173.626,6,,,173626000.0
2019,19,Aargau,Y16T20,16-20 years,166.399,6,,,166399000.0
2020,19,Aargau,Y16T20,16-20 years,173.455,6,,,173455000.0
2021,19,Aargau,Y16T20,16-20 years,193.978,6,,,193978000.0
2022,19,Aargau,Y16T20,16-20 years,206.88,6,,,206880000.0
2023,19,Aargau,Y16T20,16-20 years,206.629,6,,,206629000.0
2024,19,Aargau,Y16T20,16-20 years,203.468,6,,,203468000.0
2011,20,Thurgau,Y16T20,16-20 years,58.004,6,,,58004000.0
2012,20,Thurgau,Y16T20,16-20 years,59.218,6,,,59218000.0
2013,20,Thurgau,Y16T20,16-20 years,60.587,6,,,60587000.0
2014,20,Thurgau,Y16T20,16-20 years,61.053,6,,,61053000.0
2015,20,Thurgau,Y16T20,16-20 years,61.717,6,,,61717000.0
2016,20,Thurgau,Y16T20,16-20 years,63.121,6,,,63121000.0
2017,20,Thurgau,Y16T20,16-20 years,63.663,6,,,63663000.0
2018,20,Thurgau,Y16T20,16-20 years,65.404,6,,,65404000.0
2019,20,Thurgau,Y16T20,16-20 years,67.264,6,,,67264000.0
2020,20,Thurgau,Y16T20,16-20 years,69.905,6,,,69905000.0
2021,20,Thurgau,Y16T20,16-20 years,73.421,6,,,73421000.0
2022,20,Thurgau,Y16T20,16-20 years,76.576,6,,,76576000.0
2023,20,Thurgau,Y16T20,16-20 years,79.464,6,,,79464000.0
2024,20,Thurgau,Y16T20,16-20 years,76.889,6,,,76889000.0
2011,21,Ticino,Y16T20,16-20 years,64.204,6,,,64203999.99999999
2012,21,Ticino,Y16T20,16-20 years,65.754,6,,,65754000.00000001
2013,21,Ticino,Y16T20,16-20 years,69.177,6,,,69177000.0
2014,21,Ticino,Y16T20,16-20 years,72.538,6,,,72538000.0
2015,21,Ticino,Y16T20,16-20 years,74.424,6,,,74424000.0
2016,21,Ticino,Y16T20,16-20 years,76.404,6,,,76404000.0
2017,21,Ticino,Y16T20,16-20 years,80.475,6,,,80475000.0
2018,21,Ticino,Y16T20,16-20 years,82.562,6,,,82562000.0
2019,21,Ticino,Y16T20,16-20 years,86.301,6,,,86301000.0
2020,21,Ticino,Y16T20,16-20 years,83.414,6,,,83414000.0
2021,21,Ticino,Y16T20,16-20 years,95.414,6,,,95414000.0
2022,21,Ticino,Y16T20,16-20 years,90.323,6,,,90323000.0
2023,21,Ticino,Y16T20,16-20 years,92.41,6,,,92410000.0
2024,21,Ticino,Y16T20,16-20 years,94.479,6,,,94479000.0
2011,22,Vaud,Y16T20,16-20 years,153.725,6,,,153725000.0
2012,22,Vaud,Y16T20,16-20 years,155.954,6,,,155954000.0
2013,22,Vaud,Y16T20,16-20 years,162.144,6,,,162144000.0
2014,22,Vaud,Y16T20,16-20 years,171.341,6,,,171341000.0
2015,22,Vaud,Y16T20,16-20 years,178.98,6,,,178980000.0
2016,22,Vaud,Y16T20,16-20 years,182.698,6,,,182698000.0
2017,22,Vaud,Y16T20,16-20 years,192.028,6,,,192028000.0
2018,22,Vaud,Y16T20,16-20 years,201.073,6,,,201073000.0
2019,22,Vaud,Y16T20,16-20 years,207.771,6,,,207771000.0
2020,22,Vaud,Y16T20,16-20 years,214.135,6,,,214135000.0
2021,22,Vaud,Y16T20,16-20 years,241.173,6,,,241173000.0
2022,22,Vaud,Y16T20,16-20 years,255.387,6,,,255387000.0
2023,22,Vaud,Y16T20,16-20 years,256.318,6,,,256317999.99999997
2024,22,Vaud,Y16T20,16-20 years,275.189,6,,,275189000.0
2011,23,Valais,Y16T20,16-20 years,71.224,6,,,71224000.0
2012,23,Valais,Y16T20,16-20 years,74.969,6,,,74969000.0
2013,23,Valais,Y16T20,16-20 years,78.17,6,,,78170000.0
2014,23,Valais,Y16T20,16-20 years,78.431,6,,,78431000.0
2015,23,Valais,Y16T20,16-20 years,78.438,6,,,78438000.0
2016,23,Valais,Y16T20,16-20 years,79.69,6,,,79690000.0
2017,23,Valais,Y16T20,16-20 years,82.423,6,,,82423000.0
2018,23,Valais,Y16T20,16-20 years,83.523,6,,,83523000.0
2019,23,Valais,Y16T20,16-20 years,81.926,6,,,81926000.0
2020,23,Valais,Y16T20,16-20 years,91.641,6,,,91641000.0
2021,23,Valais,Y16T20,16-20 years,87.784,6,,,87784000.0
2022,23,Valais,Y16T20,16-20 years,89.118,6,,,89118000.0
2023,23,Valais,Y16T20,16-20 years,87.667,6,,,87667000.0
2024,23,Valais,Y16T20,16-20 years,82.527,6,,,82527000.0
2011,24,Neuchâtel,Y16T20,16-20 years,35.827,6,,,35827000.0
2012,24,Neuchâtel,Y16T20,16-20 years,35.311,6,,,35311000.0
2013,24,Neuchâtel,Y16T20,16-20 years,37.276,6,,,37276000.0
2014,24,Neuchâtel,Y16T20,16-20 years,38.002,6,,,38002000.0
2015,24,Neuchâtel,Y16T20,16-20 years,39.45,6,,,39450000.0
2016,24,Neuchâtel,Y16T20,16-20 years,41.336,6,,,41336000.0
2017,24,Neuchâtel,Y16T20,16-20 years,42.562,6,,,42562000.0
2018,24,Neuchâtel,Y16T20,16-20 years,43.768,6,,,43768000.0
2019,24,Neuchâtel,Y16T20,16-20 years,45.308,6,,,45308000.0
2020,24,Neuchâtel,Y16T20,16-20 years,43.886,6,,,43886000.0
2021,24,Neuchâtel,Y16T20,16-20 years,49.177,6,,,49177000.0
2022,24,Neuchâtel,Y16T20,16-20 years,54.26,6,,,54260000.0
2023,24,Neuchâtel,Y16T20,16-20 years,52.622,6,,,52622000.0
2024,24,Neuchâtel,Y16T20,16-20 years,55.063,6,,,55063000.0
2011,25,Genève,Y16T20,16-20 years,109.81,6,,,109810000.0
2012,25,Genève,Y16T20,16-20 years,115.271,6,,,115271000.0
2013,25,Genève,Y16T20,16-20 years,118.372,6,,,118372000.0
2014,25,Genève,Y16T20,16-20 years,120.132,6,,,120132000.0
2015,25,Genève,Y16T20,16-20 years,125.497,6,,,125497000.0
2016,25,Genève,Y16T20,16-20 years,132.356,6,,,132356000.0
2017,25,Genève,Y16T20,16-20 years,136.296,6,,,136296000.0
2018,25,Genève,Y16T20,16-20 years,134.516,6,,,134516000.0
2019,25,Genève,Y16T20,16-20 years,142.225,6,,,142225000.0
2020,25,Genève,Y16T20,16-20 years,150.691,6,,,150691000.0
2021,25,Genève,Y16T20,16-20 years,166.876,6,,,166876000.0
2022,25,Genève,Y16T20,16-20 years,169.128,6,,,169128000.0
2023,25,Genève,Y16T20,16-20 years,162.183,6,,,162183000.0
2024,25,Genève,Y16T20,16-20 years,171.681,6,,,171681000.0
2011,26,Jura,Y16T20,16-20 years,12.216,6,,,12216000.0
2012,26,Jura,Y16T20,16-20 years,12.469,6,,,12469000.0
2013,26,Jura,Y16T20,16-20 years,12.42,6,,,12420000.0
2014,26,Jura,Y16T20,16-20 years,13.002,6,,,13002000.0
2015,26,Jura,Y16T20,16-20 years,13.901,6,,,13901000.0
2016,26,Jura,Y16T20,16-20 years,14.083,6,,,14083000.0
2017,26,Jura,Y16T20,16-20 years,15.368,6,,,15368000.0
2018,26,Jura,Y16T20,16-20 years,16.467,6,,,16466999.999999998
2019,26,Jura,Y16T20,16-20 years,15.621,6,,,15621000.0
2020,26,Jura,Y16T20,16-20 years,16.088,6,,,16088000.000000002
2021,26,Jura,Y16T20,16-20 years,20.235,6,,,20235000.0
2022,26,Jura,Y16T20,16-20 years,20.007,6,,,20007000.0
2023,26,Jura,Y16T20,16-20 years,17.295,6,,,17295000.0
2024,26,Jura,Y16T20,16-20 years,18.105,6,,,18105000.0
2011,_T,Total,Y21T25,21-25 years,1942.362,6,,,1942362000.0
2012,_T,Total,Y21T25,21-25 years,2009.497,6,,,2009497000.0
2013,_T,Total,Y21T25,21-25 years,2097.336,6,,,2097335999.9999998
2014,_T,Total,Y21T25,21-25 years,2122.454,6,,,2122454000.0000002
2015,_T,Total,Y21T25,21-25 years,2143.661,6,,,2143661000.0
2016,_T,Total,Y21T25,21-25 years,2207.785,6,,,2207785000.0
2017,_T,Total,Y21T25,21-25 years,2253.197,6,,,2253197000.0
2018,_T,Total,Y21T25,21-25 years,2254.295,6,,,2254295000.0
2019,_T,Total,Y21T25,21-25 years,2268.562,6,,,2268562000.0
2020,_T,Total,Y21T25,21-25 years,2322.179,6,,,2322179000.0
2021,_T,Total,Y21T25,21-25 years,2583.372,6,,,2583372000.0
2022,_T,Total,Y21T25,21-25 years,2617.672,6,,,2617672000.0
2023,_T,Total,Y21T25,21-25 years,2559.613,6,,,2559613000.0
2024,_T,Total,Y21T25,21-25 years,2558.49,6,,,2558490000.0
2011,1,Zürich,Y21T25,21-25 years,339.109,6,,,339109000.0
2012,1,Zürich,Y21T25,21-25 years,349.076,6,,,349076000.0
2013,1,Zürich,Y21T25,21-25 years,370.333,6,,,370333000.0
2014,1,Zürich,Y21T25,21-25 years,371.659,6,,,371659000.0
2015,1,Zürich,Y21T25,21-25 years,376.338,6,,,376338000.0
2016,1,Zürich,Y21T25,21-25 years,386.08,6,,,386080000.0
2017,1,Zürich,Y21T25,21-25 years,395.575,6,,,395575000.0
2018,1,Zürich,Y21T25,21-25 years,396.045,6,,,396045000.0
2019,1,Zürich,Y21T25,21-25 years,393.217,6,,,393217000.0
2020,1,Zürich,Y21T25,21-25 years,400.851,6,,,400851000.0
2021,1,Zürich,Y21T25,21-25 years,443.648,6,,,443648000.0
2022,1,Zürich,Y21T25,21-25 years,459.886,6,,,459886000.0
2023,1,Zürich,Y21T25,21-25 years,442.747,6,,,442747000.0
2024,1,Zürich,Y21T25,21-25 years,446.099,6,,,446099000.0
2011,2,Bern,Y21T25,21-25 years,249.088,6,,,249088000.0
2012,2,Bern,Y21T25,21-25 years,256.948,6,,,256947999.99999997
2013,2,Bern,Y21T25,21-25 years,265.719,6,,,265719000.0
2014,2,Bern,Y21T25,21-25 years,265.042,6,,,265041999.99999997
2015,2,Bern,Y21T25,21-25 years,273.23,6,,,273230000.0
2016,2,Bern,Y21T25,21-25 years,277.637,6,,,277637000.0
2017,2,Bern,Y21T25,21-25 years,283.383,6,,,283383000.0
2018,2,Bern,Y21T25,21-25 years,288.364,6,,,288364000.0
2019,2,Bern,Y21T25,21-25 years,284.02,6,,,284020000.0
2020,2,Bern,Y21T25,21-25 years,288.996,6,,,288996000.0
2021,2,Bern,Y21T25,21-25 years,330.885,6,,,330885000.0
2022,2,Bern,Y21T25,21-25 years,321.898,6,,,321898000.0
2023,2,Bern,Y21T25,21-25 years,318.329,6,,,318329000.0
2024,2,Bern,Y21T25,21-25 years,318.899,6,,,318899000.0
2011,3,Luzern,Y21T25,21-25 years,96.002,6,,,96002000.0
2012,3,Luzern,Y21T25,21-25 years,98.514,6,,,98514000.0
2013,3,Luzern,Y21T25,21-25 years,102.19,6,,,102190000.0
2014,3,Luzern,Y21T25,21-25 years,101.286,6,,,101286000.0
2015,3,Luzern,Y21T25,21-25 years,102.505,6,,,102505000.0
2016,3,Luzern,Y21T25,21-25 years,105.127,6,,,105127000.0
2017,3,Luzern,Y21T25,21-25 years,105.475,6,,,105475000.0
2018,3,Luzern,Y21T25,21-25 years,98.368,6,,,98368000.0
2019,3,Luzern,Y21T25,21-25 years,103.41,6,,,103410000.0
2020,3,Luzern,Y21T25,21-25 years,107.382,6,,,107382000.0
2021,3,Luzern,Y21T25,21-25 years,117.997,6,,,117997000.0
2022,3,Luzern,Y21T25,21-25 years,118.567,6,,,118567000.0
2023,3,Luzern,Y21T25,21-25 years,107.419,6,,,107419000.0
2024,3,Luzern,Y21T25,21-25 years,110.062,6,,,110062000.0
2011,4,Uri,Y21T25,21-25 years,8.032,6,,,8032000.0
2012,4,Uri,Y21T25,21-25 years,8.149,6,,,8148999.999999999
2013,4,Uri,Y21T25,21-25 years,10.71,6,,,10710000.0
2014,4,Uri,Y21T25,21-25 years,10.512,6,,,10512000.0
2015,4,Uri,Y21T25,21-25 years,10.642,6,,,10642000.0
2016,4,Uri,Y21T25,21-25 years,10.86,6,,,10860000.0
2017,4,Uri,Y21T25,21-25 years,10.314,6,,,10314000.0
2018,4,Uri,Y21T25,21-25 years,9.759,6,,,9759000.0
2019,4,Uri,Y21T25,21-25 years,8.664,6,,,8664000.0
2020,4,Uri,Y21T25,21-25 years,9.664,6,,,9664000.0
2021,4,Uri,Y21T25,21-25 years,9.682,6,,,9682000.0
2022,4,Uri,Y21T25,21-25 years,7.866,6,,,7866000.0
2023,4,Uri,Y21T25,21-25 years,7.543,6,,,7543000.0
2024,4,Uri,Y21T25,21-25 years,6.74,6,,,6740000.0
2011,5,Schwyz,Y21T25,21-25 years,33.458,6,,,33458000.0
2012,5,Schwyz,Y21T25,21-25 years,33.977,6,,,33977000.0
2013,5,Schwyz,Y21T25,21-25 years,35.362,6,,,35362000.0
2014,5,Schwyz,Y21T25,21-25 years,35.453,6,,,35453000.0
2015,5,Schwyz,Y21T25,21-25 years,36.036,6,,,36036000.0
2016,5,Schwyz,Y21T25,21-25 years,37.111,6,,,37111000.0
2017,5,Schwyz,Y21T25,21-25 years,38.441,6,,,38441000.0
2018,5,Schwyz,Y21T25,21-25 years,38.766,6,,,38766000.0
2019,5,Schwyz,Y21T25,21-25 years,37.541,6,,,37541000.0
2020,5,Schwyz,Y21T25,21-25 years,39.945,6,,,39945000.0
2021,5,Schwyz,Y21T25,21-25 years,42.485,6,,,42485000.0
2022,5,Schwyz,Y21T25,21-25 years,40.724,6,,,40724000.0
2023,5,Schwyz,Y21T25,21-25 years,38.73,6,,,38730000.0
2024,5,Schwyz,Y21T25,21-25 years,35.14,6,,,35140000.0
2011,6,Obwalden,Y21T25,21-25 years,7.157,6,,,7157000.0
2012,6,Obwalden,Y21T25,21-25 years,7.639,6,,,7639000.0
2013,6,Obwalden,Y21T25,21-25 years,8.008,6,,,8007999.999999999
2014,6,Obwalden,Y21T25,21-25 years,7.737,6,,,7737000.0
2015,6,Obwalden,Y21T25,21-25 years,7.928,6,,,7928000.0
2016,6,Obwalden,Y21T25,21-25 years,7.79,6,,,7790000.0
2017,6,Obwalden,Y21T25,21-25 years,7.789,6,,,7789000.0
2018,6,Obwalden,Y21T25,21-25 years,9.164,6,,,9164000.0
2019,6,Obwalden,Y21T25,21-25 years,9.042,6,,,9042000.0
2020,6,Obwalden,Y21T25,21-25 years,9.466,6,,,9466000.0
2021,6,Obwalden,Y21T25,21-25 years,12.076,6,,,12076000.0
2022,6,Obwalden,Y21T25,21-25 years,11.39,6,,,11390000.0
2023,6,Obwalden,Y21T25,21-25 years,9.239,6,,,9239000.0
2024,6,Obwalden,Y21T25,21-25 years,9.216,6,,,9216000.0
2011,7,Nidwalden,Y21T25,21-25 years,8.751,6,,,8751000.0
2012,7,Nidwalden,Y21T25,21-25 years,8.638,6,,,8638000.0
2013,7,Nidwalden,Y21T25,21-25 years,8.706,6,,,8706000.0
2014,7,Nidwalden,Y21T25,21-25 years,8.783,6,,,8783000.0
2015,7,Nidwalden,Y21T25,21-25 years,9.198,6,,,9198000.0
2016,7,Nidwalden,Y21T25,21-25 years,9.427,6,,,9427000.0
2017,7,Nidwalden,Y21T25,21-25 years,9.752,6,,,9752000.0
2018,7,Nidwalden,Y21T25,21-25 years,9.676,6,,,9676000.0
2019,7,Nidwalden,Y21T25,21-25 years,10.412,6,,,10412000.0
2020,7,Nidwalden,Y21T25,21-25 years,10.212,6,,,10212000.0
2021,7,Nidwalden,Y21T25,21-25 years,11.739,6,,,11739000.0
2022,7,Nidwalden,Y21T25,21-25 years,11.162,6,,,11162000.0
2023,7,Nidwalden,Y21T25,21-25 years,10.808,6,,,10808000.0
2024,7,Nidwalden,Y21T25,21-25 years,10.812,6,,,10812000.0
2011,8,Glarus,Y21T25,21-25 years,11.59,6,,,11590000.0
2012,8,Glarus,Y21T25,21-25 years,11.165,6,,,11165000.0
2013,8,Glarus,Y21T25,21-25 years,10.577,6,,,10577000.0
2014,8,Glarus,Y21T25,21-25 years,10.465,6,,,10465000.0
2015,8,Glarus,Y21T25,21-25 years,11.658,6,,,11658000.0
2016,8,Glarus,Y21T25,21-25 years,11.646,6,,,11646000.0
2017,8,Glarus,Y21T25,21-25 years,11.019,6,,,11019000.0
2018,8,Glarus,Y21T25,21-25 years,13.679,6,,,13679000.0
2019,8,Glarus,Y21T25,21-25 years,15.911,6,,,15911000.0
2020,8,Glarus,Y21T25,21-25 years,12.001,6,,,12001000.0
2021,8,Glarus,Y21T25,21-25 years,13.877,6,,,13877000.0
2022,8,Glarus,Y21T25,21-25 years,14.826,6,,,14826000.0
2023,8,Glarus,Y21T25,21-25 years,12.46,6,,,12460000.0
2024,8,Glarus,Y21T25,21-25 years,12.916,6,,,12916000.0
2011,9,Zug,Y21T25,21-25 years,19.692,6,,,19692000.0
2012,9,Zug,Y21T25,21-25 years,20.856,6,,,20856000.0
2013,9,Zug,Y21T25,21-25 years,21.16,6,,,21160000.0
2014,9,Zug,Y21T25,21-25 years,22.479,6,,,22479000.0
2015,9,Zug,Y21T25,21-25 years,22.724,6,,,22724000.0
2016,9,Zug,Y21T25,21-25 years,24.144,6,,,24144000.0
2017,9,Zug,Y21T25,21-25 years,24.543,6,,,24543000.0
2018,9,Zug,Y21T25,21-25 years,26.038,6,,,26038000.0
2019,9,Zug,Y21T25,21-25 years,25.086,6,,,25086000.0
2020,9,Zug,Y21T25,21-25 years,26.467,6,,,26467000.0
2021,9,Zug,Y21T25,21-25 years,29.879,6,,,29879000.0
2022,9,Zug,Y21T25,21-25 years,31.031,6,,,31031000.0
2023,9,Zug,Y21T25,21-25 years,30.931,6,,,30931000.0
2024,9,Zug,Y21T25,21-25 years,31.258,6,,,31258000.0
2011,10,Fribourg,Y21T25,21-25 years,66.198,6,,,66197999.99999999
2012,10,Fribourg,Y21T25,21-25 years,69.841,6,,,69841000.0
2013,10,Fribourg,Y21T25,21-25 years,75.291,6,,,75291000.0
2014,10,Fribourg,Y21T25,21-25 years,76.294,6,,,76294000.0
2015,10,Fribourg,Y21T25,21-25 years,78.33,6,,,78330000.0
2016,10,Fribourg,Y21T25,21-25 years,79.686,6,,,79686000.0
2017,10,Fribourg,Y21T25,21-25 years,81.844,6,,,81844000.0
2018,10,Fribourg,Y21T25,21-25 years,82.436,6,,,82436000.0
2019,10,Fribourg,Y21T25,21-25 years,83.032,6,,,83032000.0
2020,10,Fribourg,Y21T25,21-25 years,85.423,6,,,85423000.0
2021,10,Fribourg,Y21T25,21-25 years,98.683,6,,,98683000.0
2022,10,Fribourg,Y21T25,21-25 years,102.036,6,,,102036000.0
2023,10,Fribourg,Y21T25,21-25 years,102.827,6,,,102827000.0
2024,10,Fribourg,Y21T25,21-25 years,102.792,6,,,102792000.0
2011,11,Solothurn,Y21T25,21-25 years,62.01,6,,,62010000.0
2012,11,Solothurn,Y21T25,21-25 years,63.662,6,,,63662000.0
2013,11,Solothurn,Y21T25,21-25 years,66.923,6,,,66923000.0
2014,11,Solothurn,Y21T25,21-25 years,67.758,6,,,67758000.0
2015,11,Solothurn,Y21T25,21-25 years,69.581,6,,,69581000.0
2016,11,Solothurn,Y21T25,21-25 years,77.631,6,,,77631000.0
2017,11,Solothurn,Y21T25,21-25 years,73.866,6,,,73866000.0
2018,11,Solothurn,Y21T25,21-25 years,73.68,6,,,73680000.0
2019,11,Solothurn,Y21T25,21-25 years,74.304,6,,,74304000.0
2020,11,Solothurn,Y21T25,21-25 years,76.834,6,,,76834000.0
2021,11,Solothurn,Y21T25,21-25 years,84.561,6,,,84561000.0
2022,11,Solothurn,Y21T25,21-25 years,81.691,6,,,81691000.0
2023,11,Solothurn,Y21T25,21-25 years,80.99,6,,,80990000.0
2024,11,Solothurn,Y21T25,21-25 years,79.824,6,,,79824000.0
2011,12,Basel-Stadt,Y21T25,21-25 years,55.942,6,,,55942000.0
2012,12,Basel-Stadt,Y21T25,21-25 years,57.493,6,,,57493000.0
2013,12,Basel-Stadt,Y21T25,21-25 years,57.483,6,,,57483000.0
2014,12,Basel-Stadt,Y21T25,21-25 years,57.807,6,,,57807000.0
2015,12,Basel-Stadt,Y21T25,21-25 years,60.038,6,,,60038000.0
2016,12,Basel-Stadt,Y21T25,21-25 years,60.433,6,,,60433000.0
2017,12,Basel-Stadt,Y21T25,21-25 years,61.672,6,,,61672000.0
2018,12,Basel-Stadt,Y21T25,21-25 years,60.425,6,,,60425000.0
2019,12,Basel-Stadt,Y21T25,21-25 years,63.696,6,,,63696000.0
2020,12,Basel-Stadt,Y21T25,21-25 years,62.916,6,,,62916000.0
2021,12,Basel-Stadt,Y21T25,21-25 years,69.413,6,,,69413000.0
2022,12,Basel-Stadt,Y21T25,21-25 years,64.427,6,,,64427000.00000001
2023,12,Basel-Stadt,Y21T25,21-25 years,64.477,6,,,64477000.00000001
2024,12,Basel-Stadt,Y21T25,21-25 years,64.3,6,,,64300000.0
2011,13,Basel-Landschaft,Y21T25,21-25 years,68.615,6,,,68615000.0
2012,13,Basel-Landschaft,Y21T25,21-25 years,73.455,6,,,73455000.0
2013,13,Basel-Landschaft,Y21T25,21-25 years,76.729,6,,,76729000.0
2014,13,Basel-Landschaft,Y21T25,21-25 years,75.456,6,,,75456000.0
2015,13,Basel-Landschaft,Y21T25,21-25 years,78.7,6,,,78700000.0
2016,13,Basel-Landschaft,Y21T25,21-25 years,77.882,6,,,77882000.0
2017,13,Basel-Landschaft,Y21T25,21-25 years,79.677,6,,,79677000.0
2018,13,Basel-Landschaft,Y21T25,21-25 years,83.677,6,,,83677000.0
2019,13,Basel-Landschaft,Y21T25,21-25 years,83.319,6,,,83319000.0
2020,13,Basel-Landschaft,Y21T25,21-25 years,83.294,6,,,83294000.0
2021,13,Basel-Landschaft,Y21T25,21-25 years,89.305,6,,,89305000.0
2022,13,Basel-Landschaft,Y21T25,21-25 years,90.938,6,,,90938000.0
2023,13,Basel-Landschaft,Y21T25,21-25 years,91.437,6,,,91437000.0
2024,13,Basel-Landschaft,Y21T25,21-25 years,85.882,6,,,85882000.0
2011,14,Schaffhausen,Y21T25,21-25 years,21.324,6,,,21324000.0
2012,14,Schaffhausen,Y21T25,21-25 years,22.635,6,,,22635000.0
2013,14,Schaffhausen,Y21T25,21-25 years,22.233,6,,,22233000.0
2014,14,Schaffhausen,Y21T25,21-25 years,22.372,6,,,22372000.0
2015,14,Schaffhausen,Y21T25,21-25 years,21.137,6,,,21137000.0
2016,14,Schaffhausen,Y21T25,21-25 years,21.823,6,,,21823000.0
2017,14,Schaffhausen,Y21T25,21-25 years,23.325,6,,,23325000.0
2018,14,Schaffhausen,Y21T25,21-25 years,22.499,6,,,22499000.0
2019,14,Schaffhausen,Y21T25,21-25 years,22.459,6,,,22459000.0
2020,14,Schaffhausen,Y21T25,21-25 years,24.762,6,,,24762000.0
2021,14,Schaffhausen,Y21T25,21-25 years,28.109,6,,,28109000.0
2022,14,Schaffhausen,Y21T25,21-25 years,23.482,6,,,23482000.0
2023,14,Schaffhausen,Y21T25,21-25 years,25.38,6,,,25380000.0
2024,14,Schaffhausen,Y21T25,21-25 years,26.082,6,,,26082000.0
2011,15,Appenzell Ausserrhoden,Y21T25,21-25 years,12.834,6,,,12834000.0
2012,15,Appenzell Ausserrhoden,Y21T25,21-25 years,14.343,6,,,14343000.0
2013,15,Appenzell Ausserrhoden,Y21T25,21-25 years,15.144,6,,,15144000.0
2014,15,Appenzell Ausserrhoden,Y21T25,21-25 years,15.899,6,,,15899000.0
2015,15,Appenzell Ausserrhoden,Y21T25,21-25 years,17.2,6,,,17200000.0
2016,15,Appenzell Ausserrhoden,Y21T25,21-25 years,19.693,6,,,19693000.0
2017,15,Appenzell Ausserrhoden,Y21T25,21-25 years,16.172,6,,,16172000.0
2018,15,Appenzell Ausserrhoden,Y21T25,21-25 years,14.611,6,,,14611000.0
2019,15,Appenzell Ausserrhoden,Y21T25,21-25 years,15.388,6,,,15388000.0
2020,15,Appenzell Ausserrhoden,Y21T25,21-25 years,14.45,6,,,14450000.0
2021,15,Appenzell Ausserrhoden,Y21T25,21-25 years,15.906,6,,,15906000.0
2022,15,Appenzell Ausserrhoden,Y21T25,21-25 years,15.255,6,,,15255000.0
2023,15,Appenzell Ausserrhoden,Y21T25,21-25 years,15.927,6,,,15927000.0
2024,15,Appenzell Ausserrhoden,Y21T25,21-25 years,16.211,6,,,16210999.999999998
2011,16,Appenzell Innerrhoden,Y21T25,21-25 years,3.052,6,,,3052000.0
2012,16,Appenzell Innerrhoden,Y21T25,21-25 years,3.239,6,,,3239000.0
2013,16,Appenzell Innerrhoden,Y21T25,21-25 years,3.29,6,,,3290000.0
2014,16,Appenzell Innerrhoden,Y21T25,21-25 years,3.479,6,,,3479000.0
2015,16,Appenzell Innerrhoden,Y21T25,21-25 years,3.295,6,,,3295000.0
2016,16,Appenzell Innerrhoden,Y21T25,21-25 years,3.616,6,,,3616000.0
2017,16,Appenzell Innerrhoden,Y21T25,21-25 years,3.588,6,,,3588000.0
2018,16,Appenzell Innerrhoden,Y21T25,21-25 years,2.906,6,,,2906000.0
2019,16,Appenzell Innerrhoden,Y21T25,21-25 years,2.88,6,,,2880000.0
2020,16,Appenzell Innerrhoden,Y21T25,21-25 years,2.355,6,,,2355000.0
2021,16,Appenzell Innerrhoden,Y21T25,21-25 years,3.088,6,,,3088000.0
2022,16,Appenzell Innerrhoden,Y21T25,21-25 years,3.006,6,,,3006000.0
2023,16,Appenzell Innerrhoden,Y21T25,21-25 years,2.42,6,,,2420000.0
2024,16,Appenzell Innerrhoden,Y21T25,21-25 years,2.447,6,,,2447000.0
2011,17,St. Gallen,Y21T25,21-25 years,123.077,6,,,123077000.0
2012,17,St. Gallen,Y21T25,21-25 years,128.11,6,,,128110000.00000001
2013,17,St. Gallen,Y21T25,21-25 years,136.822,6,,,136822000.0
2014,17,St. Gallen,Y21T25,21-25 years,138.58,6,,,138580000.0
2015,17,St. Gallen,Y21T25,21-25 years,140.017,6,,,140017000.0
2016,17,St. Gallen,Y21T25,21-25 years,145.921,6,,,145921000.0
2017,17,St. Gallen,Y21T25,21-25 years,143.343,6,,,143343000.0
2018,17,St. Gallen,Y21T25,21-25 years,141.023,6,,,141023000.0
2019,17,St. Gallen,Y21T25,21-25 years,143.061,6,,,143061000.0
2020,17,St. Gallen,Y21T25,21-25 years,148.174,6,,,148174000.0
2021,17,St. Gallen,Y21T25,21-25 years,158.36,6,,,158360000.0
2022,17,St. Gallen,Y21T25,21-25 years,164.29,6,,,164290000.0
2023,17,St. Gallen,Y21T25,21-25 years,154.279,6,,,154279000.0
2024,17,St. Gallen,Y21T25,21-25 years,153.583,6,,,153583000.0
2011,18,Graubünden,Y21T25,21-25 years,44.064,6,,,44064000.0
2012,18,Graubünden,Y21T25,21-25 years,44.111,6,,,44111000.0
2013,18,Graubünden,Y21T25,21-25 years,46.695,6,,,46695000.0
2014,18,Graubünden,Y21T25,21-25 years,47.121,6,,,47121000.0
2015,18,Graubünden,Y21T25,21-25 years,48.184,6,,,48184000.0
2016,18,Graubünden,Y21T25,21-25 years,49.1,6,,,49100000.0
2017,18,Graubünden,Y21T25,21-25 years,49.603,6,,,49603000.0
2018,18,Graubünden,Y21T25,21-25 years,48.662,6,,,48662000.0
2019,18,Graubünden,Y21T25,21-25 years,49.946,6,,,49946000.0
2020,18,Graubünden,Y21T25,21-25 years,50.708,6,,,50708000.0
2021,18,Graubünden,Y21T25,21-25 years,56.761,6,,,56761000.0
2022,18,Graubünden,Y21T25,21-25 years,56.93,6,,,56930000.0
2023,18,Graubünden,Y21T25,21-25 years,56.982,6,,,56982000.0
2024,18,Graubünden,Y21T25,21-25 years,53.324,6,,,53324000.0
2011,19,Aargau,Y21T25,21-25 years,160.002,6,,,160002000.0
2012,19,Aargau,Y21T25,21-25 years,170.009,6,,,170009000.0
2013,19,Aargau,Y21T25,21-25 years,172.924,6,,,172924000.0
2014,19,Aargau,Y21T25,21-25 years,182.888,6,,,182888000.0
2015,19,Aargau,Y21T25,21-25 years,172.657,6,,,172657000.0
2016,19,Aargau,Y21T25,21-25 years,175.054,6,,,175054000.0
2017,19,Aargau,Y21T25,21-25 years,181.634,6,,,181634000.0
2018,19,Aargau,Y21T25,21-25 years,177.278,6,,,177278000.0
2019,19,Aargau,Y21T25,21-25 years,178.902,6,,,178902000.0
2020,19,Aargau,Y21T25,21-25 years,184.964,6,,,184964000.0
2021,19,Aargau,Y21T25,21-25 years,203.027,6,,,203027000.0
2022,19,Aargau,Y21T25,21-25 years,213.093,6,,,213093000.0
2023,19,Aargau,Y21T25,21-25 years,209.929,6,,,209929000.0
2024,19,Aargau,Y21T25,21-25 years,208.318,6,,,208318000.0
2011,20,Thurgau,Y21T25,21-25 years,73.997,6,,,73997000.0
2012,20,Thurgau,Y21T25,21-25 years,76.228,6,,,76228000.0
2013,20,Thurgau,Y21T25,21-25 years,80.955,6,,,80955000.0
2014,20,Thurgau,Y21T25,21-25 years,81.395,6,,,81395000.0
2015,20,Thurgau,Y21T25,21-25 years,83.223,6,,,83223000.0
2016,20,Thurgau,Y21T25,21-25 years,85.59,6,,,85590000.0
2017,20,Thurgau,Y21T25,21-25 years,86.74,6,,,86740000.0
2018,20,Thurgau,Y21T25,21-25 years,82.124,6,,,82124000.0
2019,20,Thurgau,Y21T25,21-25 years,83.172,6,,,83172000.0
2020,20,Thurgau,Y21T25,21-25 years,83.69,6,,,83690000.0
2021,20,Thurgau,Y21T25,21-25 years,92.346,6,,,92346000.0
2022,20,Thurgau,Y21T25,21-25 years,87.494,6,,,87494000.0
2023,20,Thurgau,Y21T25,21-25 years,86.414,6,,,86414000.0
2024,20,Thurgau,Y21T25,21-25 years,86.111,6,,,86111000.0
2011,21,Ticino,Y21T25,21-25 years,54.363,6,,,54363000.0
2012,21,Ticino,Y21T25,21-25 years,56.019,6,,,56019000.0
2013,21,Ticino,Y21T25,21-25 years,57.689,6,,,57689000.0
2014,21,Ticino,Y21T25,21-25 years,60.503,6,,,60503000.0
2015,21,Ticino,Y21T25,21-25 years,63.173,6,,,63173000.0
2016,21,Ticino,Y21T25,21-25 years,64.388,6,,,64388000.00000001
2017,21,Ticino,Y21T25,21-25 years,69.834,6,,,69834000.0
2018,21,Ticino,Y21T25,21-25 years,72.594,6,,,72594000.0
2019,21,Ticino,Y21T25,21-25 years,74.765,6,,,74765000.0
2020,21,Ticino,Y21T25,21-25 years,76.463,6,,,76463000.0
2021,21,Ticino,Y21T25,21-25 years,88.581,6,,,88581000.0
2022,21,Ticino,Y21T25,21-25 years,104.724,6,,,104724000.0
2023,21,Ticino,Y21T25,21-25 years,104.377,6,,,104377000.0
2024,21,Ticino,Y21T25,21-25 years,107.78,6,,,107780000.0
2011,22,Vaud,Y21T25,21-25 years,173.366,6,,,173366000.0
2012,22,Vaud,Y21T25,21-25 years,179.918,6,,,179918000.0
2013,22,Vaud,Y21T25,21-25 years,185.574,6,,,185574000.0
2014,22,Vaud,Y21T25,21-25 years,191.244,6,,,191244000.0
2015,22,Vaud,Y21T25,21-25 years,189.714,6,,,189714000.0
2016,22,Vaud,Y21T25,21-25 years,195.54,6,,,195540000.0
2017,22,Vaud,Y21T25,21-25 years,201.563,6,,,201563000.0
2018,22,Vaud,Y21T25,21-25 years,202.643,6,,,202643000.0
2019,22,Vaud,Y21T25,21-25 years,210.572,6,,,210572000.0
2020,22,Vaud,Y21T25,21-25 years,217.255,6,,,217255000.0
2021,22,Vaud,Y21T25,21-25 years,247.633,6,,,247633000.0
2022,22,Vaud,Y21T25,21-25 years,248.875,6,,,248875000.0
2023,22,Vaud,Y21T25,21-25 years,248.076,6,,,248076000.0
2024,22,Vaud,Y21T25,21-25 years,256.126,6,,,256125999.99999997
2011,23,Valais,Y21T25,21-25 years,72.764,6,,,72764000.0
2012,23,Valais,Y21T25,21-25 years,73.955,6,,,73955000.0
2013,23,Valais,Y21T25,21-25 years,75.471,6,,,75471000.0
2014,23,Valais,Y21T25,21-25 years,75.785,6,,,75785000.0
2015,23,Valais,Y21T25,21-25 years,75.001,6,,,75001000.0
2016,23,Valais,Y21T25,21-25 years,78.714,6,,,78714000.0
2017,23,Valais,Y21T25,21-25 years,88.997,6,,,88997000.0
2018,23,Valais,Y21T25,21-25 years,98.223,6,,,98223000.0
2019,23,Valais,Y21T25,21-25 years,84.294,6,,,84294000.0
2020,23,Valais,Y21T25,21-25 years,88.385,6,,,88385000.0
2021,23,Valais,Y21T25,21-25 years,91.273,6,,,91273000.0
2022,23,Valais,Y21T25,21-25 years,97.07,6,,,97070000.0
2023,23,Valais,Y21T25,21-25 years,94.808,6,,,94808000.0
2024,23,Valais,Y21T25,21-25 years,91.155,6,,,91155000.0
2011,24,Neuchâtel,Y21T25,21-25 years,37.416,6,,,37416000.0
2012,24,Neuchâtel,Y21T25,21-25 years,37.905,6,,,37905000.0
2013,24,Neuchâtel,Y21T25,21-25 years,40.781,6,,,40781000.0
2014,24,Neuchâtel,Y21T25,21-25 years,39.81,6,,,39810000.0
2015,24,Neuchâtel,Y21T25,21-25 years,41.061,6,,,41061000.0
2016,24,Neuchâtel,Y21T25,21-25 years,43.339,6,,,43339000.0
2017,24,Neuchâtel,Y21T25,21-25 years,43.942,6,,,43942000.0
2018,24,Neuchâtel,Y21T25,21-25 years,43.393,6,,,43393000.0
2019,24,Neuchâtel,Y21T25,21-25 years,46.961,6,,,46961000.0
2020,24,Neuchâtel,Y21T25,21-25 years,49.064,6,,,49064000.0
2021,24,Neuchâtel,Y21T25,21-25 years,54.129,6,,,54129000.0
2022,24,Neuchâtel,Y21T25,21-25 years,59.192,6,,,59192000.0
2023,24,Neuchâtel,Y21T25,21-25 years,55.268,6,,,55268000.0
2024,24,Neuchâtel,Y21T25,21-25 years,59.98,6,,,59980000.0
2011,25,Genève,Y21T25,21-25 years,125.876,6,,,125876000.0
2012,25,Genève,Y21T25,21-25 years,128.41,6,,,128410000.0
2013,25,Genève,Y21T25,21-25 years,134.58,6,,,134580000.0
2014,25,Genève,Y21T25,21-25 years,135.837,6,,,135837000.0
2015,25,Genève,Y21T25,21-25 years,136.418,6,,,136418000.0
2016,25,Genève,Y21T25,21-25 years,143.534,6,,,143534000.0
2017,25,Genève,Y21T25,21-25 years,144.673,6,,,144673000.0
2018,25,Genève,Y21T25,21-25 years,142.651,6,,,142651000.0
2019,25,Genève,Y21T25,21-25 years,148.119,6,,,148119000.0
2020,25,Genève,Y21T25,21-25 years,152.35,6,,,152350000.0
2021,25,Genève,Y21T25,21-25 years,171.533,6,,,171533000.0
2022,25,Genève,Y21T25,21-25 years,166.474,6,,,166474000.0
2023,25,Genève,Y21T25,21-25 years,166.857,6,,,166857000.0
2024,25,Genève,Y21T25,21-25 years,163.185,6,,,163185000.0
2011,26,Jura,Y21T25,21-25 years,14.584,6,,,14584000.0
2012,26,Jura,Y21T25,21-25 years,15.199,6,,,15199000.0
2013,26,Jura,Y21T25,21-25 years,15.989,6,,,15989000.0
2014,26,Jura,Y21T25,21-25 years,16.81,6,,,16810000.0
2015,26,Jura,Y21T25,21-25 years,15.674,6,,,15674000.0
2016,26,Jura,Y21T25,21-25 years,16.02,6,,,16020000.0
2017,26,Jura,Y21T25,21-25 years,16.431,6,,,16431000.000000002
2018,26,Jura,Y21T25,21-25 years,15.612,6,,,15612000.0
2019,26,Jura,Y21T25,21-25 years,16.388,6,,,16388000.000000002
2020,26,Jura,Y21T25,21-25 years,16.109,6,,,16109000.000000002
2021,26,Jura,Y21T25,21-25 years,18.396,6,,,18396000.0
2022,26,Jura,Y21T25,21-25 years,21.346,6,,,21346000.0
2023,26,Jura,Y21T25,21-25 years,20.96,6,,,20960000.0
2024,26,Jura,Y21T25,21-25 years,20.249,6,,,20249000.0
2011,_T,Total,Y26T30,26-30 years,2381.142,6,,,2381142000.0
2012,_T,Total,Y26T30,26-30 years,2530.933,6,,,2530933000.0
2013,_T,Total,Y26T30,26-30 years,2619.562,6,,,2619562000.0
2014,_T,Total,Y26T30,26-30 years,2681.913,6,,,2681913000.0
2015,_T,Total,Y26T30,26-30 years,2753.337,6,,,2753337000.0
2016,_T,Total,Y26T30,26-30 years,2877.679,6,,,2877679000.0
2017,_T,Total,Y26T30,26-30 years,2925.531,6,,,2925531000.0
2018,_T,Total,Y26T30,26-30 years,3013.797,6,,,3013797000.0
2019,_T,Total,Y26T30,26-30 years,3115.89,6,,,3115890000.0
2020,_T,Total,Y26T30,26-30 years,3114.209,6,,,3114209000.0
2021,_T,Total,Y26T30,26-30 years,3452.854,6,,,3452854000.0
2022,_T,Total,Y26T30,26-30 years,3457.949,6,,,3457949000.0
2023,_T,Total,Y26T30,26-30 years,3322.584,6,,,3322584000.0
2024,_T,Total,Y26T30,26-30 years,3821.434,6,,,3821434000.0
2011,1,Zürich,Y26T30,26-30 years,444.922,6,,,444922000.0
2012,1,Zürich,Y26T30,26-30 years,468.565,6,,,468565000.0
2013,1,Zürich,Y26T30,26-30 years,486.12,6,,,486120000.0
2014,1,Zürich,Y26T30,26-30 years,498.828,6,,,498828000.0
2015,1,Zürich,Y26T30,26-30 years,507.865,6,,,507865000.0
2016,1,Zürich,Y26T30,26-30 years,529.439,6,,,529438999.99999994
2017,1,Zürich,Y26T30,26-30 years,540.143,6,,,540143000.0
2018,1,Zürich,Y26T30,26-30 years,550.329,6,,,550329000.0
2019,1,Zürich,Y26T30,26-30 years,565.044,6,,,565044000.0
2020,1,Zürich,Y26T30,26-30 years,569.942,6,,,569942000.0
2021,1,Zürich,Y26T30,26-30 years,624.009,6,,,624009000.0
2022,1,Zürich,Y26T30,26-30 years,616.726,6,,,616726000.0
2023,1,Zürich,Y26T30,26-30 years,601.231,6,,,601231000.0
2024,1,Zürich,Y26T30,26-30 years,602.298,6,,,602298000.0
2011,2,Bern,Y26T30,26-30 years,314.264,6,,,314264000.0
2012,2,Bern,Y26T30,26-30 years,333.302,6,,,333302000.0
2013,2,Bern,Y26T30,26-30 years,345.064,6,,,345064000.0
2014,2,Bern,Y26T30,26-30 years,354.787,6,,,354787000.0
2015,2,Bern,Y26T30,26-30 years,368.404,6,,,368404000.0
2016,2,Bern,Y26T30,26-30 years,379.539,6,,,379539000.0
2017,2,Bern,Y26T30,26-30 years,393.584,6,,,393584000.0
2018,2,Bern,Y26T30,26-30 years,427.086,6,,,427086000.0
2019,2,Bern,Y26T30,26-30 years,435.568,6,,,435568000.0
2020,2,Bern,Y26T30,26-30 years,407.423,6,,,407423000.0
2021,2,Bern,Y26T30,26-30 years,418.392,6,,,418392000.0
2022,2,Bern,Y26T30,26-30 years,405.293,6,,,405293000.0
2023,2,Bern,Y26T30,26-30 years,388.604,6,,,388604000.0
2024,2,Bern,Y26T30,26-30 years,395.206,6,,,395206000.0
2011,3,Luzern,Y26T30,26-30 years,110.06,6,,,110060000.0
2012,3,Luzern,Y26T30,26-30 years,122.407,6,,,122407000.0
2013,3,Luzern,Y26T30,26-30 years,127.997,6,,,127997000.0
2014,3,Luzern,Y26T30,26-30 years,128.908,6,,,128907999.99999999
2015,3,Luzern,Y26T30,26-30 years,133.86,6,,,133860000.00000001
2016,3,Luzern,Y26T30,26-30 years,143.798,6,,,143798000.0
2017,3,Luzern,Y26T30,26-30 years,145.029,6,,,145029000.0
2018,3,Luzern,Y26T30,26-30 years,136.832,6,,,136832000.0
2019,3,Luzern,Y26T30,26-30 years,149.721,6,,,149721000.0
2020,3,Luzern,Y26T30,26-30 years,150.13,6,,,150130000.0
2021,3,Luzern,Y26T30,26-30 years,237.815,6,,,237815000.0
2022,3,Luzern,Y26T30,26-30 years,206.953,6,,,206953000.0
2023,3,Luzern,Y26T30,26-30 years,175.352,6,,,175352000.0
2024,3,Luzern,Y26T30,26-30 years,149.88,6,,,149880000.0
2011,4,Uri,Y26T30,26-30 years,9.231,6,,,9231000.0
2012,4,Uri,Y26T30,26-30 years,10.031,6,,,10031000.0
2013,4,Uri,Y26T30,26-30 years,10.224,6,,,10224000.0
2014,4,Uri,Y26T30,26-30 years,10.137,6,,,10137000.0
2015,4,Uri,Y26T30,26-30 years,10.138,6,,,10138000.0
2016,4,Uri,Y26T30,26-30 years,10.672,6,,,10672000.0
2017,4,Uri,Y26T30,26-30 years,10.335,6,,,10335000.0
2018,4,Uri,Y26T30,26-30 years,28.207,6,,,28207000.0
2019,4,Uri,Y26T30,26-30 years,11.298,6,,,11298000.0
2020,4,Uri,Y26T30,26-30 years,12.676,6,,,12676000.0
2021,4,Uri,Y26T30,26-30 years,12.183,6,,,12183000.0
2022,4,Uri,Y26T30,26-30 years,10.671,6,,,10671000.0
2023,4,Uri,Y26T30,26-30 years,9.714,6,,,9714000.0
2024,4,Uri,Y26T30,26-30 years,9.085,6,,,9085000.0
2011,5,Schwyz,Y26T30,26-30 years,36.913,6,,,36913000.0
2012,5,Schwyz,Y26T30,26-30 years,40.382,6,,,40382000.0
2013,5,Schwyz,Y26T30,26-30 years,41.671,6,,,41671000.0
2014,5,Schwyz,Y26T30,26-30 years,41.907,6,,,41907000.0
2015,5,Schwyz,Y26T30,26-30 years,42.766,6,,,42766000.0
2016,5,Schwyz,Y26T30,26-30 years,44.678,6,,,44678000.0
2017,5,Schwyz,Y26T30,26-30 years,44.569,6,,,44569000.0
2018,5,Schwyz,Y26T30,26-30 years,46.038,6,,,46038000.0
2019,5,Schwyz,Y26T30,26-30 years,46.198,6,,,46198000.0
2020,5,Schwyz,Y26T30,26-30 years,48.831,6,,,48831000.0
2021,5,Schwyz,Y26T30,26-30 years,56.272,6,,,56272000.0
2022,5,Schwyz,Y26T30,26-30 years,53.181,6,,,53181000.0
2023,5,Schwyz,Y26T30,26-30 years,49.904,6,,,49904000.0
2024,5,Schwyz,Y26T30,26-30 years,51.351,6,,,51351000.0
2011,6,Obwalden,Y26T30,26-30 years,9.44,6,,,9440000.0
2012,6,Obwalden,Y26T30,26-30 years,9.163,6,,,9163000.0
2013,6,Obwalden,Y26T30,26-30 years,9.353,6,,,9353000.0
2014,6,Obwalden,Y26T30,26-30 years,10.036,6,,,10036000.0
2015,6,Obwalden,Y26T30,26-30 years,9.993,6,,,9993000.0
2016,6,Obwalden,Y26T30,26-30 years,10.645,6,,,10645000.0
2017,6,Obwalden,Y26T30,26-30 years,10.706,6,,,10706000.0
2018,6,Obwalden,Y26T30,26-30 years,11.346,6,,,11346000.0
2019,6,Obwalden,Y26T30,26-30 years,11.221,6,,,11221000.0
2020,6,Obwalden,Y26T30,26-30 years,11.158,6,,,11158000.0
2021,6,Obwalden,Y26T30,26-30 years,11.501,6,,,11501000.0
2022,6,Obwalden,Y26T30,26-30 years,12.234,6,,,12234000.0
2023,6,Obwalden,Y26T30,26-30 years,11.996,6,,,11996000.0
2024,6,Obwalden,Y26T30,26-30 years,12.237,6,,,12237000.0
2011,7,Nidwalden,Y26T30,26-30 years,11.407,6,,,11407000.0
2012,7,Nidwalden,Y26T30,26-30 years,11.895,6,,,11895000.0
2013,7,Nidwalden,Y26T30,26-30 years,12.702,6,,,12702000.0
2014,7,Nidwalden,Y26T30,26-30 years,10.915,6,,,10915000.0
2015,7,Nidwalden,Y26T30,26-30 years,10.592,6,,,10592000.0
2016,7,Nidwalden,Y26T30,26-30 years,10.888,6,,,10888000.0
2017,7,Nidwalden,Y26T30,26-30 years,10.823,6,,,10823000.0
2018,7,Nidwalden,Y26T30,26-30 years,11.227,6,,,11227000.0
2019,7,Nidwalden,Y26T30,26-30 years,11.806,6,,,11806000.0
2020,7,Nidwalden,Y26T30,26-30 years,11.42,6,,,11420000.0
2021,7,Nidwalden,Y26T30,26-30 years,11.283,6,,,11283000.0
2022,7,Nidwalden,Y26T30,26-30 years,12.444,6,,,12444000.0
2023,7,Nidwalden,Y26T30,26-30 years,12.176,6,,,12176000.0
2024,7,Nidwalden,Y26T30,26-30 years,11.598,6,,,11598000.0
2011,8,Glarus,Y26T30,26-30 years,15.671,6,,,15671000.0
2012,8,Glarus,Y26T30,26-30 years,15.279,6,,,15279000.0
2013,8,Glarus,Y26T30,26-30 years,16.355,6,,,16355000.0
2014,8,Glarus,Y26T30,26-30 years,16.775,6,,,16774999.999999998
2015,8,Glarus,Y26T30,26-30 years,17.509,6,,,17509000.0
2016,8,Glarus,Y26T30,26-30 years,17.39,6,,,17390000.0
2017,8,Glarus,Y26T30,26-30 years,20.093,6,,,20093000.0
2018,8,Glarus,Y26T30,26-30 years,17.614,6,,,17614000.0
2019,8,Glarus,Y26T30,26-30 years,17.85,6,,,17850000.0
2020,8,Glarus,Y26T30,26-30 years,16.984,6,,,16984000.0
2021,8,Glarus,Y26T30,26-30 years,18.113,6,,,18113000.0
2022,8,Glarus,Y26T30,26-30 years,16.091,6,,,16091000.000000002
2023,8,Glarus,Y26T30,26-30 years,15.319,6,,,15319000.0
2024,8,Glarus,Y26T30,26-30 years,16.989,6,,,16989000.0
2011,9,Zug,Y26T30,26-30 years,29.184,6,,,29184000.0
2012,9,Zug,Y26T30,26-30 years,28.64,6,,,28640000.0
2013,9,Zug,Y26T30,26-30 years,30.869,6,,,30869000.0
2014,9,Zug,Y26T30,26-30 years,31.622,6,,,31622000.0
2015,9,Zug,Y26T30,26-30 years,32.789,6,,,32789000.0
2016,9,Zug,Y26T30,26-30 years,33.893,6,,,33893000.0
2017,9,Zug,Y26T30,26-30 years,34.062,6,,,34062000.0
2018,9,Zug,Y26T30,26-30 years,32.422,6,,,32421999.999999996
2019,9,Zug,Y26T30,26-30 years,34.088,6,,,34088000.0
2020,9,Zug,Y26T30,26-30 years,35.468,6,,,35468000.0
2021,9,Zug,Y26T30,26-30 years,37.183,6,,,37183000.0
2022,9,Zug,Y26T30,26-30 years,42.459,6,,,42459000.0
2023,9,Zug,Y26T30,26-30 years,40.678,6,,,40678000.0
2024,9,Zug,Y26T30,26-30 years,39.961,6,,,39961000.0
2011,10,Fribourg,Y26T30,26-30 years,74.572,6,,,74572000.0
2012,10,Fribourg,Y26T30,26-30 years,78.505,6,,,78505000.0
2013,10,Fribourg,Y26T30,26-30 years,84.412,6,,,84412000.0
2014,10,Fribourg,Y26T30,26-30 years,87.906,6,,,87906000.0
2015,10,Fribourg,Y26T30,26-30 years,91.727,6,,,91727000.0
2016,10,Fribourg,Y26T30,26-30 years,95.616,6,,,95616000.0
2017,10,Fribourg,Y26T30,26-30 years,99.371,6,,,99371000.0
2018,10,Fribourg,Y26T30,26-30 years,105.603,6,,,105603000.0
2019,10,Fribourg,Y26T30,26-30 years,107.784,6,,,107784000.0
2020,10,Fribourg,Y26T30,26-30 years,114.699,6,,,114699000.0
2021,10,Fribourg,Y26T30,26-30 years,121.391,6,,,121391000.0
2022,10,Fribourg,Y26T30,26-30 years,136.968,6,,,136968000.0
2023,10,Fribourg,Y26T30,26-30 years,142.307,6,,,142307000.0
2024,10,Fribourg,Y26T30,26-30 years,144.078,6,,,144078000.0
2011,11,Solothurn,Y26T30,26-30 years,70.417,6,,,70417000.0
2012,11,Solothurn,Y26T30,26-30 years,73.556,6,,,73556000.0
2013,11,Solothurn,Y26T30,26-30 years,80.142,6,,,80142000.0
2014,11,Solothurn,Y26T30,26-30 years,81.226,6,,,81226000.0
2015,11,Solothurn,Y26T30,26-30 years,84.461,6,,,84461000.0
2016,11,Solothurn,Y26T30,26-30 years,89.56,6,,,89560000.0
2017,11,Solothurn,Y26T30,26-30 years,89.415,6,,,89415000.0
2018,11,Solothurn,Y26T30,26-30 years,93.518,6,,,93518000.0
2019,11,Solothurn,Y26T30,26-30 years,96.093,6,,,96093000.0
2020,11,Solothurn,Y26T30,26-30 years,96.664,6,,,96664000.0
2021,11,Solothurn,Y26T30,26-30 years,113.82,6,,,113820000.0
2022,11,Solothurn,Y26T30,26-30 years,115.821,6,,,115821000.0
2023,11,Solothurn,Y26T30,26-30 years,110.944,6,,,110944000.0
2024,11,Solothurn,Y26T30,26-30 years,109.508,6,,,109508000.0
2011,12,Basel-Stadt,Y26T30,26-30 years,72.388,6,,,72388000.0
2012,12,Basel-Stadt,Y26T30,26-30 years,73.879,6,,,73879000.0
2013,12,Basel-Stadt,Y26T30,26-30 years,74.32,6,,,74320000.0
2014,12,Basel-Stadt,Y26T30,26-30 years,78.345,6,,,78345000.0
2015,12,Basel-Stadt,Y26T30,26-30 years,79.269,6,,,79269000.0
2016,12,Basel-Stadt,Y26T30,26-30 years,80.742,6,,,80742000.0
2017,12,Basel-Stadt,Y26T30,26-30 years,84.71,6,,,84710000.0
2018,12,Basel-Stadt,Y26T30,26-30 years,84.041,6,,,84041000.0
2019,12,Basel-Stadt,Y26T30,26-30 years,83.683,6,,,83683000.0
2020,12,Basel-Stadt,Y26T30,26-30 years,83.164,6,,,83164000.0
2021,12,Basel-Stadt,Y26T30,26-30 years,90.818,6,,,90818000.0
2022,12,Basel-Stadt,Y26T30,26-30 years,97.96,6,,,97960000.0
2023,12,Basel-Stadt,Y26T30,26-30 years,95.555,6,,,95555000.0
2024,12,Basel-Stadt,Y26T30,26-30 years,96.606,6,,,96606000.0
2011,13,Basel-Landschaft,Y26T30,26-30 years,80.842,6,,,80842000.0
2012,13,Basel-Landschaft,Y26T30,26-30 years,84.133,6,,,84133000.0
2013,13,Basel-Landschaft,Y26T30,26-30 years,86.623,6,,,86623000.0
2014,13,Basel-Landschaft,Y26T30,26-30 years,89.524,6,,,89524000.0
2015,13,Basel-Landschaft,Y26T30,26-30 years,92.001,6,,,92001000.0
2016,13,Basel-Landschaft,Y26T30,26-30 years,95.187,6,,,95187000.0
2017,13,Basel-Landschaft,Y26T30,26-30 years,96.745,6,,,96745000.0
2018,13,Basel-Landschaft,Y26T30,26-30 years,101.073,6,,,101073000.0
2019,13,Basel-Landschaft,Y26T30,26-30 years,98.658,6,,,98658000.0
2020,13,Basel-Landschaft,Y26T30,26-30 years,97.392,6,,,97392000.0
2021,13,Basel-Landschaft,Y26T30,26-30 years,111.508,6,,,111508000.0
2022,13,Basel-Landschaft,Y26T30,26-30 years,115.172,6,,,115172000.0
2023,13,Basel-Landschaft,Y26T30,26-30 years,116.302,6,,,116302000.0
2024,13,Basel-Landschaft,Y26T30,26-30 years,116.48,6,,,116480000.0
2011,14,Schaffhausen,Y26T30,26-30 years,21.586,6,,,21586000.0
2012,14,Schaffhausen,Y26T30,26-30 years,22.333,6,,,22333000.0
2013,14,Schaffhausen,Y26T30,26-30 years,22.944,6,,,22944000.0
2014,14,Schaffhausen,Y26T30,26-30 years,23.599,6,,,23599000.0
2015,14,Schaffhausen,Y26T30,26-30 years,24.714,6,,,24714000.0
2016,14,Schaffhausen,Y26T30,26-30 years,25.481,6,,,25481000.0
2017,14,Schaffhausen,Y26T30,26-30 years,26.779,6,,,26779000.0
2018,14,Schaffhausen,Y26T30,26-30 years,24.722,6,,,24722000.0
2019,14,Schaffhausen,Y26T30,26-30 years,24.135,6,,,24135000.0
2020,14,Schaffhausen,Y26T30,26-30 years,23.827,6,,,23827000.0
2021,14,Schaffhausen,Y26T30,26-30 years,26.931,6,,,26931000.0
2022,14,Schaffhausen,Y26T30,26-30 years,28.239,6,,,28239000.0
2023,14,Schaffhausen,Y26T30,26-30 years,26.796,6,,,26796000.0
2024,14,Schaffhausen,Y26T30,26-30 years,28.133,6,,,28133000.0
2011,15,Appenzell Ausserrhoden,Y26T30,26-30 years,14.415,6,,,14415000.0
2012,15,Appenzell Ausserrhoden,Y26T30,26-30 years,16.044,6,,,16044000.0
2013,15,Appenzell Ausserrhoden,Y26T30,26-30 years,16.956,6,,,16956000.0
2014,15,Appenzell Ausserrhoden,Y26T30,26-30 years,18.031,6,,,18031000.0
2015,15,Appenzell Ausserrhoden,Y26T30,26-30 years,18.161,6,,,18161000.0
2016,15,Appenzell Ausserrhoden,Y26T30,26-30 years,19.521,6,,,19521000.0
2017,15,Appenzell Ausserrhoden,Y26T30,26-30 years,19.382,6,,,19382000.0
2018,15,Appenzell Ausserrhoden,Y26T30,26-30 years,18.363,6,,,18363000.0
2019,15,Appenzell Ausserrhoden,Y26T30,26-30 years,19.542,6,,,19542000.0
2020,15,Appenzell Ausserrhoden,Y26T30,26-30 years,17.695,6,,,17695000.0
2021,15,Appenzell Ausserrhoden,Y26T30,26-30 years,18.676,6,,,18676000.0
2022,15,Appenzell Ausserrhoden,Y26T30,26-30 years,19.029,6,,,19029000.0
2023,15,Appenzell Ausserrhoden,Y26T30,26-30 years,19.133,6,,,19133000.0
2024,15,Appenzell Ausserrhoden,Y26T30,26-30 years,20.132,6,,,20132000.0
2011,16,Appenzell Innerrhoden,Y26T30,26-30 years,3.516,6,,,3516000.0
2012,16,Appenzell Innerrhoden,Y26T30,26-30 years,3.496,6,,,3496000.0
2013,16,Appenzell Innerrhoden,Y26T30,26-30 years,3.694,6,,,3694000.0
2014,16,Appenzell Innerrhoden,Y26T30,26-30 years,3.615,6,,,3615000.0
2015,16,Appenzell Innerrhoden,Y26T30,26-30 years,4.051,6,,,4051000.0
2016,16,Appenzell Innerrhoden,Y26T30,26-30 years,4.087,6,,,4086999.9999999995
2017,16,Appenzell Innerrhoden,Y26T30,26-30 years,3.931,6,,,3931000.0
2018,16,Appenzell Innerrhoden,Y26T30,26-30 years,4.321,6,,,4321000.0
2019,16,Appenzell Innerrhoden,Y26T30,26-30 years,4.668,6,,,4668000.0
2020,16,Appenzell Innerrhoden,Y26T30,26-30 years,4.273,6,,,4273000.0
2021,16,Appenzell Innerrhoden,Y26T30,26-30 years,4.388,6,,,4388000.0
2022,16,Appenzell Innerrhoden,Y26T30,26-30 years,7.055,6,,,7055000.0
2023,16,Appenzell Innerrhoden,Y26T30,26-30 years,6.653,6,,,6653000.0
2024,16,Appenzell Innerrhoden,Y26T30,26-30 years,6.371,6,,,6371000.0
2011,17,St. Gallen,Y26T30,26-30 years,150.122,6,,,150122000.0
2012,17,St. Gallen,Y26T30,26-30 years,157.85,6,,,157850000.0
2013,17,St. Gallen,Y26T30,26-30 years,165.656,6,,,165656000.0
2014,17,St. Gallen,Y26T30,26-30 years,169.497,6,,,169497000.0
2015,17,St. Gallen,Y26T30,26-30 years,174.454,6,,,174454000.0
2016,17,St. Gallen,Y26T30,26-30 years,178.747,6,,,178747000.0
2017,17,St. Gallen,Y26T30,26-30 years,183.354,6,,,183354000.0
2018,17,St. Gallen,Y26T30,26-30 years,185.057,6,,,185057000.0
2019,17,St. Gallen,Y26T30,26-30 years,190.882,6,,,190882000.0
2020,17,St. Gallen,Y26T30,26-30 years,192.432,6,,,192432000.0
2021,17,St. Gallen,Y26T30,26-30 years,209.335,6,,,209335000.0
2022,17,St. Gallen,Y26T30,26-30 years,213.085,6,,,213085000.0
2023,17,St. Gallen,Y26T30,26-30 years,207.448,6,,,207448000.0
2024,17,St. Gallen,Y26T30,26-30 years,206.158,6,,,206158000.0
2011,18,Graubünden,Y26T30,26-30 years,48.197,6,,,48197000.0
2012,18,Graubünden,Y26T30,26-30 years,51.777,6,,,51777000.0
2013,18,Graubünden,Y26T30,26-30 years,54.902,6,,,54902000.0
2014,18,Graubünden,Y26T30,26-30 years,56.109,6,,,56109000.0
2015,18,Graubünden,Y26T30,26-30 years,57.356,6,,,57356000.0
2016,18,Graubünden,Y26T30,26-30 years,57.514,6,,,57514000.0
2017,18,Graubünden,Y26T30,26-30 years,57.233,6,,,57233000.0
2018,18,Graubünden,Y26T30,26-30 years,62.286,6,,,62286000.0
2019,18,Graubünden,Y26T30,26-30 years,62.069,6,,,62069000.0
2020,18,Graubünden,Y26T30,26-30 years,62.31,6,,,62310000.0
2021,18,Graubünden,Y26T30,26-30 years,69.998,6,,,69998000.0
2022,18,Graubünden,Y26T30,26-30 years,72.281,6,,,72281000.0
2023,18,Graubünden,Y26T30,26-30 years,66.763,6,,,66763000.00000001
2024,18,Graubünden,Y26T30,26-30 years,64.571,6,,,64571000.0
2011,19,Aargau,Y26T30,26-30 years,196.719,6,,,196719000.0
2012,19,Aargau,Y26T30,26-30 years,228.564,6,,,228564000.0
2013,19,Aargau,Y26T30,26-30 years,210.522,6,,,210522000.0
2014,19,Aargau,Y26T30,26-30 years,214.005,6,,,214005000.0
2015,19,Aargau,Y26T30,26-30 years,215.883,6,,,215883000.0
2016,19,Aargau,Y26T30,26-30 years,225.0,6,,,225000000.0
2017,19,Aargau,Y26T30,26-30 years,230.48,6,,,230480000.0
2018,19,Aargau,Y26T30,26-30 years,226.432,6,,,226432000.0
2019,19,Aargau,Y26T30,26-30 years,239.872,6,,,239872000.0
2020,19,Aargau,Y26T30,26-30 years,249.042,6,,,249042000.0
2021,19,Aargau,Y26T30,26-30 years,273.124,6,,,273124000.0
2022,19,Aargau,Y26T30,26-30 years,298.191,6,,,298191000.0
2023,19,Aargau,Y26T30,26-30 years,263.285,6,,,263285000.00000003
2024,19,Aargau,Y26T30,26-30 years,254.273,6,,,254273000.0
2011,20,Thurgau,Y26T30,26-30 years,73.962,6,,,73962000.0
2012,20,Thurgau,Y26T30,26-30 years,78.602,6,,,78602000.0
2013,20,Thurgau,Y26T30,26-30 years,83.841,6,,,83841000.0
2014,20,Thurgau,Y26T30,26-30 years,85.817,6,,,85817000.0
2015,20,Thurgau,Y26T30,26-30 years,88.0,6,,,88000000.0
2016,20,Thurgau,Y26T30,26-30 years,94.72,6,,,94720000.0
2017,20,Thurgau,Y26T30,26-30 years,92.148,6,,,92148000.0
2018,20,Thurgau,Y26T30,26-30 years,93.204,6,,,93204000.0
2019,20,Thurgau,Y26T30,26-30 years,95.3,6,,,95300000.0
2020,20,Thurgau,Y26T30,26-30 years,100.819,6,,,100819000.0
2021,20,Thurgau,Y26T30,26-30 years,110.459,6,,,110459000.0
2022,20,Thurgau,Y26T30,26-30 years,100.941,6,,,100941000.0
2023,20,Thurgau,Y26T30,26-30 years,96.22,6,,,96220000.0
2024,20,Thurgau,Y26T30,26-30 years,97.448,6,,,97448000.0
2011,21,Ticino,Y26T30,26-30 years,74.493,6,,,74493000.0
2012,21,Ticino,Y26T30,26-30 years,77.762,6,,,77762000.0
2013,21,Ticino,Y26T30,26-30 years,82.718,6,,,82718000.0
2014,21,Ticino,Y26T30,26-30 years,81.755,6,,,81755000.0
2015,21,Ticino,Y26T30,26-30 years,83.54,6,,,83540000.0
2016,21,Ticino,Y26T30,26-30 years,86.487,6,,,86487000.0
2017,21,Ticino,Y26T30,26-30 years,89.213,6,,,89213000.0
2018,21,Ticino,Y26T30,26-30 years,94.116,6,,,94116000.0
2019,21,Ticino,Y26T30,26-30 years,97.507,6,,,97507000.0
2020,21,Ticino,Y26T30,26-30 years,98.155,6,,,98155000.0
2021,21,Ticino,Y26T30,26-30 years,109.749,6,,,109749000.0
2022,21,Ticino,Y26T30,26-30 years,119.668,6,,,119668000.0
2023,21,Ticino,Y26T30,26-30 years,123.064,6,,,123064000.0
2024,21,Ticino,Y26T30,26-30 years,125.368,6,,,125368000.0
2011,22,Vaud,Y26T30,26-30 years,222.324,6,,,222324000.0
2012,22,Vaud,Y26T30,26-30 years,229.031,6,,,229031000.0
2013,22,Vaud,Y26T30,26-30 years,242.959,6,,,242959000.0
2014,22,Vaud,Y26T30,26-30 years,251.962,6,,,251962000.0
2015,22,Vaud,Y26T30,26-30 years,257.47,6,,,257470000.00000003
2016,22,Vaud,Y26T30,26-30 years,268.323,6,,,268322999.99999997
2017,22,Vaud,Y26T30,26-30 years,275.521,6,,,275521000.0
2018,22,Vaud,Y26T30,26-30 years,280.585,6,,,280585000.0
2019,22,Vaud,Y26T30,26-30 years,285.552,6,,,285552000.0
2020,22,Vaud,Y26T30,26-30 years,301.341,6,,,301341000.0
2021,22,Vaud,Y26T30,26-30 years,330.44,6,,,330440000.0
2022,22,Vaud,Y26T30,26-30 years,330.539,6,,,330539000.0
2023,22,Vaud,Y26T30,26-30 years,323.095,6,,,323095000.0
2024,22,Vaud,Y26T30,26-30 years,340.213,6,,,340213000.0
2011,23,Valais,Y26T30,26-30 years,83.719,6,,,83719000.0
2012,23,Valais,Y26T30,26-30 years,89.241,6,,,89241000.0
2013,23,Valais,Y26T30,26-30 years,95.212,6,,,95212000.0
2014,23,Valais,Y26T30,26-30 years,96.76,6,,,96760000.0
2015,23,Valais,Y26T30,26-30 years,99.794,6,,,99794000.0
2016,23,Valais,Y26T30,26-30 years,119.248,6,,,119248000.0
2017,23,Valais,Y26T30,26-30 years,105.781,6,,,105781000.0
2018,23,Valais,Y26T30,26-30 years,111.098,6,,,111098000.0
2019,23,Valais,Y26T30,26-30 years,152.216,6,,,152216000.0
2020,23,Valais,Y26T30,26-30 years,116.545,6,,,116545000.0
2021,23,Valais,Y26T30,26-30 years,123.159,6,,,123159000.0
2022,23,Valais,Y26T30,26-30 years,119.051,6,,,119051000.0
2023,23,Valais,Y26T30,26-30 years,114.402,6,,,114402000.0
2024,23,Valais,Y26T30,26-30 years,614.923,6,,,614923000.0
2011,24,Neuchâtel,Y26T30,26-30 years,42.36,6,,,42360000.0
2012,24,Neuchâtel,Y26T30,26-30 years,44.391,6,,,44391000.0
2013,24,Neuchâtel,Y26T30,26-30 years,47.48,6,,,47480000.0
2014,24,Neuchâtel,Y26T30,26-30 years,48.508,6,,,48508000.0
2015,24,Neuchâtel,Y26T30,26-30 years,50.74,6,,,50740000.0
2016,24,Neuchâtel,Y26T30,26-30 years,52.761,6,,,52761000.0
2017,24,Neuchâtel,Y26T30,26-30 years,54.401,6,,,54401000.0
2018,24,Neuchâtel,Y26T30,26-30 years,57.861,6,,,57861000.0
2019,24,Neuchâtel,Y26T30,26-30 years,62.476,6,,,62476000.0
2020,24,Neuchâtel,Y26T30,26-30 years,64.025,6,,,64025000.00000001
2021,24,Neuchâtel,Y26T30,26-30 years,70.439,6,,,70439000.0
2022,24,Neuchâtel,Y26T30,26-30 years,69.484,6,,,69484000.0
2023,24,Neuchâtel,Y26T30,26-30 years,67.598,6,,,67598000.0
2024,24,Neuchâtel,Y26T30,26-30 years,72.084,6,,,72084000.0
2011,25,Genève,Y26T30,26-30 years,152.68,6,,,152680000.0
2012,25,Genève,Y26T30,26-30 years,163.08,6,,,163080000.0
2013,25,Genève,Y26T30,26-30 years,167.229,6,,,167229000.0
2014,25,Genève,Y26T30,26-30 years,170.892,6,,,170892000.0
2015,25,Genève,Y26T30,26-30 years,176.134,6,,,176134000.0
2016,25,Genève,Y26T30,26-30 years,181.822,6,,,181822000.0
2017,25,Genève,Y26T30,26-30 years,185.687,6,,,185687000.0
2018,25,Genève,Y26T30,26-30 years,185.485,6,,,185485000.0
2019,25,Genève,Y26T30,26-30 years,189.083,6,,,189083000.0
2020,25,Genève,Y26T30,26-30 years,204.494,6,,,204494000.0
2021,25,Genève,Y26T30,26-30 years,217.308,6,,,217308000.0
2022,25,Genève,Y26T30,26-30 years,207.432,6,,,207432000.0
2023,25,Genève,Y26T30,26-30 years,207.109,6,,,207109000.0
2024,25,Genève,Y26T30,26-30 years,206.499,6,,,206499000.0
2011,26,Jura,Y26T30,26-30 years,17.738,6,,,17738000.0
2012,26,Jura,Y26T30,26-30 years,19.023,6,,,19023000.0
2013,26,Jura,Y26T30,26-30 years,19.598,6,,,19598000.0
2014,26,Jura,Y26T30,26-30 years,20.448,6,,,20448000.0
2015,26,Jura,Y26T30,26-30 years,21.666,6,,,21666000.0
2016,26,Jura,Y26T30,26-30 years,21.92,6,,,21920000.0
2017,26,Jura,Y26T30,26-30 years,22.036,6,,,22036000.0
2018,26,Jura,Y26T30,26-30 years,24.929,6,,,24929000.0
2019,26,Jura,Y26T30,26-30 years,23.576,6,,,23576000.0
2020,26,Jura,Y26T30,26-30 years,23.3,6,,,23300000.0
2021,26,Jura,Y26T30,26-30 years,24.558,6,,,24558000.0
2022,26,Jura,Y26T30,26-30 years,30.98,6,,,30980000.0
2023,26,Jura,Y26T30,26-30 years,30.938,6,,,30938000.0
2024,26,Jura,Y26T30,26-30 years,29.984,6,,,29984000.0
2011,_T,Total,Y31T35,31-35 years,2737.788,6,,,2737788000.0
2012,_T,Total,Y31T35,31-35 years,2868.223,6,,,2868223000.0
2013,_T,Total,Y31T35,31-35 years,3011.956,6,,,3011956000.0
2014,_T,Total,Y31T35,31-35 years,3113.537,6,,,3113537000.0
2015,_T,Total,Y31T35,31-35 years,3215.405,6,,,3215405000.0
2016,_T,Total,Y31T35,31-35 years,3306.664,6,,,3306664000.0
2017,_T,Total,Y31T35,31-35 years,3442.833,6,,,3442833000.0
2018,_T,Total,Y31T35,31-35 years,3526.259,6,,,3526259000.0
2019,_T,Total,Y31T35,31-35 years,3600.878,6,,,3600878000.0
2020,_T,Total,Y31T35,31-35 years,3698.656,6,,,3698656000.0
2021,_T,Total,Y31T35,31-35 years,4139.535,6,,,4139535000.0
2022,_T,Total,Y31T35,31-35 years,4194.318,6,,,4194318000.0
2023,_T,Total,Y31T35,31-35 years,4073.434,6,,,4073434000.0
2024,_T,Total,Y31T35,31-35 years,4123.396,6,,,4123395999.9999995
2011,1,Zürich,Y31T35,31-35 years,553.177,6,,,553177000.0
2012,1,Zürich,Y31T35,31-35 years,583.185,6,,,583185000.0
2013,1,Zürich,Y31T35,31-35 years,610.941,6,,,610941000.0
2014,1,Zürich,Y31T35,31-35 years,624.349,6,,,624349000.0
2015,1,Zürich,Y31T35,31-35 years,639.018,6,,,639018000.0
2016,1,Zürich,Y31T35,31-35 years,663.275,6,,,663275000.0
2017,1,Zürich,Y31T35,31-35 years,683.066,6,,,683066000.0
2018,1,Zürich,Y31T35,31-35 years,706.881,6,,,706881000.0
2019,1,Zürich,Y31T35,31-35 years,710.171,6,,,710171000.0
2020,1,Zürich,Y31T35,31-35 years,729.552,6,,,729552000.0
2021,1,Zürich,Y31T35,31-35 years,816.181,6,,,816181000.0
2022,1,Zürich,Y31T35,31-35 years,829.822,6,,,829822000.0
2023,1,Zürich,Y31T35,31-35 years,799.901,6,,,799901000.0
2024,1,Zürich,Y31T35,31-35 years,821.296,6,,,821296000.0
2011,2,Bern,Y31T35,31-35 years,356.453,6,,,356453000.0
2012,2,Bern,Y31T35,31-35 years,357.258,6,,,357258000.0
2013,2,Bern,Y31T35,31-35 years,375.205,6,,,375205000.0
2014,2,Bern,Y31T35,31-35 years,380.24,6,,,380240000.0
2015,2,Bern,Y31T35,31-35 years,402.519,6,,,402519000.0
2016,2,Bern,Y31T35,31-35 years,411.891,6,,,411891000.0
2017,2,Bern,Y31T35,31-35 years,427.241,6,,,427241000.0
2018,2,Bern,Y31T35,31-35 years,443.132,6,,,443132000.0
2019,2,Bern,Y31T35,31-35 years,465.671,6,,,465671000.0
2020,2,Bern,Y31T35,31-35 years,467.615,6,,,467615000.0
2021,2,Bern,Y31T35,31-35 years,511.945,6,,,511945000.0
2022,2,Bern,Y31T35,31-35 years,479.193,6,,,479193000.0
2023,2,Bern,Y31T35,31-35 years,481.884,6,,,481884000.0
2024,2,Bern,Y31T35,31-35 years,479.877,6,,,479877000.0
2011,3,Luzern,Y31T35,31-35 years,122.015,6,,,122015000.0
2012,3,Luzern,Y31T35,31-35 years,127.638,6,,,127638000.0
2013,3,Luzern,Y31T35,31-35 years,138.457,6,,,138457000.0
2014,3,Luzern,Y31T35,31-35 years,141.135,6,,,141135000.0
2015,3,Luzern,Y31T35,31-35 years,148.837,6,,,148837000.0
2016,3,Luzern,Y31T35,31-35 years,154.217,6,,,154217000.0
2017,3,Luzern,Y31T35,31-35 years,162.925,6,,,162925000.0
2018,3,Luzern,Y31T35,31-35 years,154.919,6,,,154919000.0
2019,3,Luzern,Y31T35,31-35 years,162.301,6,,,162301000.0
2020,3,Luzern,Y31T35,31-35 years,168.053,6,,,168053000.0
2021,3,Luzern,Y31T35,31-35 years,242.114,6,,,242114000.0
2022,3,Luzern,Y31T35,31-35 years,284.465,6,,,284465000.0
2023,3,Luzern,Y31T35,31-35 years,193.093,6,,,193093000.0
2024,3,Luzern,Y31T35,31-35 years,180.847,6,,,180847000.0
2011,4,Uri,Y31T35,31-35 years,8.483,6,,,8483000.0
2012,4,Uri,Y31T35,31-35 years,8.998,6,,,8998000.0
2013,4,Uri,Y31T35,31-35 years,9.126,6,,,9126000.0
2014,4,Uri,Y31T35,31-35 years,9.232,6,,,9232000.0
2015,4,Uri,Y31T35,31-35 years,9.052,6,,,9052000.0
2016,4,Uri,Y31T35,31-35 years,10.074,6,,,10074000.0
2017,4,Uri,Y31T35,31-35 years,9.446,6,,,9446000.0
2018,4,Uri,Y31T35,31-35 years,9.607,6,,,9607000.0
2019,4,Uri,Y31T35,31-35 years,10.739,6,,,10739000.0
2020,4,Uri,Y31T35,31-35 years,10.153,6,,,10153000.0
2021,4,Uri,Y31T35,31-35 years,11.741,6,,,11741000.0
2022,4,Uri,Y31T35,31-35 years,14.154,6,,,14154000.0
2023,4,Uri,Y31T35,31-35 years,14.337,6,,,14337000.0
2024,4,Uri,Y31T35,31-35 years,12.412,6,,,12412000.0
2011,5,Schwyz,Y31T35,31-35 years,40.189,6,,,40189000.0
2012,5,Schwyz,Y31T35,31-35 years,41.321,6,,,41321000.0
2013,5,Schwyz,Y31T35,31-35 years,43.09,6,,,43090000.0
2014,5,Schwyz,Y31T35,31-35 years,43.472,6,,,43472000.0
2015,5,Schwyz,Y31T35,31-35 years,43.338,6,,,43338000.0
2016,5,Schwyz,Y31T35,31-35 years,45.544,6,,,45544000.0
2017,5,Schwyz,Y31T35,31-35 years,46.726,6,,,46726000.0
2018,5,Schwyz,Y31T35,31-35 years,48.97,6,,,48970000.0
2019,5,Schwyz,Y31T35,31-35 years,51.033,6,,,51033000.0
2020,5,Schwyz,Y31T35,31-35 years,55.526,6,,,55526000.0
2021,5,Schwyz,Y31T35,31-35 years,61.78,6,,,61780000.0
2022,5,Schwyz,Y31T35,31-35 years,65.802,6,,,65802000.00000001
2023,5,Schwyz,Y31T35,31-35 years,63.948,6,,,63948000.0
2024,5,Schwyz,Y31T35,31-35 years,62.552,6,,,62552000.0
2011,6,Obwalden,Y31T35,31-35 years,10.632,6,,,10632000.0
2012,6,Obwalden,Y31T35,31-35 years,10.713,6,,,10713000.0
2013,6,Obwalden,Y31T35,31-35 years,12.047,6,,,12047000.0
2014,6,Obwalden,Y31T35,31-35 years,12.392,6,,,12392000.0
2015,6,Obwalden,Y31T35,31-35 years,12.205,6,,,12205000.0
2016,6,Obwalden,Y31T35,31-35 years,12.662,6,,,12662000.0
2017,6,Obwalden,Y31T35,31-35 years,12.813,6,,,12813000.0
2018,6,Obwalden,Y31T35,31-35 years,11.338,6,,,11338000.0
2019,6,Obwalden,Y31T35,31-35 years,11.556,6,,,11556000.0
2020,6,Obwalden,Y31T35,31-35 years,15.353,6,,,15353000.0
2021,6,Obwalden,Y31T35,31-35 years,14.507,6,,,14507000.0
2022,6,Obwalden,Y31T35,31-35 years,20.086,6,,,20086000.0
2023,6,Obwalden,Y31T35,31-35 years,14.985,6,,,14985000.0
2024,6,Obwalden,Y31T35,31-35 years,14.599,6,,,14599000.0
2011,7,Nidwalden,Y31T35,31-35 years,9.346,6,,,9346000.0
2012,7,Nidwalden,Y31T35,31-35 years,9.944,6,,,9944000.0
2013,7,Nidwalden,Y31T35,31-35 years,10.671,6,,,10671000.0
2014,7,Nidwalden,Y31T35,31-35 years,12.586,6,,,12586000.0
2015,7,Nidwalden,Y31T35,31-35 years,12.841,6,,,12841000.0
2016,7,Nidwalden,Y31T35,31-35 years,12.617,6,,,12617000.0
2017,7,Nidwalden,Y31T35,31-35 years,12.074,6,,,12074000.0
2018,7,Nidwalden,Y31T35,31-35 years,12.874,6,,,12874000.0
2019,7,Nidwalden,Y31T35,31-35 years,13.399,6,,,13399000.0
2020,7,Nidwalden,Y31T35,31-35 years,12.58,6,,,12580000.0
2021,7,Nidwalden,Y31T35,31-35 years,14.595,6,,,14595000.0
2022,7,Nidwalden,Y31T35,31-35 years,16.853,6,,,16853000.0
2023,7,Nidwalden,Y31T35,31-35 years,15.343,6,,,15343000.0
2024,7,Nidwalden,Y31T35,31-35 years,15.095,6,,,15095000.0
2011,8,Glarus,Y31T35,31-35 years,12.143,6,,,12143000.0
2012,8,Glarus,Y31T35,31-35 years,13.364,6,,,13364000.0
2013,8,Glarus,Y31T35,31-35 years,13.903,6,,,13903000.0
2014,8,Glarus,Y31T35,31-35 years,14.31,6,,,14310000.0
2015,8,Glarus,Y31T35,31-35 years,16.122,6,,,16122000.0
2016,8,Glarus,Y31T35,31-35 years,19.619,6,,,19619000.0
2017,8,Glarus,Y31T35,31-35 years,22.272,6,,,22272000.0
2018,8,Glarus,Y31T35,31-35 years,32.231,6,,,32231000.0
2019,8,Glarus,Y31T35,31-35 years,26.964,6,,,26964000.0
2020,8,Glarus,Y31T35,31-35 years,20.578,6,,,20578000.0
2021,8,Glarus,Y31T35,31-35 years,18.103,6,,,18103000.0
2022,8,Glarus,Y31T35,31-35 years,24.857,6,,,24857000.0
2023,8,Glarus,Y31T35,31-35 years,19.677,6,,,19677000.0
2024,8,Glarus,Y31T35,31-35 years,21.833,6,,,21833000.0
2011,9,Zug,Y31T35,31-35 years,32.814,6,,,32814000.0
2012,9,Zug,Y31T35,31-35 years,34.761,6,,,34761000.0
2013,9,Zug,Y31T35,31-35 years,35.876,6,,,35876000.0
2014,9,Zug,Y31T35,31-35 years,38.639,6,,,38639000.0
2015,9,Zug,Y31T35,31-35 years,39.13,6,,,39130000.0
2016,9,Zug,Y31T35,31-35 years,40.626,6,,,40626000.0
2017,9,Zug,Y31T35,31-35 years,42.383,6,,,42383000.0
2018,9,Zug,Y31T35,31-35 years,44.621,6,,,44621000.0
2019,9,Zug,Y31T35,31-35 years,45.244,6,,,45244000.0
2020,9,Zug,Y31T35,31-35 years,45.318,6,,,45318000.0
2021,9,Zug,Y31T35,31-35 years,50.894,6,,,50894000.0
2022,9,Zug,Y31T35,31-35 years,52.0,6,,,52000000.0
2023,9,Zug,Y31T35,31-35 years,49.366,6,,,49366000.0
2024,9,Zug,Y31T35,31-35 years,50.505,6,,,50505000.0
2011,10,Fribourg,Y31T35,31-35 years,87.68,6,,,87680000.0
2012,10,Fribourg,Y31T35,31-35 years,92.877,6,,,92877000.0
2013,10,Fribourg,Y31T35,31-35 years,98.37,6,,,98370000.0
2014,10,Fribourg,Y31T35,31-35 years,98.836,6,,,98836000.0
2015,10,Fribourg,Y31T35,31-35 years,102.773,6,,,102773000.0
2016,10,Fribourg,Y31T35,31-35 years,104.247,6,,,104247000.0
2017,10,Fribourg,Y31T35,31-35 years,110.872,6,,,110872000.0
2018,10,Fribourg,Y31T35,31-35 years,139.943,6,,,139943000.0
2019,10,Fribourg,Y31T35,31-35 years,116.27,6,,,116270000.0
2020,10,Fribourg,Y31T35,31-35 years,121.758,6,,,121758000.0
2021,10,Fribourg,Y31T35,31-35 years,136.718,6,,,136718000.0
2022,10,Fribourg,Y31T35,31-35 years,147.651,6,,,147651000.0
2023,10,Fribourg,Y31T35,31-35 years,149.805,6,,,149805000.0
2024,10,Fribourg,Y31T35,31-35 years,155.133,6,,,155133000.0
2011,11,Solothurn,Y31T35,31-35 years,75.604,6,,,75604000.0
2012,11,Solothurn,Y31T35,31-35 years,83.639,6,,,83639000.0
2013,11,Solothurn,Y31T35,31-35 years,90.822,6,,,90822000.0
2014,11,Solothurn,Y31T35,31-35 years,93.94,6,,,93940000.0
2015,11,Solothurn,Y31T35,31-35 years,99.551,6,,,99551000.0
2016,11,Solothurn,Y31T35,31-35 years,96.638,6,,,96638000.0
2017,11,Solothurn,Y31T35,31-35 years,99.401,6,,,99401000.0
2018,11,Solothurn,Y31T35,31-35 years,102.174,6,,,102174000.0
2019,11,Solothurn,Y31T35,31-35 years,104.147,6,,,104147000.0
2020,11,Solothurn,Y31T35,31-35 years,111.712,6,,,111712000.0
2021,11,Solothurn,Y31T35,31-35 years,122.191,6,,,122191000.0
2022,11,Solothurn,Y31T35,31-35 years,135.778,6,,,135778000.0
2023,11,Solothurn,Y31T35,31-35 years,136.183,6,,,136183000.0
2024,11,Solothurn,Y31T35,31-35 years,149.258,6,,,149258000.0
2011,12,Basel-Stadt,Y31T35,31-35 years,80.588,6,,,80588000.0
2012,12,Basel-Stadt,Y31T35,31-35 years,84.07,6,,,84070000.0
2013,12,Basel-Stadt,Y31T35,31-35 years,85.088,6,,,85088000.0
2014,12,Basel-Stadt,Y31T35,31-35 years,92.729,6,,,92729000.0
2015,12,Basel-Stadt,Y31T35,31-35 years,96.556,6,,,96556000.0
2016,12,Basel-Stadt,Y31T35,31-35 years,101.181,6,,,101181000.0
2017,12,Basel-Stadt,Y31T35,31-35 years,100.665,6,,,100665000.0
2018,12,Basel-Stadt,Y31T35,31-35 years,103.453,6,,,103453000.0
2019,12,Basel-Stadt,Y31T35,31-35 years,112.471,6,,,112471000.0
2020,12,Basel-Stadt,Y31T35,31-35 years,109.728,6,,,109728000.0
2021,12,Basel-Stadt,Y31T35,31-35 years,120.518,6,,,120518000.0
2022,12,Basel-Stadt,Y31T35,31-35 years,127.227,6,,,127227000.0
2023,12,Basel-Stadt,Y31T35,31-35 years,130.666,6,,,130666000.0
2024,12,Basel-Stadt,Y31T35,31-35 years,126.008,6,,,126008000.0
2011,13,Basel-Landschaft,Y31T35,31-35 years,96.753,6,,,96753000.0
2012,13,Basel-Landschaft,Y31T35,31-35 years,98.197,6,,,98197000.0
2013,13,Basel-Landschaft,Y31T35,31-35 years,104.041,6,,,104041000.0
2014,13,Basel-Landschaft,Y31T35,31-35 years,109.06,6,,,109060000.0
2015,13,Basel-Landschaft,Y31T35,31-35 years,109.484,6,,,109484000.0
2016,13,Basel-Landschaft,Y31T35,31-35 years,114.121,6,,,114121000.0
2017,13,Basel-Landschaft,Y31T35,31-35 years,127.648,6,,,127648000.0
2018,13,Basel-Landschaft,Y31T35,31-35 years,117.168,6,,,117168000.0
2019,13,Basel-Landschaft,Y31T35,31-35 years,119.366,6,,,119366000.0
2020,13,Basel-Landschaft,Y31T35,31-35 years,123.334,6,,,123334000.0
2021,13,Basel-Landschaft,Y31T35,31-35 years,135.516,6,,,135516000.0
2022,13,Basel-Landschaft,Y31T35,31-35 years,136.775,6,,,136775000.0
2023,13,Basel-Landschaft,Y31T35,31-35 years,138.067,6,,,138067000.0
2024,13,Basel-Landschaft,Y31T35,31-35 years,135.649,6,,,135649000.0
2011,14,Schaffhausen,Y31T35,31-35 years,22.109,6,,,22109000.0
2012,14,Schaffhausen,Y31T35,31-35 years,22.68,6,,,22680000.0
2013,14,Schaffhausen,Y31T35,31-35 years,23.685,6,,,23685000.0
2014,14,Schaffhausen,Y31T35,31-35 years,24.449,6,,,24449000.0
2015,14,Schaffhausen,Y31T35,31-35 years,26.161,6,,,26161000.0
2016,14,Schaffhausen,Y31T35,31-35 years,26.937,6,,,26937000.0
2017,14,Schaffhausen,Y31T35,31-35 years,27.413,6,,,27413000.0
2018,14,Schaffhausen,Y31T35,31-35 years,25.161,6,,,25161000.0
2019,14,Schaffhausen,Y31T35,31-35 years,28.643,6,,,28643000.0
2020,14,Schaffhausen,Y31T35,31-35 years,32.225,6,,,32225000.0
2021,14,Schaffhausen,Y31T35,31-35 years,34.379,6,,,34379000.0
2022,14,Schaffhausen,Y31T35,31-35 years,36.474,6,,,36474000.0
2023,14,Schaffhausen,Y31T35,31-35 years,36.057,6,,,36057000.0
2024,14,Schaffhausen,Y31T35,31-35 years,33.887,6,,,33887000.0
2011,15,Appenzell Ausserrhoden,Y31T35,31-35 years,13.355,6,,,13355000.0
2012,15,Appenzell Ausserrhoden,Y31T35,31-35 years,14.497,6,,,14497000.0
2013,15,Appenzell Ausserrhoden,Y31T35,31-35 years,14.967,6,,,14967000.0
2014,15,Appenzell Ausserrhoden,Y31T35,31-35 years,16.154,6,,,16154000.0
2015,15,Appenzell Ausserrhoden,Y31T35,31-35 years,17.084,6,,,17084000.0
2016,15,Appenzell Ausserrhoden,Y31T35,31-35 years,17.946,6,,,17946000.0
2017,15,Appenzell Ausserrhoden,Y31T35,31-35 years,18.471,6,,,18471000.0
2018,15,Appenzell Ausserrhoden,Y31T35,31-35 years,19.291,6,,,19291000.0
2019,15,Appenzell Ausserrhoden,Y31T35,31-35 years,19.688,6,,,19688000.0
2020,15,Appenzell Ausserrhoden,Y31T35,31-35 years,22.004,6,,,22004000.0
2021,15,Appenzell Ausserrhoden,Y31T35,31-35 years,21.951,6,,,21951000.0
2022,15,Appenzell Ausserrhoden,Y31T35,31-35 years,21.972,6,,,21972000.0
2023,15,Appenzell Ausserrhoden,Y31T35,31-35 years,24.098,6,,,24098000.0
2024,15,Appenzell Ausserrhoden,Y31T35,31-35 years,22.583,6,,,22583000.0
2011,16,Appenzell Innerrhoden,Y31T35,31-35 years,3.086,6,,,3086000.0
2012,16,Appenzell Innerrhoden,Y31T35,31-35 years,3.059,6,,,3059000.0
2013,16,Appenzell Innerrhoden,Y31T35,31-35 years,3.441,6,,,3441000.0
2014,16,Appenzell Innerrhoden,Y31T35,31-35 years,3.599,6,,,3599000.0
2015,16,Appenzell Innerrhoden,Y31T35,31-35 years,3.848,6,,,3848000.0
2016,16,Appenzell Innerrhoden,Y31T35,31-35 years,4.018,6,,,4018000.0
2017,16,Appenzell Innerrhoden,Y31T35,31-35 years,4.108,6,,,4107999.9999999995
2018,16,Appenzell Innerrhoden,Y31T35,31-35 years,4.306,6,,,4306000.0
2019,16,Appenzell Innerrhoden,Y31T35,31-35 years,4.157,6,,,4157000.0
2020,16,Appenzell Innerrhoden,Y31T35,31-35 years,4.57,6,,,4570000.0
2021,16,Appenzell Innerrhoden,Y31T35,31-35 years,5.252,6,,,5252000.0
2022,16,Appenzell Innerrhoden,Y31T35,31-35 years,6.016,6,,,6016000.0
2023,16,Appenzell Innerrhoden,Y31T35,31-35 years,5.871,6,,,5871000.0
2024,16,Appenzell Innerrhoden,Y31T35,31-35 years,5.847,6,,,5847000.0
2011,17,St. Gallen,Y31T35,31-35 years,146.051,6,,,146051000.0
2012,17,St. Gallen,Y31T35,31-35 years,157.366,6,,,157366000.0
2013,17,St. Gallen,Y31T35,31-35 years,168.011,6,,,168011000.0
2014,17,St. Gallen,Y31T35,31-35 years,173.202,6,,,173202000.0
2015,17,St. Gallen,Y31T35,31-35 years,180.392,6,,,180392000.0
2016,17,St. Gallen,Y31T35,31-35 years,186.51,6,,,186510000.0
2017,17,St. Gallen,Y31T35,31-35 years,192.081,6,,,192081000.0
2018,17,St. Gallen,Y31T35,31-35 years,191.663,6,,,191663000.0
2019,17,St. Gallen,Y31T35,31-35 years,197.323,6,,,197323000.0
2020,17,St. Gallen,Y31T35,31-35 years,200.01,6,,,200010000.0
2021,17,St. Gallen,Y31T35,31-35 years,227.205,6,,,227205000.0
2022,17,St. Gallen,Y31T35,31-35 years,228.167,6,,,228167000.0
2023,17,St. Gallen,Y31T35,31-35 years,228.491,6,,,228491000.0
2024,17,St. Gallen,Y31T35,31-35 years,229.148,6,,,229148000.0
2011,18,Graubünden,Y31T35,31-35 years,53.782,6,,,53782000.0
2012,18,Graubünden,Y31T35,31-35 years,58.086,6,,,58086000.0
2013,18,Graubünden,Y31T35,31-35 years,63.937,6,,,63937000.0
2014,18,Graubünden,Y31T35,31-35 years,61.547,6,,,61547000.0
2015,18,Graubünden,Y31T35,31-35 years,64.362,6,,,64361999.99999999
2016,18,Graubünden,Y31T35,31-35 years,66.367,6,,,66367000.00000001
2017,18,Graubünden,Y31T35,31-35 years,68.329,6,,,68329000.0
2018,18,Graubünden,Y31T35,31-35 years,72.111,6,,,72111000.0
2019,18,Graubünden,Y31T35,31-35 years,68.695,6,,,68695000.0
2020,18,Graubünden,Y31T35,31-35 years,71.369,6,,,71369000.0
2021,18,Graubünden,Y31T35,31-35 years,76.849,6,,,76849000.0
2022,18,Graubünden,Y31T35,31-35 years,77.358,6,,,77358000.0
2023,18,Graubünden,Y31T35,31-35 years,76.849,6,,,76849000.0
2024,18,Graubünden,Y31T35,31-35 years,74.305,6,,,74305000.0
2011,19,Aargau,Y31T35,31-35 years,211.65,6,,,211650000.0
2012,19,Aargau,Y31T35,31-35 years,221.053,6,,,221053000.0
2013,19,Aargau,Y31T35,31-35 years,230.64,6,,,230640000.0
2014,19,Aargau,Y31T35,31-35 years,250.195,6,,,250195000.0
2015,19,Aargau,Y31T35,31-35 years,248.348,6,,,248348000.0
2016,19,Aargau,Y31T35,31-35 years,252.035,6,,,252035000.0
2017,19,Aargau,Y31T35,31-35 years,260.956,6,,,260956000.00000003
2018,19,Aargau,Y31T35,31-35 years,259.991,6,,,259991000.0
2019,19,Aargau,Y31T35,31-35 years,270.189,6,,,270189000.0
2020,19,Aargau,Y31T35,31-35 years,272.345,6,,,272345000.0
2021,19,Aargau,Y31T35,31-35 years,302.315,6,,,302315000.0
2022,19,Aargau,Y31T35,31-35 years,331.201,6,,,331201000.0
2023,19,Aargau,Y31T35,31-35 years,319.789,6,,,319789000.0
2024,19,Aargau,Y31T35,31-35 years,315.293,6,,,315293000.0
2011,20,Thurgau,Y31T35,31-35 years,71.341,6,,,71341000.0
2012,20,Thurgau,Y31T35,31-35 years,76.483,6,,,76483000.0
2013,20,Thurgau,Y31T35,31-35 years,82.647,6,,,82647000.0
2014,20,Thurgau,Y31T35,31-35 years,90.162,6,,,90162000.0
2015,20,Thurgau,Y31T35,31-35 years,94.961,6,,,94961000.0
2016,20,Thurgau,Y31T35,31-35 years,98.727,6,,,98727000.0
2017,20,Thurgau,Y31T35,31-35 years,102.567,6,,,102567000.0
2018,20,Thurgau,Y31T35,31-35 years,100.41,6,,,100410000.0
2019,20,Thurgau,Y31T35,31-35 years,108.651,6,,,108651000.0
2020,20,Thurgau,Y31T35,31-35 years,113.101,6,,,113101000.0
2021,20,Thurgau,Y31T35,31-35 years,123.675,6,,,123675000.0
2022,20,Thurgau,Y31T35,31-35 years,125.695,6,,,125695000.0
2023,20,Thurgau,Y31T35,31-35 years,130.043,6,,,130043000.0
2024,20,Thurgau,Y31T35,31-35 years,131.883,6,,,131883000.00000001
2011,21,Ticino,Y31T35,31-35 years,84.323,6,,,84323000.0
2012,21,Ticino,Y31T35,31-35 years,87.593,6,,,87593000.0
2013,21,Ticino,Y31T35,31-35 years,91.848,6,,,91848000.0
2014,21,Ticino,Y31T35,31-35 years,94.318,6,,,94318000.0
2015,21,Ticino,Y31T35,31-35 years,96.78,6,,,96780000.0
2016,21,Ticino,Y31T35,31-35 years,99.774,6,,,99774000.0
2017,21,Ticino,Y31T35,31-35 years,104.521,6,,,104521000.0
2018,21,Ticino,Y31T35,31-35 years,108.537,6,,,108537000.0
2019,21,Ticino,Y31T35,31-35 years,109.993,6,,,109993000.0
2020,21,Ticino,Y31T35,31-35 years,113.506,6,,,113506000.0
2021,21,Ticino,Y31T35,31-35 years,123.429,6,,,123429000.0
2022,21,Ticino,Y31T35,31-35 years,127.777,6,,,127777000.0
2023,21,Ticino,Y31T35,31-35 years,126.501,6,,,126501000.0
2024,21,Ticino,Y31T35,31-35 years,132.113,6,,,132113000.0
2011,22,Vaud,Y31T35,31-35 years,255.135,6,,,255135000.0
2012,22,Vaud,Y31T35,31-35 years,263.707,6,,,263707000.0
2013,22,Vaud,Y31T35,31-35 years,271.32,6,,,271320000.0
2014,22,Vaud,Y31T35,31-35 years,282.914,6,,,282914000.0
2015,22,Vaud,Y31T35,31-35 years,293.931,6,,,293931000.0
2016,22,Vaud,Y31T35,31-35 years,302.193,6,,,302193000.0
2017,22,Vaud,Y31T35,31-35 years,315.214,6,,,315214000.0
2018,22,Vaud,Y31T35,31-35 years,323.855,6,,,323855000.0
2019,22,Vaud,Y31T35,31-35 years,334.648,6,,,334648000.0
2020,22,Vaud,Y31T35,31-35 years,353.087,6,,,353087000.0
2021,22,Vaud,Y31T35,31-35 years,390.402,6,,,390402000.0
2022,22,Vaud,Y31T35,31-35 years,391.738,6,,,391738000.0
2023,22,Vaud,Y31T35,31-35 years,398.548,6,,,398548000.0
2024,22,Vaud,Y31T35,31-35 years,424.112,6,,,424112000.0
2011,23,Valais,Y31T35,31-35 years,91.976,6,,,91976000.0
2012,23,Valais,Y31T35,31-35 years,96.029,6,,,96029000.0
2013,23,Valais,Y31T35,31-35 years,100.866,6,,,100866000.0
2014,23,Valais,Y31T35,31-35 years,103.742,6,,,103742000.0
2015,23,Valais,Y31T35,31-35 years,111.246,6,,,111246000.0
2016,23,Valais,Y31T35,31-35 years,106.674,6,,,106674000.0
2017,23,Valais,Y31T35,31-35 years,113.58,6,,,113580000.0
2018,23,Valais,Y31T35,31-35 years,115.701,6,,,115701000.0
2019,23,Valais,Y31T35,31-35 years,119.94,6,,,119940000.0
2020,23,Valais,Y31T35,31-35 years,122.506,6,,,122506000.0
2021,23,Valais,Y31T35,31-35 years,138.091,6,,,138091000.0
2022,23,Valais,Y31T35,31-35 years,132.454,6,,,132454000.00000001
2023,23,Valais,Y31T35,31-35 years,138.222,6,,,138222000.0
2024,23,Valais,Y31T35,31-35 years,124.073,6,,,124073000.0
2011,24,Neuchâtel,Y31T35,31-35 years,53.746,6,,,53746000.0
2012,24,Neuchâtel,Y31T35,31-35 years,54.131,6,,,54131000.0
2013,24,Neuchâtel,Y31T35,31-35 years,57.382,6,,,57382000.0
2014,24,Neuchâtel,Y31T35,31-35 years,60.736,6,,,60736000.0
2015,24,Neuchâtel,Y31T35,31-35 years,62.033,6,,,62033000.0
2016,24,Neuchâtel,Y31T35,31-35 years,64.4,6,,,64400000.00000001
2017,24,Neuchâtel,Y31T35,31-35 years,67.302,6,,,67302000.0
2018,24,Neuchâtel,Y31T35,31-35 years,67.293,6,,,67293000.0
2019,24,Neuchâtel,Y31T35,31-35 years,70.987,6,,,70987000.0
2020,24,Neuchâtel,Y31T35,31-35 years,74.039,6,,,74039000.0
2021,24,Neuchâtel,Y31T35,31-35 years,81.621,6,,,81621000.0
2022,24,Neuchâtel,Y31T35,31-35 years,80.977,6,,,80977000.0
2023,24,Neuchâtel,Y31T35,31-35 years,74.997,6,,,74997000.0
2024,24,Neuchâtel,Y31T35,31-35 years,85.902,6,,,85902000.0
2011,25,Genève,Y31T35,31-35 years,225.113,6,,,225113000.0
2012,25,Genève,Y31T35,31-35 years,245.726,6,,,245726000.0
2013,25,Genève,Y31T35,31-35 years,254.121,6,,,254121000.0
2014,25,Genève,Y31T35,31-35 years,259.27,6,,,259269999.99999997
2015,25,Genève,Y31T35,31-35 years,261.972,6,,,261971999.99999997
2016,25,Genève,Y31T35,31-35 years,270.687,6,,,270687000.0
2017,25,Genève,Y31T35,31-35 years,285.603,6,,,285603000.0
2018,25,Genève,Y31T35,31-35 years,284.001,6,,,284001000.0
2019,25,Genève,Y31T35,31-35 years,291.436,6,,,291436000.0
2020,25,Genève,Y31T35,31-35 years,301.465,6,,,301465000.0
2021,25,Genève,Y31T35,31-35 years,325.817,6,,,325817000.0
2022,25,Genève,Y31T35,31-35 years,261.296,6,,,261296000.0
2023,25,Genève,Y31T35,31-35 years,264.057,6,,,264057000.00000003
2024,25,Genève,Y31T35,31-35 years,276.733,6,,,276733000.0
2011,26,Jura,Y31T35,31-35 years,20.243,6,,,20243000.0
2012,26,Jura,Y31T35,31-35 years,21.848,6,,,21848000.0
2013,26,Jura,Y31T35,31-35 years,21.455,6,,,21455000.0
2014,26,Jura,Y31T35,31-35 years,22.33,6,,,22330000.0
2015,26,Jura,Y31T35,31-35 years,22.862,6,,,22862000.0
2016,26,Jura,Y31T35,31-35 years,23.685,6,,,23685000.0
2017,26,Jura,Y31T35,31-35 years,25.156,6,,,25156000.0
2018,26,Jura,Y31T35,31-35 years,26.627,6,,,26627000.0
2019,26,Jura,Y31T35,31-35 years,27.196,6,,,27196000.0
2020,26,Jura,Y31T35,31-35 years,27.169,6,,,27169000.0
2021,26,Jura,Y31T35,31-35 years,31.744,6,,,31744000.0
2022,26,Jura,Y31T35,31-35 years,38.53,6,,,38530000.0
2023,26,Jura,Y31T35,31-35 years,42.657,6,,,42657000.0
2024,26,Jura,Y31T35,31-35 years,42.454,6,,,42454000.0
2011,_T,Total,Y36T40,36-40 years,2963.679,6,,,2963679000.0
2012,_T,Total,Y36T40,36-40 years,2812.443,6,,,2812443000.0
2013,_T,Total,Y36T40,36-40 years,2922.701,6,,,2922701000.0
2014,_T,Total,Y36T40,36-40 years,2959.661,6,,,2959661000.0
2015,_T,Total,Y36T40,36-40 years,3059.338,6,,,3059338000.0
2016,_T,Total,Y36T40,36-40 years,3182.663,6,,,3182663000.0
2017,_T,Total,Y36T40,36-40 years,3383.8,6,,,3383800000.0
2018,_T,Total,Y36T40,36-40 years,3457.066,6,,,3457066000.0
2019,_T,Total,Y36T40,36-40 years,3598.268,6,,,3598268000.0
2020,_T,Total,Y36T40,36-40 years,3703.252,6,,,3703252000.0
2021,_T,Total,Y36T40,36-40 years,4175.154,6,,,4175154000.0000005
2022,_T,Total,Y36T40,36-40 years,4100.97,6,,,4100970000.0000005
2023,_T,Total,Y36T40,36-40 years,4084.228,6,,,4084228000.0
2024,_T,Total,Y36T40,36-40 years,4186.634,6,,,4186634000.0
2011,1,Zürich,Y36T40,36-40 years,582.763,6,,,582763000.0
2012,1,Zürich,Y36T40,36-40 years,565.481,6,,,565481000.0
2013,1,Zürich,Y36T40,36-40 years,591.763,6,,,591763000.0
2014,1,Zürich,Y36T40,36-40 years,600.637,6,,,600637000.0
2015,1,Zürich,Y36T40,36-40 years,619.569,6,,,619569000.0
2016,1,Zürich,Y36T40,36-40 years,643.332,6,,,643332000.0
2017,1,Zürich,Y36T40,36-40 years,685.92,6,,,685920000.0
2018,1,Zürich,Y36T40,36-40 years,706.48,6,,,706480000.0
2019,1,Zürich,Y36T40,36-40 years,724.852,6,,,724852000.0
2020,1,Zürich,Y36T40,36-40 years,741.204,6,,,741204000.0
2021,1,Zürich,Y36T40,36-40 years,817.74,6,,,817740000.0
2022,1,Zürich,Y36T40,36-40 years,849.84,6,,,849840000.0
2023,1,Zürich,Y36T40,36-40 years,846.245,6,,,846245000.0
2024,1,Zürich,Y36T40,36-40 years,866.552,6,,,866552000.0
2011,2,Bern,Y36T40,36-40 years,347.74,6,,,347740000.0
2012,2,Bern,Y36T40,36-40 years,338.073,6,,,338073000.0
2013,2,Bern,Y36T40,36-40 years,359.759,6,,,359759000.0
2014,2,Bern,Y36T40,36-40 years,351.275,6,,,351275000.0
2015,2,Bern,Y36T40,36-40 years,372.11,6,,,372110000.0
2016,2,Bern,Y36T40,36-40 years,369.213,6,,,369213000.0
2017,2,Bern,Y36T40,36-40 years,395.769,6,,,395769000.0
2018,2,Bern,Y36T40,36-40 years,394.98,6,,,394980000.0
2019,2,Bern,Y36T40,36-40 years,420.536,6,,,420536000.0
2020,2,Bern,Y36T40,36-40 years,429.914,6,,,429914000.0
2021,2,Bern,Y36T40,36-40 years,556.994,6,,,556994000.0
2022,2,Bern,Y36T40,36-40 years,484.95,6,,,484950000.0
2023,2,Bern,Y36T40,36-40 years,495.548,6,,,495548000.0
2024,2,Bern,Y36T40,36-40 years,519.157,6,,,519157000.00000006
2011,3,Luzern,Y36T40,36-40 years,122.699,6,,,122699000.0
2012,3,Luzern,Y36T40,36-40 years,119.557,6,,,119557000.0
2013,3,Luzern,Y36T40,36-40 years,124.757,6,,,124757000.0
2014,3,Luzern,Y36T40,36-40 years,126.629,6,,,126629000.0
2015,3,Luzern,Y36T40,36-40 years,129.055,6,,,129055000.0
2016,3,Luzern,Y36T40,36-40 years,143.855,6,,,143855000.0
2017,3,Luzern,Y36T40,36-40 years,149.167,6,,,149167000.0
2018,3,Luzern,Y36T40,36-40 years,145.655,6,,,145655000.0
2019,3,Luzern,Y36T40,36-40 years,149.933,6,,,149933000.0
2020,3,Luzern,Y36T40,36-40 years,159.013,6,,,159013000.0
2021,3,Luzern,Y36T40,36-40 years,214.478,6,,,214478000.0
2022,3,Luzern,Y36T40,36-40 years,194.925,6,,,194925000.0
2023,3,Luzern,Y36T40,36-40 years,173.011,6,,,173011000.0
2024,3,Luzern,Y36T40,36-40 years,173.335,6,,,173335000.0
2011,4,Uri,Y36T40,36-40 years,9.136,6,,,9136000.0
2012,4,Uri,Y36T40,36-40 years,8.45,6,,,8450000.0
2013,4,Uri,Y36T40,36-40 years,8.814,6,,,8814000.0
2014,4,Uri,Y36T40,36-40 years,8.907,6,,,8907000.0
2015,4,Uri,Y36T40,36-40 years,9.394,6,,,9394000.0
2016,4,Uri,Y36T40,36-40 years,9.562,6,,,9562000.0
2017,4,Uri,Y36T40,36-40 years,10.188,6,,,10188000.0
2018,4,Uri,Y36T40,36-40 years,9.758,6,,,9758000.0
2019,4,Uri,Y36T40,36-40 years,10.272,6,,,10272000.0
2020,4,Uri,Y36T40,36-40 years,10.564,6,,,10564000.0
2021,4,Uri,Y36T40,36-40 years,11.376,6,,,11376000.0
2022,4,Uri,Y36T40,36-40 years,10.581,6,,,10581000.0
2023,4,Uri,Y36T40,36-40 years,11.717,6,,,11717000.0
2024,4,Uri,Y36T40,36-40 years,10.987,6,,,10987000.0
2011,5,Schwyz,Y36T40,36-40 years,47.416,6,,,47416000.0
2012,5,Schwyz,Y36T40,36-40 years,45.449,6,,,45449000.0
2013,5,Schwyz,Y36T40,36-40 years,45.624,6,,,45624000.0
2014,5,Schwyz,Y36T40,36-40 years,47.342,6,,,47342000.0
2015,5,Schwyz,Y36T40,36-40 years,49.395,6,,,49395000.0
2016,5,Schwyz,Y36T40,36-40 years,49.167,6,,,49167000.0
2017,5,Schwyz,Y36T40,36-40 years,53.303,6,,,53303000.0
2018,5,Schwyz,Y36T40,36-40 years,55.155,6,,,55155000.0
2019,5,Schwyz,Y36T40,36-40 years,54.268,6,,,54268000.0
2020,5,Schwyz,Y36T40,36-40 years,58.023,6,,,58023000.0
2021,5,Schwyz,Y36T40,36-40 years,61.468,6,,,61468000.0
2022,5,Schwyz,Y36T40,36-40 years,61.721,6,,,61721000.0
2023,5,Schwyz,Y36T40,36-40 years,58.938,6,,,58938000.0
2024,5,Schwyz,Y36T40,36-40 years,61.893,6,,,61893000.0
2011,6,Obwalden,Y36T40,36-40 years,12.853,6,,,12853000.0
2012,6,Obwalden,Y36T40,36-40 years,12.25,6,,,12250000.0
2013,6,Obwalden,Y36T40,36-40 years,12.451,6,,,12451000.0
2014,6,Obwalden,Y36T40,36-40 years,12.229,6,,,12229000.0
2015,6,Obwalden,Y36T40,36-40 years,11.949,6,,,11949000.0
2016,6,Obwalden,Y36T40,36-40 years,11.712,6,,,11712000.0
2017,6,Obwalden,Y36T40,36-40 years,12.955,6,,,12955000.0
2018,6,Obwalden,Y36T40,36-40 years,13.885,6,,,13885000.0
2019,6,Obwalden,Y36T40,36-40 years,14.006,6,,,14006000.0
2020,6,Obwalden,Y36T40,36-40 years,13.334,6,,,13334000.0
2021,6,Obwalden,Y36T40,36-40 years,15.626,6,,,15626000.0
2022,6,Obwalden,Y36T40,36-40 years,13.438,6,,,13438000.0
2023,6,Obwalden,Y36T40,36-40 years,14.004,6,,,14004000.0
2024,6,Obwalden,Y36T40,36-40 years,13.237,6,,,13237000.0
2011,7,Nidwalden,Y36T40,36-40 years,11.639,6,,,11639000.0
2012,7,Nidwalden,Y36T40,36-40 years,10.898,6,,,10898000.0
2013,7,Nidwalden,Y36T40,36-40 years,11.201,6,,,11201000.0
2014,7,Nidwalden,Y36T40,36-40 years,11.843,6,,,11843000.0
2015,7,Nidwalden,Y36T40,36-40 years,12.05,6,,,12050000.0
2016,7,Nidwalden,Y36T40,36-40 years,12.806,6,,,12806000.0
2017,7,Nidwalden,Y36T40,36-40 years,13.385,6,,,13385000.0
2018,7,Nidwalden,Y36T40,36-40 years,13.814,6,,,13814000.0
2019,7,Nidwalden,Y36T40,36-40 years,15.502,6,,,15502000.0
2020,7,Nidwalden,Y36T40,36-40 years,16.025,6,,,16024999.999999998
2021,7,Nidwalden,Y36T40,36-40 years,16.554,6,,,16553999.999999998
2022,7,Nidwalden,Y36T40,36-40 years,16.603,6,,,16603000.000000002
2023,7,Nidwalden,Y36T40,36-40 years,15.242,6,,,15242000.0
2024,7,Nidwalden,Y36T40,36-40 years,14.874,6,,,14874000.0
2011,8,Glarus,Y36T40,36-40 years,15.017,6,,,15017000.0
2012,8,Glarus,Y36T40,36-40 years,13.211,6,,,13211000.0
2013,8,Glarus,Y36T40,36-40 years,12.805,6,,,12805000.0
2014,8,Glarus,Y36T40,36-40 years,13.726,6,,,13726000.0
2015,8,Glarus,Y36T40,36-40 years,16.429,6,,,16428999.999999998
2016,8,Glarus,Y36T40,36-40 years,14.72,6,,,14720000.0
2017,8,Glarus,Y36T40,36-40 years,16.891,6,,,16891000.0
2018,8,Glarus,Y36T40,36-40 years,20.406,6,,,20406000.0
2019,8,Glarus,Y36T40,36-40 years,18.927,6,,,18927000.0
2020,8,Glarus,Y36T40,36-40 years,63.587,6,,,63587000.0
2021,8,Glarus,Y36T40,36-40 years,19.341,6,,,19341000.0
2022,8,Glarus,Y36T40,36-40 years,16.979,6,,,16979000.0
2023,8,Glarus,Y36T40,36-40 years,18.607,6,,,18607000.0
2024,8,Glarus,Y36T40,36-40 years,20.338,6,,,20338000.0
2011,9,Zug,Y36T40,36-40 years,40.244,6,,,40244000.0
2012,9,Zug,Y36T40,36-40 years,37.141,6,,,37141000.0
2013,9,Zug,Y36T40,36-40 years,38.808,6,,,38808000.0
2014,9,Zug,Y36T40,36-40 years,39.254,6,,,39254000.0
2015,9,Zug,Y36T40,36-40 years,39.203,6,,,39203000.0
2016,9,Zug,Y36T40,36-40 years,41.721,6,,,41721000.0
2017,9,Zug,Y36T40,36-40 years,44.04,6,,,44040000.0
2018,9,Zug,Y36T40,36-40 years,45.511,6,,,45511000.0
2019,9,Zug,Y36T40,36-40 years,45.613,6,,,45613000.0
2020,9,Zug,Y36T40,36-40 years,49.099,6,,,49099000.0
2021,9,Zug,Y36T40,36-40 years,57.747,6,,,57747000.0
2022,9,Zug,Y36T40,36-40 years,56.213,6,,,56213000.0
2023,9,Zug,Y36T40,36-40 years,53.944,6,,,53944000.0
2024,9,Zug,Y36T40,36-40 years,55.955,6,,,55955000.0
2011,10,Fribourg,Y36T40,36-40 years,101.791,6,,,101791000.0
2012,10,Fribourg,Y36T40,36-40 years,96.265,6,,,96265000.0
2013,10,Fribourg,Y36T40,36-40 years,100.015,6,,,100015000.0
2014,10,Fribourg,Y36T40,36-40 years,99.916,6,,,99916000.0
2015,10,Fribourg,Y36T40,36-40 years,102.395,6,,,102395000.0
2016,10,Fribourg,Y36T40,36-40 years,110.93,6,,,110930000.0
2017,10,Fribourg,Y36T40,36-40 years,116.124,6,,,116124000.0
2018,10,Fribourg,Y36T40,36-40 years,118.159,6,,,118159000.0
2019,10,Fribourg,Y36T40,36-40 years,124.128,6,,,124128000.0
2020,10,Fribourg,Y36T40,36-40 years,126.774,6,,,126774000.0
2021,10,Fribourg,Y36T40,36-40 years,142.077,6,,,142077000.0
2022,10,Fribourg,Y36T40,36-40 years,146.884,6,,,146884000.0
2023,10,Fribourg,Y36T40,36-40 years,147.297,6,,,147297000.0
2024,10,Fribourg,Y36T40,36-40 years,156.822,6,,,156822000.0
2011,11,Solothurn,Y36T40,36-40 years,85.759,6,,,85759000.0
2012,11,Solothurn,Y36T40,36-40 years,82.133,6,,,82133000.0
2013,11,Solothurn,Y36T40,36-40 years,83.407,6,,,83407000.0
2014,11,Solothurn,Y36T40,36-40 years,94.244,6,,,94244000.0
2015,11,Solothurn,Y36T40,36-40 years,93.983,6,,,93983000.0
2016,11,Solothurn,Y36T40,36-40 years,124.112,6,,,124112000.0
2017,11,Solothurn,Y36T40,36-40 years,116.461,6,,,116461000.0
2018,11,Solothurn,Y36T40,36-40 years,103.694,6,,,103694000.0
2019,11,Solothurn,Y36T40,36-40 years,135.681,6,,,135681000.0
2020,11,Solothurn,Y36T40,36-40 years,111.471,6,,,111471000.0
2021,11,Solothurn,Y36T40,36-40 years,128.335,6,,,128335000.00000001
2022,11,Solothurn,Y36T40,36-40 years,132.924,6,,,132924000.0
2023,11,Solothurn,Y36T40,36-40 years,123.273,6,,,123273000.0
2024,11,Solothurn,Y36T40,36-40 years,128.688,6,,,128687999.99999999
2011,12,Basel-Stadt,Y36T40,36-40 years,92.76,6,,,92760000.0
2012,12,Basel-Stadt,Y36T40,36-40 years,86.12,6,,,86120000.0
2013,12,Basel-Stadt,Y36T40,36-40 years,90.805,6,,,90805000.0
2014,12,Basel-Stadt,Y36T40,36-40 years,93.29,6,,,93290000.0
2015,12,Basel-Stadt,Y36T40,36-40 years,92.38,6,,,92380000.0
2016,12,Basel-Stadt,Y36T40,36-40 years,97.107,6,,,97107000.0
2017,12,Basel-Stadt,Y36T40,36-40 years,108.257,6,,,108257000.0
2018,12,Basel-Stadt,Y36T40,36-40 years,116.891,6,,,116891000.0
2019,12,Basel-Stadt,Y36T40,36-40 years,111.1,6,,,111100000.0
2020,12,Basel-Stadt,Y36T40,36-40 years,116.187,6,,,116187000.0
2021,12,Basel-Stadt,Y36T40,36-40 years,125.914,6,,,125914000.0
2022,12,Basel-Stadt,Y36T40,36-40 years,135.246,6,,,135246000.0
2023,12,Basel-Stadt,Y36T40,36-40 years,128.423,6,,,128423000.0
2024,12,Basel-Stadt,Y36T40,36-40 years,134.926,6,,,134926000.0
2011,13,Basel-Landschaft,Y36T40,36-40 years,101.208,6,,,101208000.0
2012,13,Basel-Landschaft,Y36T40,36-40 years,97.351,6,,,97351000.0
2013,13,Basel-Landschaft,Y36T40,36-40 years,97.927,6,,,97927000.0
2014,13,Basel-Landschaft,Y36T40,36-40 years,96.994,6,,,96994000.0
2015,13,Basel-Landschaft,Y36T40,36-40 years,105.174,6,,,105174000.0
2016,13,Basel-Landschaft,Y36T40,36-40 years,112.814,6,,,112814000.0
2017,13,Basel-Landschaft,Y36T40,36-40 years,113.883,6,,,113883000.0
2018,13,Basel-Landschaft,Y36T40,36-40 years,121.331,6,,,121331000.0
2019,13,Basel-Landschaft,Y36T40,36-40 years,121.008,6,,,121008000.0
2020,13,Basel-Landschaft,Y36T40,36-40 years,116.974,6,,,116974000.0
2021,13,Basel-Landschaft,Y36T40,36-40 years,134.777,6,,,134777000.0
2022,13,Basel-Landschaft,Y36T40,36-40 years,134.729,6,,,134729000.0
2023,13,Basel-Landschaft,Y36T40,36-40 years,138.267,6,,,138267000.0
2024,13,Basel-Landschaft,Y36T40,36-40 years,136.704,6,,,136704000.0
2011,14,Schaffhausen,Y36T40,36-40 years,28.873,6,,,28873000.0
2012,14,Schaffhausen,Y36T40,36-40 years,25.735,6,,,25735000.0
2013,14,Schaffhausen,Y36T40,36-40 years,26.797,6,,,26797000.0
2014,14,Schaffhausen,Y36T40,36-40 years,26.558,6,,,26558000.0
2015,14,Schaffhausen,Y36T40,36-40 years,26.412,6,,,26412000.0
2016,14,Schaffhausen,Y36T40,36-40 years,28.236,6,,,28236000.0
2017,14,Schaffhausen,Y36T40,36-40 years,31.574,6,,,31574000.0
2018,14,Schaffhausen,Y36T40,36-40 years,31.103,6,,,31103000.0
2019,14,Schaffhausen,Y36T40,36-40 years,34.912,6,,,34912000.0
2020,14,Schaffhausen,Y36T40,36-40 years,33.129,6,,,33128999.999999996
2021,14,Schaffhausen,Y36T40,36-40 years,37.604,6,,,37604000.0
2022,14,Schaffhausen,Y36T40,36-40 years,37.185,6,,,37185000.0
2023,14,Schaffhausen,Y36T40,36-40 years,40.541,6,,,40541000.0
2024,14,Schaffhausen,Y36T40,36-40 years,38.372,6,,,38372000.0
2011,15,Appenzell Ausserrhoden,Y36T40,36-40 years,15.439,6,,,15439000.0
2012,15,Appenzell Ausserrhoden,Y36T40,36-40 years,15.496,6,,,15496000.0
2013,15,Appenzell Ausserrhoden,Y36T40,36-40 years,15.277,6,,,15277000.0
2014,15,Appenzell Ausserrhoden,Y36T40,36-40 years,15.458,6,,,15458000.0
2015,15,Appenzell Ausserrhoden,Y36T40,36-40 years,15.273,6,,,15273000.0
2016,15,Appenzell Ausserrhoden,Y36T40,36-40 years,15.976,6,,,15976000.0
2017,15,Appenzell Ausserrhoden,Y36T40,36-40 years,17.318,6,,,17318000.0
2018,15,Appenzell Ausserrhoden,Y36T40,36-40 years,18.129,6,,,18129000.0
2019,15,Appenzell Ausserrhoden,Y36T40,36-40 years,18.951,6,,,18951000.0
2020,15,Appenzell Ausserrhoden,Y36T40,36-40 years,20.496,6,,,20496000.0
2021,15,Appenzell Ausserrhoden,Y36T40,36-40 years,21.973,6,,,21973000.0
2022,15,Appenzell Ausserrhoden,Y36T40,36-40 years,19.856,6,,,19856000.0
2023,15,Appenzell Ausserrhoden,Y36T40,36-40 years,20.048,6,,,20048000.0
2024,15,Appenzell Ausserrhoden,Y36T40,36-40 years,20.703,6,,,20703000.0
2011,16,Appenzell Innerrhoden,Y36T40,36-40 years,9.212,6,,,9212000.0
2012,16,Appenzell Innerrhoden,Y36T40,36-40 years,6.067,6,,,6067000.0
2013,16,Appenzell Innerrhoden,Y36T40,36-40 years,6.045,6,,,6045000.0
2014,16,Appenzell Innerrhoden,Y36T40,36-40 years,5.936,6,,,5936000.0
2015,16,Appenzell Innerrhoden,Y36T40,36-40 years,6.213,6,,,6213000.0
2016,16,Appenzell Innerrhoden,Y36T40,36-40 years,6.238,6,,,6238000.0
2017,16,Appenzell Innerrhoden,Y36T40,36-40 years,8.199,6,,,8199000.0
2018,16,Appenzell Innerrhoden,Y36T40,36-40 years,9.9,6,,,9900000.0
2019,16,Appenzell Innerrhoden,Y36T40,36-40 years,8.632,6,,,8632000.0
2020,16,Appenzell Innerrhoden,Y36T40,36-40 years,9.15,6,,,9150000.0
2021,16,Appenzell Innerrhoden,Y36T40,36-40 years,10.373,6,,,10373000.0
2022,16,Appenzell Innerrhoden,Y36T40,36-40 years,6.674,6,,,6674000.0
2023,16,Appenzell Innerrhoden,Y36T40,36-40 years,6.799,6,,,6799000.0
2024,16,Appenzell Innerrhoden,Y36T40,36-40 years,7.277,6,,,7277000.0
2011,17,St. Gallen,Y36T40,36-40 years,146.217,6,,,146217000.0
2012,17,St. Gallen,Y36T40,36-40 years,139.768,6,,,139768000.0
2013,17,St. Gallen,Y36T40,36-40 years,148.699,6,,,148699000.0
2014,17,St. Gallen,Y36T40,36-40 years,157.253,6,,,157253000.0
2015,17,St. Gallen,Y36T40,36-40 years,156.068,6,,,156068000.0
2016,17,St. Gallen,Y36T40,36-40 years,161.624,6,,,161624000.0
2017,17,St. Gallen,Y36T40,36-40 years,169.873,6,,,169873000.0
2018,17,St. Gallen,Y36T40,36-40 years,181.851,6,,,181851000.0
2019,17,St. Gallen,Y36T40,36-40 years,180.004,6,,,180004000.0
2020,17,St. Gallen,Y36T40,36-40 years,184.017,6,,,184017000.0
2021,17,St. Gallen,Y36T40,36-40 years,213.46,6,,,213460000.0
2022,17,St. Gallen,Y36T40,36-40 years,225.959,6,,,225959000.0
2023,17,St. Gallen,Y36T40,36-40 years,217.673,6,,,217673000.0
2024,17,St. Gallen,Y36T40,36-40 years,222.769,6,,,222769000.0
2011,18,Graubünden,Y36T40,36-40 years,61.834,6,,,61834000.0
2012,18,Graubünden,Y36T40,36-40 years,57.965,6,,,57965000.0
2013,18,Graubünden,Y36T40,36-40 years,59.278,6,,,59278000.0
2014,18,Graubünden,Y36T40,36-40 years,60.181,6,,,60181000.0
2015,18,Graubünden,Y36T40,36-40 years,61.463,6,,,61463000.0
2016,18,Graubünden,Y36T40,36-40 years,62.754,6,,,62754000.0
2017,18,Graubünden,Y36T40,36-40 years,66.603,6,,,66602999.99999999
2018,18,Graubünden,Y36T40,36-40 years,71.188,6,,,71188000.0
2019,18,Graubünden,Y36T40,36-40 years,68.651,6,,,68651000.0
2020,18,Graubünden,Y36T40,36-40 years,104.794,6,,,104794000.0
2021,18,Graubünden,Y36T40,36-40 years,77.377,6,,,77377000.0
2022,18,Graubünden,Y36T40,36-40 years,77.768,6,,,77768000.0
2023,18,Graubünden,Y36T40,36-40 years,74.568,6,,,74568000.0
2024,18,Graubünden,Y36T40,36-40 years,71.337,6,,,71337000.0
2011,19,Aargau,Y36T40,36-40 years,242.555,6,,,242555000.0
2012,19,Aargau,Y36T40,36-40 years,216.775,6,,,216775000.0
2013,19,Aargau,Y36T40,36-40 years,220.632,6,,,220632000.0
2014,19,Aargau,Y36T40,36-40 years,225.918,6,,,225918000.0
2015,19,Aargau,Y36T40,36-40 years,246.624,6,,,246624000.0
2016,19,Aargau,Y36T40,36-40 years,239.772,6,,,239772000.0
2017,19,Aargau,Y36T40,36-40 years,254.752,6,,,254752000.0
2018,19,Aargau,Y36T40,36-40 years,263.616,6,,,263616000.0
2019,19,Aargau,Y36T40,36-40 years,272.014,6,,,272014000.0
2020,19,Aargau,Y36T40,36-40 years,279.432,6,,,279432000.0
2021,19,Aargau,Y36T40,36-40 years,356.128,6,,,356128000.0
2022,19,Aargau,Y36T40,36-40 years,315.568,6,,,315568000.0
2023,19,Aargau,Y36T40,36-40 years,331.377,6,,,331377000.0
2024,19,Aargau,Y36T40,36-40 years,320.19,6,,,320190000.0
2011,20,Thurgau,Y36T40,36-40 years,81.188,6,,,81188000.0
2012,20,Thurgau,Y36T40,36-40 years,75.626,6,,,75626000.0
2013,20,Thurgau,Y36T40,36-40 years,79.372,6,,,79372000.0
2014,20,Thurgau,Y36T40,36-40 years,78.347,6,,,78347000.0
2015,20,Thurgau,Y36T40,36-40 years,81.874,6,,,81874000.0
2016,20,Thurgau,Y36T40,36-40 years,87.018,6,,,87018000.0
2017,20,Thurgau,Y36T40,36-40 years,93.356,6,,,93356000.0
2018,20,Thurgau,Y36T40,36-40 years,98.734,6,,,98734000.0
2019,20,Thurgau,Y36T40,36-40 years,102.766,6,,,102766000.0
2020,20,Thurgau,Y36T40,36-40 years,106.931,6,,,106931000.0
2021,20,Thurgau,Y36T40,36-40 years,122.445,6,,,122445000.0
2022,20,Thurgau,Y36T40,36-40 years,117.834,6,,,117834000.0
2023,20,Thurgau,Y36T40,36-40 years,117.697,6,,,117697000.0
2024,20,Thurgau,Y36T40,36-40 years,114.623,6,,,114623000.0
2011,21,Ticino,Y36T40,36-40 years,107.067,6,,,107067000.0
2012,21,Ticino,Y36T40,36-40 years,100.642,6,,,100642000.0
2013,21,Ticino,Y36T40,36-40 years,101.702,6,,,101702000.0
2014,21,Ticino,Y36T40,36-40 years,102.633,6,,,102633000.0
2015,21,Ticino,Y36T40,36-40 years,104.429,6,,,104429000.0
2016,21,Ticino,Y36T40,36-40 years,106.637,6,,,106637000.0
2017,21,Ticino,Y36T40,36-40 years,112.527,6,,,112527000.0
2018,21,Ticino,Y36T40,36-40 years,115.156,6,,,115156000.0
2019,21,Ticino,Y36T40,36-40 years,122.735,6,,,122735000.0
2020,21,Ticino,Y36T40,36-40 years,121.54,6,,,121540000.0
2021,21,Ticino,Y36T40,36-40 years,135.065,6,,,135065000.0
2022,21,Ticino,Y36T40,36-40 years,135.881,6,,,135881000.0
2023,21,Ticino,Y36T40,36-40 years,135.169,6,,,135169000.0
2024,21,Ticino,Y36T40,36-40 years,136.582,6,,,136582000.0
2011,22,Vaud,Y36T40,36-40 years,300.918,6,,,300918000.0
2012,22,Vaud,Y36T40,36-40 years,282.111,6,,,282111000.0
2013,22,Vaud,Y36T40,36-40 years,292.162,6,,,292162000.0
2014,22,Vaud,Y36T40,36-40 years,294.855,6,,,294855000.0
2015,22,Vaud,Y36T40,36-40 years,298.507,6,,,298507000.0
2016,22,Vaud,Y36T40,36-40 years,309.188,6,,,309188000.0
2017,22,Vaud,Y36T40,36-40 years,332.781,6,,,332781000.0
2018,22,Vaud,Y36T40,36-40 years,341.389,6,,,341389000.0
2019,22,Vaud,Y36T40,36-40 years,345.951,6,,,345951000.0
2020,22,Vaud,Y36T40,36-40 years,360.753,6,,,360753000.0
2021,22,Vaud,Y36T40,36-40 years,392.611,6,,,392611000.0
2022,22,Vaud,Y36T40,36-40 years,398.819,6,,,398819000.0
2023,22,Vaud,Y36T40,36-40 years,400.201,6,,,400201000.0
2024,22,Vaud,Y36T40,36-40 years,438.056,6,,,438056000.0
2011,23,Valais,Y36T40,36-40 years,100.661,6,,,100661000.0
2012,23,Valais,Y36T40,36-40 years,95.032,6,,,95032000.0
2013,23,Valais,Y36T40,36-40 years,98.268,6,,,98268000.0
2014,23,Valais,Y36T40,36-40 years,98.13,6,,,98130000.0
2015,23,Valais,Y36T40,36-40 years,101.558,6,,,101558000.0
2016,23,Valais,Y36T40,36-40 years,104.358,6,,,104358000.0
2017,23,Valais,Y36T40,36-40 years,127.446,6,,,127446000.0
2018,23,Valais,Y36T40,36-40 years,133.526,6,,,133526000.00000001
2019,23,Valais,Y36T40,36-40 years,163.779,6,,,163779000.0
2020,23,Valais,Y36T40,36-40 years,125.573,6,,,125573000.0
2021,23,Valais,Y36T40,36-40 years,127.847,6,,,127847000.0
2022,23,Valais,Y36T40,36-40 years,131.982,6,,,131982000.0
2023,23,Valais,Y36T40,36-40 years,132.345,6,,,132345000.0
2024,23,Valais,Y36T40,36-40 years,129.441,6,,,129441000.0
2011,24,Neuchâtel,Y36T40,36-40 years,60.102,6,,,60102000.0
2012,24,Neuchâtel,Y36T40,36-40 years,57.695,6,,,57695000.0
2013,24,Neuchâtel,Y36T40,36-40 years,60.527,6,,,60527000.0
2014,24,Neuchâtel,Y36T40,36-40 years,61.482,6,,,61482000.0
2015,24,Neuchâtel,Y36T40,36-40 years,60.9,6,,,60900000.0
2016,24,Neuchâtel,Y36T40,36-40 years,64.39,6,,,64390000.0
2017,24,Neuchâtel,Y36T40,36-40 years,66.026,6,,,66025999.99999999
2018,24,Neuchâtel,Y36T40,36-40 years,65.376,6,,,65376000.00000001
2019,24,Neuchâtel,Y36T40,36-40 years,68.077,6,,,68077000.0
2020,24,Neuchâtel,Y36T40,36-40 years,70.36,6,,,70360000.0
2021,24,Neuchâtel,Y36T40,36-40 years,75.652,6,,,75652000.0
2022,24,Neuchâtel,Y36T40,36-40 years,74.185,6,,,74185000.0
2023,24,Neuchâtel,Y36T40,36-40 years,75.93,6,,,75930000.0
2024,24,Neuchâtel,Y36T40,36-40 years,79.969,6,,,79969000.0
2011,25,Genève,Y36T40,36-40 years,217.055,6,,,217055000.0
2012,25,Genève,Y36T40,36-40 years,206.354,6,,,206354000.0
2013,25,Genève,Y36T40,36-40 years,214.205,6,,,214205000.0
2014,25,Genève,Y36T40,36-40 years,215.233,6,,,215233000.0
2015,25,Genève,Y36T40,36-40 years,225.359,6,,,225359000.0
2016,25,Genève,Y36T40,36-40 years,233.471,6,,,233471000.0
2017,25,Genève,Y36T40,36-40 years,244.1,6,,,244100000.0
2018,25,Genève,Y36T40,36-40 years,237.888,6,,,237888000.0
2019,25,Genève,Y36T40,36-40 years,244.447,6,,,244447000.0
2020,25,Genève,Y36T40,36-40 years,253.085,6,,,253085000.0
2021,25,Genève,Y36T40,36-40 years,277.437,6,,,277437000.0
2022,25,Genève,Y36T40,36-40 years,278.183,6,,,278183000.0
2023,25,Genève,Y36T40,36-40 years,279.916,6,,,279916000.0
2024,25,Genève,Y36T40,36-40 years,286.507,6,,,286507000.0
2011,26,Jura,Y36T40,36-40 years,21.534,6,,,21534000.0
2012,26,Jura,Y36T40,36-40 years,20.802,6,,,20802000.0
2013,26,Jura,Y36T40,36-40 years,21.602,6,,,21602000.0
2014,26,Jura,Y36T40,36-40 years,21.39,6,,,21390000.0
2015,26,Jura,Y36T40,36-40 years,21.571,6,,,21571000.0
2016,26,Jura,Y36T40,36-40 years,21.948,6,,,21948000.0
2017,26,Jura,Y36T40,36-40 years,22.902,6,,,22902000.0
2018,26,Jura,Y36T40,36-40 years,23.494,6,,,23494000.0
2019,26,Jura,Y36T40,36-40 years,21.526,6,,,21526000.0
2020,26,Jura,Y36T40,36-40 years,21.824,6,,,21824000.0
2021,26,Jura,Y36T40,36-40 years,24.757,6,,,24757000.0
2022,26,Jura,Y36T40,36-40 years,26.043,6,,,26043000.0
2023,26,Jura,Y36T40,36-40 years,27.451,6,,,27451000.0
2024,26,Jura,Y36T40,36-40 years,27.341,6,,,27341000.0
2011,_T,Total,Y41T45,41-45 years,3374.781,6,,,3374781000.0
2012,_T,Total,Y41T45,41-45 years,3223.158,6,,,3223158000.0
2013,_T,Total,Y41T45,41-45 years,3309.05,6,,,3309050000.0
2014,_T,Total,Y41T45,41-45 years,3294.703,6,,,3294703000.0
2015,_T,Total,Y41T45,41-45 years,3326.919,6,,,3326919000.0
2016,_T,Total,Y41T45,41-45 years,3388.978,6,,,3388978000.0
2017,_T,Total,Y41T45,41-45 years,3515.478,6,,,3515478000.0
2018,_T,Total,Y41T45,41-45 years,3560.603,6,,,3560603000.0
2019,_T,Total,Y41T45,41-45 years,3641.386,6,,,3641386000.0
2020,_T,Total,Y41T45,41-45 years,3717.971,6,,,3717971000.0
2021,_T,Total,Y41T45,41-45 years,4034.921,6,,,4034921000.0
2022,_T,Total,Y41T45,41-45 years,4110.69,6,,,4110689999.9999995
2023,_T,Total,Y41T45,41-45 years,4194.593,6,,,4194593000.0
2024,_T,Total,Y41T45,41-45 years,4273.653,6,,,4273653000.0000005
2011,1,Zürich,Y41T45,41-45 years,633.947,6,,,633947000.0
2012,1,Zürich,Y41T45,41-45 years,603.532,6,,,603532000.0
2013,1,Zürich,Y41T45,41-45 years,621.72,6,,,621720000.0
2014,1,Zürich,Y41T45,41-45 years,615.155,6,,,615155000.0
2015,1,Zürich,Y41T45,41-45 years,627.01,6,,,627010000.0
2016,1,Zürich,Y41T45,41-45 years,642.97,6,,,642970000.0
2017,1,Zürich,Y41T45,41-45 years,666.961,6,,,666961000.0
2018,1,Zürich,Y41T45,41-45 years,667.861,6,,,667861000.0
2019,1,Zürich,Y41T45,41-45 years,690.944,6,,,690944000.0
2020,1,Zürich,Y41T45,41-45 years,714.606,6,,,714606000.0
2021,1,Zürich,Y41T45,41-45 years,787.607,6,,,787607000.0
2022,1,Zürich,Y41T45,41-45 years,801.159,6,,,801159000.0
2023,1,Zürich,Y41T45,41-45 years,800.088,6,,,800088000.0
2024,1,Zürich,Y41T45,41-45 years,836.056,6,,,836056000.0
2011,2,Bern,Y41T45,41-45 years,422.053,6,,,422053000.0
2012,2,Bern,Y41T45,41-45 years,402.245,6,,,402245000.0
2013,2,Bern,Y41T45,41-45 years,407.289,6,,,407289000.0
2014,2,Bern,Y41T45,41-45 years,401.989,6,,,401989000.0
2015,2,Bern,Y41T45,41-45 years,413.946,6,,,413946000.0
2016,2,Bern,Y41T45,41-45 years,416.749,6,,,416749000.0
2017,2,Bern,Y41T45,41-45 years,428.628,6,,,428628000.0
2018,2,Bern,Y41T45,41-45 years,479.806,6,,,479806000.0
2019,2,Bern,Y41T45,41-45 years,481.271,6,,,481271000.0
2020,2,Bern,Y41T45,41-45 years,426.039,6,,,426039000.0
2021,2,Bern,Y41T45,41-45 years,477.102,6,,,477102000.0
2022,2,Bern,Y41T45,41-45 years,484.829,6,,,484829000.0
2023,2,Bern,Y41T45,41-45 years,477.783,6,,,477783000.0
2024,2,Bern,Y41T45,41-45 years,487.339,6,,,487339000.0
2011,3,Luzern,Y41T45,41-45 years,143.158,6,,,143158000.0
2012,3,Luzern,Y41T45,41-45 years,136.189,6,,,136189000.0
2013,3,Luzern,Y41T45,41-45 years,143.726,6,,,143726000.0
2014,3,Luzern,Y41T45,41-45 years,151.49,6,,,151490000.0
2015,3,Luzern,Y41T45,41-45 years,141.394,6,,,141394000.0
2016,3,Luzern,Y41T45,41-45 years,148.305,6,,,148305000.0
2017,3,Luzern,Y41T45,41-45 years,156.656,6,,,156656000.0
2018,3,Luzern,Y41T45,41-45 years,141.211,6,,,141211000.0
2019,3,Luzern,Y41T45,41-45 years,151.261,6,,,151261000.0
2020,3,Luzern,Y41T45,41-45 years,153.056,6,,,153056000.0
2021,3,Luzern,Y41T45,41-45 years,199.218,6,,,199218000.0
2022,3,Luzern,Y41T45,41-45 years,169.962,6,,,169962000.0
2023,3,Luzern,Y41T45,41-45 years,170.932,6,,,170932000.0
2024,3,Luzern,Y41T45,41-45 years,178.442,6,,,178442000.0
2011,4,Uri,Y41T45,41-45 years,10.839,6,,,10839000.0
2012,4,Uri,Y41T45,41-45 years,10.206,6,,,10206000.0
2013,4,Uri,Y41T45,41-45 years,10.601,6,,,10601000.0
2014,4,Uri,Y41T45,41-45 years,10.606,6,,,10606000.0
2015,4,Uri,Y41T45,41-45 years,10.116,6,,,10116000.0
2016,4,Uri,Y41T45,41-45 years,10.003,6,,,10003000.0
2017,4,Uri,Y41T45,41-45 years,11.268,6,,,11268000.0
2018,4,Uri,Y41T45,41-45 years,10.998,6,,,10998000.0
2019,4,Uri,Y41T45,41-45 years,11.012,6,,,11012000.0
2020,4,Uri,Y41T45,41-45 years,10.268,6,,,10268000.0
2021,4,Uri,Y41T45,41-45 years,11.369,6,,,11369000.0
2022,4,Uri,Y41T45,41-45 years,9.93,6,,,9930000.0
2023,4,Uri,Y41T45,41-45 years,10.723,6,,,10723000.0
2024,4,Uri,Y41T45,41-45 years,9.203,6,,,9203000.0
2011,5,Schwyz,Y41T45,41-45 years,59.168,6,,,59168000.0
2012,5,Schwyz,Y41T45,41-45 years,55.989,6,,,55989000.0
2013,5,Schwyz,Y41T45,41-45 years,57.633,6,,,57633000.0
2014,5,Schwyz,Y41T45,41-45 years,54.781,6,,,54781000.0
2015,5,Schwyz,Y41T45,41-45 years,55.742,6,,,55742000.0
2016,5,Schwyz,Y41T45,41-45 years,57.393,6,,,57393000.0
2017,5,Schwyz,Y41T45,41-45 years,64.447,6,,,64447000.0
2018,5,Schwyz,Y41T45,41-45 years,58.308,6,,,58308000.0
2019,5,Schwyz,Y41T45,41-45 years,57.16,6,,,57160000.0
2020,5,Schwyz,Y41T45,41-45 years,60.482,6,,,60482000.0
2021,5,Schwyz,Y41T45,41-45 years,66.913,6,,,66913000.0
2022,5,Schwyz,Y41T45,41-45 years,65.78,6,,,65780000.0
2023,5,Schwyz,Y41T45,41-45 years,66.729,6,,,66729000.0
2024,5,Schwyz,Y41T45,41-45 years,66.962,6,,,66962000.0
2011,6,Obwalden,Y41T45,41-45 years,11.552,6,,,11552000.0
2012,6,Obwalden,Y41T45,41-45 years,11.124,6,,,11124000.0
2013,6,Obwalden,Y41T45,41-45 years,12.257,6,,,12257000.0
2014,6,Obwalden,Y41T45,41-45 years,12.452,6,,,12452000.0
2015,6,Obwalden,Y41T45,41-45 years,12.727,6,,,12727000.0
2016,6,Obwalden,Y41T45,41-45 years,13.731,6,,,13731000.0
2017,6,Obwalden,Y41T45,41-45 years,14.447,6,,,14447000.0
2018,6,Obwalden,Y41T45,41-45 years,13.538,6,,,13538000.0
2019,6,Obwalden,Y41T45,41-45 years,13.554,6,,,13554000.0
2020,6,Obwalden,Y41T45,41-45 years,13.287,6,,,13287000.0
2021,6,Obwalden,Y41T45,41-45 years,12.942,6,,,12942000.0
2022,6,Obwalden,Y41T45,41-45 years,12.216,6,,,12216000.0
2023,6,Obwalden,Y41T45,41-45 years,12.594,6,,,12594000.0
2024,6,Obwalden,Y41T45,41-45 years,13.249,6,,,13249000.0
2011,7,Nidwalden,Y41T45,41-45 years,11.703,6,,,11703000.0
2012,7,Nidwalden,Y41T45,41-45 years,11.365,6,,,11365000.0
2013,7,Nidwalden,Y41T45,41-45 years,12.232,6,,,12232000.0
2014,7,Nidwalden,Y41T45,41-45 years,11.693,6,,,11693000.0
2015,7,Nidwalden,Y41T45,41-45 years,11.741,6,,,11741000.0
2016,7,Nidwalden,Y41T45,41-45 years,12.442,6,,,12442000.0
2017,7,Nidwalden,Y41T45,41-45 years,12.456,6,,,12456000.0
2018,7,Nidwalden,Y41T45,41-45 years,12.014,6,,,12014000.0
2019,7,Nidwalden,Y41T45,41-45 years,13.54,6,,,13540000.0
2020,7,Nidwalden,Y41T45,41-45 years,34.069,6,,,34069000.0
2021,7,Nidwalden,Y41T45,41-45 years,15.094,6,,,15094000.0
2022,7,Nidwalden,Y41T45,41-45 years,15.416,6,,,15416000.0
2023,7,Nidwalden,Y41T45,41-45 years,18.892,6,,,18892000.0
2024,7,Nidwalden,Y41T45,41-45 years,15.56,6,,,15560000.0
2011,8,Glarus,Y41T45,41-45 years,14.52,6,,,14520000.0
2012,8,Glarus,Y41T45,41-45 years,15.558,6,,,15558000.0
2013,8,Glarus,Y41T45,41-45 years,16.484,6,,,16484000.000000002
2014,8,Glarus,Y41T45,41-45 years,16.059,6,,,16059000.000000002
2015,8,Glarus,Y41T45,41-45 years,13.874,6,,,13874000.0
2016,8,Glarus,Y41T45,41-45 years,14.192,6,,,14192000.0
2017,8,Glarus,Y41T45,41-45 years,14.342,6,,,14342000.0
2018,8,Glarus,Y41T45,41-45 years,17.009,6,,,17009000.0
2019,8,Glarus,Y41T45,41-45 years,45.497,6,,,45497000.0
2020,8,Glarus,Y41T45,41-45 years,13.892,6,,,13892000.0
2021,8,Glarus,Y41T45,41-45 years,15.452,6,,,15452000.0
2022,8,Glarus,Y41T45,41-45 years,16.776,6,,,16776000.0
2023,8,Glarus,Y41T45,41-45 years,26.072,6,,,26072000.0
2024,8,Glarus,Y41T45,41-45 years,19.111,6,,,19111000.0
2011,9,Zug,Y41T45,41-45 years,43.457,6,,,43457000.0
2012,9,Zug,Y41T45,41-45 years,41.591,6,,,41591000.0
2013,9,Zug,Y41T45,41-45 years,42.715,6,,,42715000.0
2014,9,Zug,Y41T45,41-45 years,43.039,6,,,43039000.0
2015,9,Zug,Y41T45,41-45 years,43.165,6,,,43165000.0
2016,9,Zug,Y41T45,41-45 years,44.488,6,,,44488000.0
2017,9,Zug,Y41T45,41-45 years,46.347,6,,,46347000.0
2018,9,Zug,Y41T45,41-45 years,46.516,6,,,46516000.0
2019,9,Zug,Y41T45,41-45 years,48.801,6,,,48801000.0
2020,9,Zug,Y41T45,41-45 years,49.449,6,,,49449000.0
2021,9,Zug,Y41T45,41-45 years,53.821,6,,,53821000.0
2022,9,Zug,Y41T45,41-45 years,57.614,6,,,57614000.0
2023,9,Zug,Y41T45,41-45 years,54.981,6,,,54981000.0
2024,9,Zug,Y41T45,41-45 years,56.589,6,,,56589000.0
2011,10,Fribourg,Y41T45,41-45 years,117.848,6,,,117848000.0
2012,10,Fribourg,Y41T45,41-45 years,122.299,6,,,122299000.0
2013,10,Fribourg,Y41T45,41-45 years,117.701,6,,,117701000.0
2014,10,Fribourg,Y41T45,41-45 years,117.187,6,,,117187000.0
2015,10,Fribourg,Y41T45,41-45 years,117.536,6,,,117536000.0
2016,10,Fribourg,Y41T45,41-45 years,119.155,6,,,119155000.0
2017,10,Fribourg,Y41T45,41-45 years,124.726,6,,,124726000.0
2018,10,Fribourg,Y41T45,41-45 years,128.752,6,,,128752000.00000001
2019,10,Fribourg,Y41T45,41-45 years,125.943,6,,,125943000.0
2020,10,Fribourg,Y41T45,41-45 years,128.014,6,,,128014000.00000001
2021,10,Fribourg,Y41T45,41-45 years,140.56,6,,,140560000.0
2022,10,Fribourg,Y41T45,41-45 years,145.039,6,,,145039000.0
2023,10,Fribourg,Y41T45,41-45 years,142.358,6,,,142358000.0
2024,10,Fribourg,Y41T45,41-45 years,151.896,6,,,151896000.0
2011,11,Solothurn,Y41T45,41-45 years,107.073,6,,,107073000.0
2012,11,Solothurn,Y41T45,41-45 years,104.28,6,,,104280000.0
2013,11,Solothurn,Y41T45,41-45 years,105.383,6,,,105383000.0
2014,11,Solothurn,Y41T45,41-45 years,104.704,6,,,104704000.0
2015,11,Solothurn,Y41T45,41-45 years,103.709,6,,,103709000.0
2016,11,Solothurn,Y41T45,41-45 years,105.345,6,,,105345000.0
2017,11,Solothurn,Y41T45,41-45 years,109.235,6,,,109235000.0
2018,11,Solothurn,Y41T45,41-45 years,103.682,6,,,103682000.0
2019,11,Solothurn,Y41T45,41-45 years,107.279,6,,,107279000.0
2020,11,Solothurn,Y41T45,41-45 years,164.148,6,,,164148000.0
2021,11,Solothurn,Y41T45,41-45 years,122.665,6,,,122665000.0
2022,11,Solothurn,Y41T45,41-45 years,130.077,6,,,130077000.0
2023,11,Solothurn,Y41T45,41-45 years,132.953,6,,,132953000.0
2024,11,Solothurn,Y41T45,41-45 years,132.341,6,,,132341000.00000001
2011,12,Basel-Stadt,Y41T45,41-45 years,109.38,6,,,109380000.0
2012,12,Basel-Stadt,Y41T45,41-45 years,100.947,6,,,100947000.0
2013,12,Basel-Stadt,Y41T45,41-45 years,99.281,6,,,99281000.0
2014,12,Basel-Stadt,Y41T45,41-45 years,97.447,6,,,97447000.0
2015,12,Basel-Stadt,Y41T45,41-45 years,99.229,6,,,99229000.0
2016,12,Basel-Stadt,Y41T45,41-45 years,103.125,6,,,103125000.0
2017,12,Basel-Stadt,Y41T45,41-45 years,110.192,6,,,110192000.0
2018,12,Basel-Stadt,Y41T45,41-45 years,111.622,6,,,111622000.0
2019,12,Basel-Stadt,Y41T45,41-45 years,112.253,6,,,112253000.0
2020,12,Basel-Stadt,Y41T45,41-45 years,116.788,6,,,116788000.0
2021,12,Basel-Stadt,Y41T45,41-45 years,123.954,6,,,123954000.0
2022,12,Basel-Stadt,Y41T45,41-45 years,119.352,6,,,119352000.0
2023,12,Basel-Stadt,Y41T45,41-45 years,123.287,6,,,123287000.0
2024,12,Basel-Stadt,Y41T45,41-45 years,128.841,6,,,128841000.00000001
2011,13,Basel-Landschaft,Y41T45,41-45 years,123.783,6,,,123783000.0
2012,13,Basel-Landschaft,Y41T45,41-45 years,115.48,6,,,115480000.0
2013,13,Basel-Landschaft,Y41T45,41-45 years,116.966,6,,,116966000.0
2014,13,Basel-Landschaft,Y41T45,41-45 years,118.848,6,,,118848000.0
2015,13,Basel-Landschaft,Y41T45,41-45 years,117.549,6,,,117549000.0
2016,13,Basel-Landschaft,Y41T45,41-45 years,118.224,6,,,118224000.0
2017,13,Basel-Landschaft,Y41T45,41-45 years,126.285,6,,,126285000.0
2018,13,Basel-Landschaft,Y41T45,41-45 years,123.317,6,,,123317000.0
2019,13,Basel-Landschaft,Y41T45,41-45 years,122.863,6,,,122863000.0
2020,13,Basel-Landschaft,Y41T45,41-45 years,126.803,6,,,126803000.0
2021,13,Basel-Landschaft,Y41T45,41-45 years,138.293,6,,,138293000.0
2022,13,Basel-Landschaft,Y41T45,41-45 years,140.641,6,,,140641000.0
2023,13,Basel-Landschaft,Y41T45,41-45 years,146.182,6,,,146182000.0
2024,13,Basel-Landschaft,Y41T45,41-45 years,143.351,6,,,143351000.0
2011,14,Schaffhausen,Y41T45,41-45 years,33.36,6,,,33360000.0
2012,14,Schaffhausen,Y41T45,41-45 years,28.935,6,,,28935000.0
2013,14,Schaffhausen,Y41T45,41-45 years,30.19,6,,,30190000.0
2014,14,Schaffhausen,Y41T45,41-45 years,30.749,6,,,30749000.0
2015,14,Schaffhausen,Y41T45,41-45 years,30.599,6,,,30599000.0
2016,14,Schaffhausen,Y41T45,41-45 years,32.428,6,,,32427999.999999996
2017,14,Schaffhausen,Y41T45,41-45 years,33.665,6,,,33665000.0
2018,14,Schaffhausen,Y41T45,41-45 years,32.343,6,,,32343000.000000004
2019,14,Schaffhausen,Y41T45,41-45 years,31.887,6,,,31887000.0
2020,14,Schaffhausen,Y41T45,41-45 years,34.327,6,,,34327000.0
2021,14,Schaffhausen,Y41T45,41-45 years,37.356,6,,,37356000.0
2022,14,Schaffhausen,Y41T45,41-45 years,39.103,6,,,39103000.0
2023,14,Schaffhausen,Y41T45,41-45 years,41.101,6,,,41101000.0
2024,14,Schaffhausen,Y41T45,41-45 years,37.441,6,,,37441000.0
2011,15,Appenzell Ausserrhoden,Y41T45,41-45 years,16.787,6,,,16787000.0
2012,15,Appenzell Ausserrhoden,Y41T45,41-45 years,16.869,6,,,16869000.0
2013,15,Appenzell Ausserrhoden,Y41T45,41-45 years,16.943,6,,,16943000.0
2014,15,Appenzell Ausserrhoden,Y41T45,41-45 years,17.058,6,,,17058000.0
2015,15,Appenzell Ausserrhoden,Y41T45,41-45 years,17.645,6,,,17645000.0
2016,15,Appenzell Ausserrhoden,Y41T45,41-45 years,18.542,6,,,18542000.0
2017,15,Appenzell Ausserrhoden,Y41T45,41-45 years,18.523,6,,,18523000.0
2018,15,Appenzell Ausserrhoden,Y41T45,41-45 years,18.897,6,,,18897000.0
2019,15,Appenzell Ausserrhoden,Y41T45,41-45 years,20.308,6,,,20308000.0
2020,15,Appenzell Ausserrhoden,Y41T45,41-45 years,20.954,6,,,20954000.0
2021,15,Appenzell Ausserrhoden,Y41T45,41-45 years,22.334,6,,,22334000.0
2022,15,Appenzell Ausserrhoden,Y41T45,41-45 years,22.588,6,,,22588000.0
2023,15,Appenzell Ausserrhoden,Y41T45,41-45 years,23.822,6,,,23822000.0
2024,15,Appenzell Ausserrhoden,Y41T45,41-45 years,23.749,6,,,23749000.0
2011,16,Appenzell Innerrhoden,Y41T45,41-45 years,3.444,6,,,3444000.0
2012,16,Appenzell Innerrhoden,Y41T45,41-45 years,3.611,6,,,3611000.0
2013,16,Appenzell Innerrhoden,Y41T45,41-45 years,3.601,6,,,3601000.0
2014,16,Appenzell Innerrhoden,Y41T45,41-45 years,3.694,6,,,3694000.0
2015,16,Appenzell Innerrhoden,Y41T45,41-45 years,3.809,6,,,3809000.0
2016,16,Appenzell Innerrhoden,Y41T45,41-45 years,3.727,6,,,3727000.0
2017,16,Appenzell Innerrhoden,Y41T45,41-45 years,3.571,6,,,3571000.0
2018,16,Appenzell Innerrhoden,Y41T45,41-45 years,3.267,6,,,3267000.0
2019,16,Appenzell Innerrhoden,Y41T45,41-45 years,3.722,6,,,3722000.0
2020,16,Appenzell Innerrhoden,Y41T45,41-45 years,3.5,6,,,3500000.0
2021,16,Appenzell Innerrhoden,Y41T45,41-45 years,3.963,6,,,3963000.0
2022,16,Appenzell Innerrhoden,Y41T45,41-45 years,4.411,6,,,4411000.0
2023,16,Appenzell Innerrhoden,Y41T45,41-45 years,4.187,6,,,4187000.0000000005
2024,16,Appenzell Innerrhoden,Y41T45,41-45 years,4.304,6,,,4304000.0
2011,17,St. Gallen,Y41T45,41-45 years,169.794,6,,,169794000.0
2012,17,St. Gallen,Y41T45,41-45 years,167.395,6,,,167395000.0
2013,17,St. Gallen,Y41T45,41-45 years,167.956,6,,,167956000.0
2014,17,St. Gallen,Y41T45,41-45 years,168.024,6,,,168024000.0
2015,17,St. Gallen,Y41T45,41-45 years,171.595,6,,,171595000.0
2016,17,St. Gallen,Y41T45,41-45 years,169.546,6,,,169546000.0
2017,17,St. Gallen,Y41T45,41-45 years,172.737,6,,,172737000.0
2018,17,St. Gallen,Y41T45,41-45 years,176.137,6,,,176137000.0
2019,17,St. Gallen,Y41T45,41-45 years,177.349,6,,,177349000.0
2020,17,St. Gallen,Y41T45,41-45 years,178.147,6,,,178147000.0
2021,17,St. Gallen,Y41T45,41-45 years,203.164,6,,,203164000.0
2022,17,St. Gallen,Y41T45,41-45 years,214.155,6,,,214155000.0
2023,17,St. Gallen,Y41T45,41-45 years,222.038,6,,,222038000.0
2024,17,St. Gallen,Y41T45,41-45 years,222.955,6,,,222955000.0
2011,18,Graubünden,Y41T45,41-45 years,68.723,6,,,68723000.0
2012,18,Graubünden,Y41T45,41-45 years,66.916,6,,,66916000.0
2013,18,Graubünden,Y41T45,41-45 years,69.912,6,,,69912000.0
2014,18,Graubünden,Y41T45,41-45 years,69.318,6,,,69318000.0
2015,18,Graubünden,Y41T45,41-45 years,68.873,6,,,68873000.0
2016,18,Graubünden,Y41T45,41-45 years,69.945,6,,,69945000.0
2017,18,Graubünden,Y41T45,41-45 years,71.437,6,,,71437000.0
2018,18,Graubünden,Y41T45,41-45 years,71.477,6,,,71477000.0
2019,18,Graubünden,Y41T45,41-45 years,70.297,6,,,70297000.0
2020,18,Graubünden,Y41T45,41-45 years,71.321,6,,,71321000.0
2021,18,Graubünden,Y41T45,41-45 years,76.339,6,,,76339000.0
2022,18,Graubünden,Y41T45,41-45 years,79.811,6,,,79811000.0
2023,18,Graubünden,Y41T45,41-45 years,82.654,6,,,82654000.0
2024,18,Graubünden,Y41T45,41-45 years,81.43,6,,,81430000.0
2011,19,Aargau,Y41T45,41-45 years,263.908,6,,,263908000.00000003
2012,19,Aargau,Y41T45,41-45 years,251.444,6,,,251444000.0
2013,19,Aargau,Y41T45,41-45 years,269.669,6,,,269669000.0
2014,19,Aargau,Y41T45,41-45 years,248.314,6,,,248314000.0
2015,19,Aargau,Y41T45,41-45 years,251.453,6,,,251453000.0
2016,19,Aargau,Y41T45,41-45 years,248.481,6,,,248481000.0
2017,19,Aargau,Y41T45,41-45 years,257.561,6,,,257560999.99999997
2018,19,Aargau,Y41T45,41-45 years,255.771,6,,,255771000.0
2019,19,Aargau,Y41T45,41-45 years,265.475,6,,,265475000.00000003
2020,19,Aargau,Y41T45,41-45 years,274.083,6,,,274083000.0
2021,19,Aargau,Y41T45,41-45 years,302.444,6,,,302444000.0
2022,19,Aargau,Y41T45,41-45 years,309.579,6,,,309579000.0
2023,19,Aargau,Y41T45,41-45 years,331.574,6,,,331574000.0
2024,19,Aargau,Y41T45,41-45 years,335.612,6,,,335612000.0
2011,20,Thurgau,Y41T45,41-45 years,96.865,6,,,96865000.0
2012,20,Thurgau,Y41T45,41-45 years,87.267,6,,,87267000.0
2013,20,Thurgau,Y41T45,41-45 years,88.05,6,,,88050000.0
2014,20,Thurgau,Y41T45,41-45 years,88.718,6,,,88718000.0
2015,20,Thurgau,Y41T45,41-45 years,89.468,6,,,89468000.0
2016,20,Thurgau,Y41T45,41-45 years,92.14,6,,,92140000.0
2017,20,Thurgau,Y41T45,41-45 years,94.906,6,,,94906000.0
2018,20,Thurgau,Y41T45,41-45 years,91.822,6,,,91822000.0
2019,20,Thurgau,Y41T45,41-45 years,100.094,6,,,100094000.0
2020,20,Thurgau,Y41T45,41-45 years,101.589,6,,,101589000.0
2021,20,Thurgau,Y41T45,41-45 years,112.922,6,,,112922000.0
2022,20,Thurgau,Y41T45,41-45 years,126.684,6,,,126684000.0
2023,20,Thurgau,Y41T45,41-45 years,122.233,6,,,122233000.0
2024,20,Thurgau,Y41T45,41-45 years,124.216,6,,,124216000.0
2011,21,Ticino,Y41T45,41-45 years,136.508,6,,,136508000.0
2012,21,Ticino,Y41T45,41-45 years,128.866,6,,,128866000.00000001
2013,21,Ticino,Y41T45,41-45 years,135.153,6,,,135153000.0
2014,21,Ticino,Y41T45,41-45 years,138.097,6,,,138097000.0
2015,21,Ticino,Y41T45,41-45 years,137.466,6,,,137466000.0
2016,21,Ticino,Y41T45,41-45 years,139.959,6,,,139959000.0
2017,21,Ticino,Y41T45,41-45 years,142.356,6,,,142356000.0
2018,21,Ticino,Y41T45,41-45 years,147.184,6,,,147184000.0
2019,21,Ticino,Y41T45,41-45 years,144.623,6,,,144623000.0
2020,21,Ticino,Y41T45,41-45 years,144.959,6,,,144959000.0
2021,21,Ticino,Y41T45,41-45 years,156.267,6,,,156267000.0
2022,21,Ticino,Y41T45,41-45 years,154.987,6,,,154987000.0
2023,21,Ticino,Y41T45,41-45 years,154.605,6,,,154605000.0
2024,21,Ticino,Y41T45,41-45 years,157.942,6,,,157942000.0
2011,22,Vaud,Y41T45,41-45 years,327.453,6,,,327453000.0
2012,22,Vaud,Y41T45,41-45 years,313.042,6,,,313042000.0
2013,22,Vaud,Y41T45,41-45 years,323.66,6,,,323660000.0
2014,22,Vaud,Y41T45,41-45 years,330.05,6,,,330050000.0
2015,22,Vaud,Y41T45,41-45 years,336.433,6,,,336433000.0
2016,22,Vaud,Y41T45,41-45 years,344.349,6,,,344349000.0
2017,22,Vaud,Y41T45,41-45 years,356.94,6,,,356940000.0
2018,22,Vaud,Y41T45,41-45 years,358.233,6,,,358233000.0
2019,22,Vaud,Y41T45,41-45 years,359.295,6,,,359295000.0
2020,22,Vaud,Y41T45,41-45 years,378.049,6,,,378049000.0
2021,22,Vaud,Y41T45,41-45 years,412.197,6,,,412197000.0
2022,22,Vaud,Y41T45,41-45 years,430.619,6,,,430619000.0
2023,22,Vaud,Y41T45,41-45 years,454.197,6,,,454197000.0
2024,22,Vaud,Y41T45,41-45 years,471.36,6,,,471360000.0
2011,23,Valais,Y41T45,41-45 years,118.177,6,,,118177000.0
2012,23,Valais,Y41T45,41-45 years,110.877,6,,,110877000.0
2013,23,Valais,Y41T45,41-45 years,112.718,6,,,112718000.0
2014,23,Valais,Y41T45,41-45 years,114.875,6,,,114875000.0
2015,23,Valais,Y41T45,41-45 years,113.374,6,,,113374000.0
2016,23,Valais,Y41T45,41-45 years,115.025,6,,,115025000.0
2017,23,Valais,Y41T45,41-45 years,119.444,6,,,119444000.0
2018,23,Valais,Y41T45,41-45 years,131.904,6,,,131904000.0
2019,23,Valais,Y41T45,41-45 years,125.865,6,,,125865000.0
2020,23,Valais,Y41T45,41-45 years,125.394,6,,,125394000.0
2021,23,Valais,Y41T45,41-45 years,134.546,6,,,134546000.0
2022,23,Valais,Y41T45,41-45 years,143.719,6,,,143719000.0
2023,23,Valais,Y41T45,41-45 years,151.071,6,,,151071000.0
2024,23,Valais,Y41T45,41-45 years,142.443,6,,,142443000.0
2011,24,Neuchâtel,Y41T45,41-45 years,74.731,6,,,74731000.0
2012,24,Neuchâtel,Y41T45,41-45 years,70.516,6,,,70516000.0
2013,24,Neuchâtel,Y41T45,41-45 years,74.855,6,,,74855000.0
2014,24,Neuchâtel,Y41T45,41-45 years,75.268,6,,,75268000.0
2015,24,Neuchâtel,Y41T45,41-45 years,76.892,6,,,76892000.0
2016,24,Neuchâtel,Y41T45,41-45 years,79.159,6,,,79159000.0
2017,24,Neuchâtel,Y41T45,41-45 years,80.774,6,,,80774000.0
2018,24,Neuchâtel,Y41T45,41-45 years,79.931,6,,,79931000.0
2019,24,Neuchâtel,Y41T45,41-45 years,79.317,6,,,79317000.0
2020,24,Neuchâtel,Y41T45,41-45 years,81.009,6,,,81009000.0
2021,24,Neuchâtel,Y41T45,41-45 years,87.874,6,,,87874000.0
2022,24,Neuchâtel,Y41T45,41-45 years,85.079,6,,,85079000.0
2023,24,Neuchâtel,Y41T45,41-45 years,82.972,6,,,82972000.0
2024,24,Neuchâtel,Y41T45,41-45 years,90.477,6,,,90477000.0
2011,25,Genève,Y41T45,41-45 years,230.105,6,,,230105000.0
2012,25,Genève,Y41T45,41-45 years,221.254,6,,,221254000.0
2013,25,Genève,Y41T45,41-45 years,227.182,6,,,227182000.0
2014,25,Genève,Y41T45,41-45 years,228.788,6,,,228788000.0
2015,25,Genève,Y41T45,41-45 years,236.142,6,,,236142000.0
2016,25,Genève,Y41T45,41-45 years,242.389,6,,,242389000.0
2017,25,Genève,Y41T45,41-45 years,250.166,6,,,250166000.0
2018,25,Genève,Y41T45,41-45 years,248.639,6,,,248639000.0
2019,25,Genève,Y41T45,41-45 years,254.288,6,,,254288000.0
2020,25,Genève,Y41T45,41-45 years,267.168,6,,,267168000.0
2021,25,Genève,Y41T45,41-45 years,291.139,6,,,291139000.0
2022,25,Genève,Y41T45,41-45 years,301.362,6,,,301362000.0
2023,25,Genève,Y41T45,41-45 years,309.254,6,,,309254000.0
2024,25,Genève,Y41T45,41-45 years,312.388,6,,,312388000.0
2011,26,Jura,Y41T45,41-45 years,26.442,6,,,26442000.0
2012,26,Jura,Y41T45,41-45 years,25.362,6,,,25362000.0
2013,26,Jura,Y41T45,41-45 years,25.172,6,,,25172000.0
2014,26,Jura,Y41T45,41-45 years,26.3,6,,,26300000.0
2015,26,Jura,Y41T45,41-45 years,25.433,6,,,25433000.0
2016,26,Jura,Y41T45,41-45 years,27.164,6,,,27164000.0
2017,26,Jura,Y41T45,41-45 years,27.407,6,,,27407000.0
2018,26,Jura,Y41T45,41-45 years,30.364,6,,,30364000.0
2019,26,Jura,Y41T45,41-45 years,27.488,6,,,27488000.0
2020,26,Jura,Y41T45,41-45 years,26.572,6,,,26572000.0
2021,26,Jura,Y41T45,41-45 years,29.387,6,,,29387000.0
2022,26,Jura,Y41T45,41-45 years,29.804,6,,,29804000.0
2023,26,Jura,Y41T45,41-45 years,31.309,6,,,31309000.0
2024,26,Jura,Y41T45,41-45 years,30.395,6,,,30395000.0
2011,_T,Total,Y46T50,46-50 years,3897.084,6,,,3897084000.0
2012,_T,Total,Y46T50,46-50 years,3873.936,6,,,3873936000.0
2013,_T,Total,Y46T50,46-50 years,4049.05,6,,,4049050000.0
2014,_T,Total,Y46T50,46-50 years,4080.025,6,,,4080025000.0
2015,_T,Total,Y46T50,46-50 years,4171.122,6,,,4171122000.0000005
2016,_T,Total,Y46T50,46-50 years,4322.377,6,,,4322377000.0
2017,_T,Total,Y46T50,46-50 years,4477.224,6,,,4477224000.0
2018,_T,Total,Y46T50,46-50 years,4428.584,6,,,4428584000.0
2019,_T,Total,Y46T50,46-50 years,4397.234,6,,,4397234000.0
2020,_T,Total,Y46T50,46-50 years,4529.308,6,,,4529308000.0
2021,_T,Total,Y46T50,46-50 years,4708.823,6,,,4708823000.0
2022,_T,Total,Y46T50,46-50 years,4607.075,6,,,4607075000.0
2023,_T,Total,Y46T50,46-50 years,4601.847,6,,,4601847000.0
2024,_T,Total,Y46T50,46-50 years,4623.138,6,,,4623138000.0
2011,1,Zürich,Y46T50,46-50 years,695.273,6,,,695273000.0
2012,1,Zürich,Y46T50,46-50 years,694.265,6,,,694265000.0
2013,1,Zürich,Y46T50,46-50 years,728.472,6,,,728472000.0
2014,1,Zürich,Y46T50,46-50 years,739.575,6,,,739575000.0
2015,1,Zürich,Y46T50,46-50 years,757.367,6,,,757367000.0
2016,1,Zürich,Y46T50,46-50 years,788.017,6,,,788017000.0
2017,1,Zürich,Y46T50,46-50 years,816.354,6,,,816354000.0
2018,1,Zürich,Y46T50,46-50 years,811.53,6,,,811530000.0
2019,1,Zürich,Y46T50,46-50 years,803.479,6,,,803479000.0
2020,1,Zürich,Y46T50,46-50 years,800.493,6,,,800493000.0
2021,1,Zürich,Y46T50,46-50 years,860.85,6,,,860850000.0
2022,1,Zürich,Y46T50,46-50 years,824.746,6,,,824746000.0
2023,1,Zürich,Y46T50,46-50 years,813.857,6,,,813857000.0
2024,1,Zürich,Y46T50,46-50 years,843.744,6,,,843744000.0
2011,2,Bern,Y46T50,46-50 years,486.189,6,,,486189000.0
2012,2,Bern,Y46T50,46-50 years,477.6,6,,,477600000.0
2013,2,Bern,Y46T50,46-50 years,506.46,6,,,506460000.0
2014,2,Bern,Y46T50,46-50 years,506.357,6,,,506357000.0
2015,2,Bern,Y46T50,46-50 years,533.168,6,,,533168000.0
2016,2,Bern,Y46T50,46-50 years,576.241,6,,,576241000.0
2017,2,Bern,Y46T50,46-50 years,563.441,6,,,563441000.0
2018,2,Bern,Y46T50,46-50 years,543.861,6,,,543861000.0
2019,2,Bern,Y46T50,46-50 years,526.651,6,,,526650999.99999994
2020,2,Bern,Y46T50,46-50 years,551.231,6,,,551231000.0
2021,2,Bern,Y46T50,46-50 years,555.525,6,,,555525000.0
2022,2,Bern,Y46T50,46-50 years,551.346,6,,,551346000.0
2023,2,Bern,Y46T50,46-50 years,561.024,6,,,561024000.0
2024,2,Bern,Y46T50,46-50 years,541.405,6,,,541405000.0
2011,3,Luzern,Y46T50,46-50 years,163.745,6,,,163745000.0
2012,3,Luzern,Y46T50,46-50 years,165.075,6,,,165075000.0
2013,3,Luzern,Y46T50,46-50 years,173.811,6,,,173811000.0
2014,3,Luzern,Y46T50,46-50 years,172.722,6,,,172722000.0
2015,3,Luzern,Y46T50,46-50 years,177.305,6,,,177305000.0
2016,3,Luzern,Y46T50,46-50 years,189.507,6,,,189507000.0
2017,3,Luzern,Y46T50,46-50 years,196.689,6,,,196689000.0
2018,3,Luzern,Y46T50,46-50 years,184.86,6,,,184860000.0
2019,3,Luzern,Y46T50,46-50 years,185.726,6,,,185726000.0
2020,3,Luzern,Y46T50,46-50 years,186.153,6,,,186153000.0
2021,3,Luzern,Y46T50,46-50 years,210.148,6,,,210148000.0
2022,3,Luzern,Y46T50,46-50 years,183.192,6,,,183192000.0
2023,3,Luzern,Y46T50,46-50 years,181.603,6,,,181603000.0
2024,3,Luzern,Y46T50,46-50 years,190.667,6,,,190667000.0
2011,4,Uri,Y46T50,46-50 years,12.387,6,,,12387000.0
2012,4,Uri,Y46T50,46-50 years,12.205,6,,,12205000.0
2013,4,Uri,Y46T50,46-50 years,12.796,6,,,12796000.0
2014,4,Uri,Y46T50,46-50 years,13.014,6,,,13014000.0
2015,4,Uri,Y46T50,46-50 years,13.231,6,,,13231000.0
2016,4,Uri,Y46T50,46-50 years,13.063,6,,,13063000.0
2017,4,Uri,Y46T50,46-50 years,13.594,6,,,13594000.0
2018,4,Uri,Y46T50,46-50 years,14.238,6,,,14238000.0
2019,4,Uri,Y46T50,46-50 years,13.698,6,,,13698000.0
2020,4,Uri,Y46T50,46-50 years,13.665,6,,,13665000.0
2021,4,Uri,Y46T50,46-50 years,14.778,6,,,14778000.0
2022,4,Uri,Y46T50,46-50 years,13.621,6,,,13621000.0
2023,4,Uri,Y46T50,46-50 years,13.622,6,,,13622000.0
2024,4,Uri,Y46T50,46-50 years,12.408,6,,,12408000.0
2011,5,Schwyz,Y46T50,46-50 years,67.751,6,,,67751000.0
2012,5,Schwyz,Y46T50,46-50 years,70.267,6,,,70267000.0
2013,5,Schwyz,Y46T50,46-50 years,71.545,6,,,71545000.0
2014,5,Schwyz,Y46T50,46-50 years,71.324,6,,,71324000.0
2015,5,Schwyz,Y46T50,46-50 years,71.239,6,,,71239000.0
2016,5,Schwyz,Y46T50,46-50 years,71.746,6,,,71746000.0
2017,5,Schwyz,Y46T50,46-50 years,77.03,6,,,77030000.0
2018,5,Schwyz,Y46T50,46-50 years,72.895,6,,,72895000.0
2019,5,Schwyz,Y46T50,46-50 years,72.618,6,,,72618000.0
2020,5,Schwyz,Y46T50,46-50 years,71.143,6,,,71143000.0
2021,5,Schwyz,Y46T50,46-50 years,79.7,6,,,79700000.0
2022,5,Schwyz,Y46T50,46-50 years,77.473,6,,,77473000.0
2023,5,Schwyz,Y46T50,46-50 years,75.638,6,,,75638000.0
2024,5,Schwyz,Y46T50,46-50 years,72.983,6,,,72983000.0
2011,6,Obwalden,Y46T50,46-50 years,15.872,6,,,15872000.0
2012,6,Obwalden,Y46T50,46-50 years,15.146,6,,,15146000.0
2013,6,Obwalden,Y46T50,46-50 years,15.856,6,,,15856000.0
2014,6,Obwalden,Y46T50,46-50 years,15.248,6,,,15248000.0
2015,6,Obwalden,Y46T50,46-50 years,15.329,6,,,15329000.0
2016,6,Obwalden,Y46T50,46-50 years,15.949,6,,,15949000.0
2017,6,Obwalden,Y46T50,46-50 years,17.528,6,,,17528000.0
2018,6,Obwalden,Y46T50,46-50 years,18.566,6,,,18566000.0
2019,6,Obwalden,Y46T50,46-50 years,17.722,6,,,17722000.0
2020,6,Obwalden,Y46T50,46-50 years,20.906,6,,,20906000.0
2021,6,Obwalden,Y46T50,46-50 years,20.635,6,,,20635000.0
2022,6,Obwalden,Y46T50,46-50 years,19.126,6,,,19126000.0
2023,6,Obwalden,Y46T50,46-50 years,16.337,6,,,16337000.0
2024,6,Obwalden,Y46T50,46-50 years,16.49,6,,,16489999.999999998
2011,7,Nidwalden,Y46T50,46-50 years,16.901,6,,,16901000.0
2012,7,Nidwalden,Y46T50,46-50 years,16.479,6,,,16479000.0
2013,7,Nidwalden,Y46T50,46-50 years,17.597,6,,,17597000.0
2014,7,Nidwalden,Y46T50,46-50 years,17.522,6,,,17522000.0
2015,7,Nidwalden,Y46T50,46-50 years,17.924,6,,,17924000.0
2016,7,Nidwalden,Y46T50,46-50 years,18.17,6,,,18170000.0
2017,7,Nidwalden,Y46T50,46-50 years,19.59,6,,,19590000.0
2018,7,Nidwalden,Y46T50,46-50 years,17.395,6,,,17395000.0
2019,7,Nidwalden,Y46T50,46-50 years,16.888,6,,,16888000.0
2020,7,Nidwalden,Y46T50,46-50 years,16.919,6,,,16919000.0
2021,7,Nidwalden,Y46T50,46-50 years,18.32,6,,,18320000.0
2022,7,Nidwalden,Y46T50,46-50 years,16.449,6,,,16449000.000000002
2023,7,Nidwalden,Y46T50,46-50 years,15.863,6,,,15863000.0
2024,7,Nidwalden,Y46T50,46-50 years,16.688,6,,,16687999.999999998
2011,8,Glarus,Y46T50,46-50 years,18.248,6,,,18248000.0
2012,8,Glarus,Y46T50,46-50 years,17.707,6,,,17707000.0
2013,8,Glarus,Y46T50,46-50 years,18.613,6,,,18613000.0
2014,8,Glarus,Y46T50,46-50 years,19.845,6,,,19845000.0
2015,8,Glarus,Y46T50,46-50 years,18.71,6,,,18710000.0
2016,8,Glarus,Y46T50,46-50 years,18.37,6,,,18370000.0
2017,8,Glarus,Y46T50,46-50 years,18.715,6,,,18715000.0
2018,8,Glarus,Y46T50,46-50 years,19.028,6,,,19028000.0
2019,8,Glarus,Y46T50,46-50 years,17.381,6,,,17381000.0
2020,8,Glarus,Y46T50,46-50 years,18.212,6,,,18212000.0
2021,8,Glarus,Y46T50,46-50 years,20.718,6,,,20718000.0
2022,8,Glarus,Y46T50,46-50 years,18.236,6,,,18236000.0
2023,8,Glarus,Y46T50,46-50 years,18.766,6,,,18766000.0
2024,8,Glarus,Y46T50,46-50 years,20.263,6,,,20263000.0
2011,9,Zug,Y46T50,46-50 years,48.737,6,,,48737000.0
2012,9,Zug,Y46T50,46-50 years,48.785,6,,,48785000.0
2013,9,Zug,Y46T50,46-50 years,51.321,6,,,51321000.0
2014,9,Zug,Y46T50,46-50 years,52.399,6,,,52399000.0
2015,9,Zug,Y46T50,46-50 years,53.622,6,,,53622000.0
2016,9,Zug,Y46T50,46-50 years,54.205,6,,,54205000.0
2017,9,Zug,Y46T50,46-50 years,57.765,6,,,57765000.0
2018,9,Zug,Y46T50,46-50 years,57.421,6,,,57421000.0
2019,9,Zug,Y46T50,46-50 years,59.61,6,,,59610000.0
2020,9,Zug,Y46T50,46-50 years,56.679,6,,,56679000.0
2021,9,Zug,Y46T50,46-50 years,60.28,6,,,60280000.0
2022,9,Zug,Y46T50,46-50 years,63.384,6,,,63384000.0
2023,9,Zug,Y46T50,46-50 years,64.389,6,,,64388999.99999999
2024,9,Zug,Y46T50,46-50 years,63.625,6,,,63625000.0
2011,10,Fribourg,Y46T50,46-50 years,142.476,6,,,142476000.0
2012,10,Fribourg,Y46T50,46-50 years,141.079,6,,,141079000.0
2013,10,Fribourg,Y46T50,46-50 years,147.691,6,,,147691000.0
2014,10,Fribourg,Y46T50,46-50 years,147.072,6,,,147072000.0
2015,10,Fribourg,Y46T50,46-50 years,152.437,6,,,152437000.0
2016,10,Fribourg,Y46T50,46-50 years,153.606,6,,,153606000.0
2017,10,Fribourg,Y46T50,46-50 years,163.516,6,,,163516000.0
2018,10,Fribourg,Y46T50,46-50 years,164.172,6,,,164172000.0
2019,10,Fribourg,Y46T50,46-50 years,165.849,6,,,165849000.0
2020,10,Fribourg,Y46T50,46-50 years,164.582,6,,,164582000.0
2021,10,Fribourg,Y46T50,46-50 years,171.722,6,,,171722000.0
2022,10,Fribourg,Y46T50,46-50 years,174.108,6,,,174108000.0
2023,10,Fribourg,Y46T50,46-50 years,168.39,6,,,168390000.0
2024,10,Fribourg,Y46T50,46-50 years,176.511,6,,,176511000.0
2011,11,Solothurn,Y46T50,46-50 years,127.829,6,,,127829000.0
2012,11,Solothurn,Y46T50,46-50 years,130.433,6,,,130433000.0
2013,11,Solothurn,Y46T50,46-50 years,142.909,6,,,142909000.0
2014,11,Solothurn,Y46T50,46-50 years,133.95,6,,,133949999.99999999
2015,11,Solothurn,Y46T50,46-50 years,139.319,6,,,139319000.0
2016,11,Solothurn,Y46T50,46-50 years,138.539,6,,,138539000.0
2017,11,Solothurn,Y46T50,46-50 years,143.81,6,,,143810000.0
2018,11,Solothurn,Y46T50,46-50 years,138.412,6,,,138412000.0
2019,11,Solothurn,Y46T50,46-50 years,136.266,6,,,136266000.0
2020,11,Solothurn,Y46T50,46-50 years,134.029,6,,,134029000.0
2021,11,Solothurn,Y46T50,46-50 years,139.273,6,,,139273000.0
2022,11,Solothurn,Y46T50,46-50 years,134.45,6,,,134450000.0
2023,11,Solothurn,Y46T50,46-50 years,133.574,6,,,133574000.00000001
2024,11,Solothurn,Y46T50,46-50 years,138.018,6,,,138018000.0
2011,12,Basel-Stadt,Y46T50,46-50 years,110.799,6,,,110799000.0
2012,12,Basel-Stadt,Y46T50,46-50 years,109.815,6,,,109815000.0
2013,12,Basel-Stadt,Y46T50,46-50 years,111.45,6,,,111450000.0
2014,12,Basel-Stadt,Y46T50,46-50 years,113.467,6,,,113467000.0
2015,12,Basel-Stadt,Y46T50,46-50 years,115.68,6,,,115680000.0
2016,12,Basel-Stadt,Y46T50,46-50 years,119.465,6,,,119465000.0
2017,12,Basel-Stadt,Y46T50,46-50 years,122.155,6,,,122155000.0
2018,12,Basel-Stadt,Y46T50,46-50 years,121.707,6,,,121707000.0
2019,12,Basel-Stadt,Y46T50,46-50 years,121.13,6,,,121130000.0
2020,12,Basel-Stadt,Y46T50,46-50 years,120.137,6,,,120137000.0
2021,12,Basel-Stadt,Y46T50,46-50 years,124.582,6,,,124582000.0
2022,12,Basel-Stadt,Y46T50,46-50 years,124.914,6,,,124914000.0
2023,12,Basel-Stadt,Y46T50,46-50 years,129.554,6,,,129554000.0
2024,12,Basel-Stadt,Y46T50,46-50 years,128.769,6,,,128769000.0
2011,13,Basel-Landschaft,Y46T50,46-50 years,142.004,6,,,142004000.0
2012,13,Basel-Landschaft,Y46T50,46-50 years,145.823,6,,,145823000.0
2013,13,Basel-Landschaft,Y46T50,46-50 years,149.712,6,,,149712000.0
2014,13,Basel-Landschaft,Y46T50,46-50 years,150.769,6,,,150769000.0
2015,13,Basel-Landschaft,Y46T50,46-50 years,156.058,6,,,156058000.0
2016,13,Basel-Landschaft,Y46T50,46-50 years,163.289,6,,,163289000.0
2017,13,Basel-Landschaft,Y46T50,46-50 years,165.281,6,,,165281000.0
2018,13,Basel-Landschaft,Y46T50,46-50 years,165.513,6,,,165513000.0
2019,13,Basel-Landschaft,Y46T50,46-50 years,163.516,6,,,163516000.0
2020,13,Basel-Landschaft,Y46T50,46-50 years,155.488,6,,,155488000.0
2021,13,Basel-Landschaft,Y46T50,46-50 years,170.893,6,,,170893000.0
2022,13,Basel-Landschaft,Y46T50,46-50 years,165.34,6,,,165340000.0
2023,13,Basel-Landschaft,Y46T50,46-50 years,164.993,6,,,164993000.0
2024,13,Basel-Landschaft,Y46T50,46-50 years,166.577,6,,,166577000.0
2011,14,Schaffhausen,Y46T50,46-50 years,38.348,6,,,38348000.0
2012,14,Schaffhausen,Y46T50,46-50 years,37.257,6,,,37257000.0
2013,14,Schaffhausen,Y46T50,46-50 years,37.635,6,,,37635000.0
2014,14,Schaffhausen,Y46T50,46-50 years,36.503,6,,,36503000.0
2015,14,Schaffhausen,Y46T50,46-50 years,37.345,6,,,37345000.0
2016,14,Schaffhausen,Y46T50,46-50 years,39.264,6,,,39264000.0
2017,14,Schaffhausen,Y46T50,46-50 years,42.121,6,,,42121000.0
2018,14,Schaffhausen,Y46T50,46-50 years,42.703,6,,,42703000.0
2019,14,Schaffhausen,Y46T50,46-50 years,44.19,6,,,44190000.0
2020,14,Schaffhausen,Y46T50,46-50 years,40.695,6,,,40695000.0
2021,14,Schaffhausen,Y46T50,46-50 years,44.082,6,,,44082000.0
2022,14,Schaffhausen,Y46T50,46-50 years,42.057,6,,,42057000.0
2023,14,Schaffhausen,Y46T50,46-50 years,40.903,6,,,40903000.0
2024,14,Schaffhausen,Y46T50,46-50 years,41.354,6,,,41354000.0
2011,15,Appenzell Ausserrhoden,Y46T50,46-50 years,22.334,6,,,22334000.0
2012,15,Appenzell Ausserrhoden,Y46T50,46-50 years,22.604,6,,,22604000.0
2013,15,Appenzell Ausserrhoden,Y46T50,46-50 years,23.24,6,,,23240000.0
2014,15,Appenzell Ausserrhoden,Y46T50,46-50 years,22.998,6,,,22998000.0
2015,15,Appenzell Ausserrhoden,Y46T50,46-50 years,23.982,6,,,23982000.0
2016,15,Appenzell Ausserrhoden,Y46T50,46-50 years,25.262,6,,,25262000.0
2017,15,Appenzell Ausserrhoden,Y46T50,46-50 years,24.141,6,,,24141000.0
2018,15,Appenzell Ausserrhoden,Y46T50,46-50 years,24.213,6,,,24213000.0
2019,15,Appenzell Ausserrhoden,Y46T50,46-50 years,24.362,6,,,24362000.0
2020,15,Appenzell Ausserrhoden,Y46T50,46-50 years,24.683,6,,,24683000.0
2021,15,Appenzell Ausserrhoden,Y46T50,46-50 years,25.505,6,,,25505000.0
2022,15,Appenzell Ausserrhoden,Y46T50,46-50 years,24.786,6,,,24786000.0
2023,15,Appenzell Ausserrhoden,Y46T50,46-50 years,23.84,6,,,23840000.0
2024,15,Appenzell Ausserrhoden,Y46T50,46-50 years,24.224,6,,,24224000.0
2011,16,Appenzell Innerrhoden,Y46T50,46-50 years,4.205,6,,,4205000.0
2012,16,Appenzell Innerrhoden,Y46T50,46-50 years,4.145,6,,,4144999.9999999995
2013,16,Appenzell Innerrhoden,Y46T50,46-50 years,4.375,6,,,4375000.0
2014,16,Appenzell Innerrhoden,Y46T50,46-50 years,4.954,6,,,4954000.0
2015,16,Appenzell Innerrhoden,Y46T50,46-50 years,4.85,6,,,4850000.0
2016,16,Appenzell Innerrhoden,Y46T50,46-50 years,4.943,6,,,4943000.0
2017,16,Appenzell Innerrhoden,Y46T50,46-50 years,4.937,6,,,4937000.0
2018,16,Appenzell Innerrhoden,Y46T50,46-50 years,5.065,6,,,5065000.0
2019,16,Appenzell Innerrhoden,Y46T50,46-50 years,5.588,6,,,5588000.0
2020,16,Appenzell Innerrhoden,Y46T50,46-50 years,4.587,6,,,4587000.0
2021,16,Appenzell Innerrhoden,Y46T50,46-50 years,5.1,6,,,5100000.0
2022,16,Appenzell Innerrhoden,Y46T50,46-50 years,5.152,6,,,5152000.0
2023,16,Appenzell Innerrhoden,Y46T50,46-50 years,4.747,6,,,4747000.0
2024,16,Appenzell Innerrhoden,Y46T50,46-50 years,5.134,6,,,5134000.0
2011,17,St. Gallen,Y46T50,46-50 years,217.148,6,,,217148000.0
2012,17,St. Gallen,Y46T50,46-50 years,213.052,6,,,213052000.0
2013,17,St. Gallen,Y46T50,46-50 years,225.713,6,,,225713000.0
2014,17,St. Gallen,Y46T50,46-50 years,230.778,6,,,230778000.0
2015,17,St. Gallen,Y46T50,46-50 years,231.28,6,,,231280000.0
2016,17,St. Gallen,Y46T50,46-50 years,235.083,6,,,235083000.0
2017,17,St. Gallen,Y46T50,46-50 years,249.981,6,,,249981000.0
2018,17,St. Gallen,Y46T50,46-50 years,252.05,6,,,252050000.0
2019,17,St. Gallen,Y46T50,46-50 years,245.088,6,,,245088000.0
2020,17,St. Gallen,Y46T50,46-50 years,233.593,6,,,233593000.0
2021,17,St. Gallen,Y46T50,46-50 years,255.141,6,,,255141000.0
2022,17,St. Gallen,Y46T50,46-50 years,242.255,6,,,242255000.0
2023,17,St. Gallen,Y46T50,46-50 years,241.21,6,,,241210000.0
2024,17,St. Gallen,Y46T50,46-50 years,234.785,6,,,234785000.0
2011,18,Graubünden,Y46T50,46-50 years,84.382,6,,,84382000.0
2012,18,Graubünden,Y46T50,46-50 years,83.077,6,,,83077000.0
2013,18,Graubünden,Y46T50,46-50 years,89.382,6,,,89382000.0
2014,18,Graubünden,Y46T50,46-50 years,91.062,6,,,91062000.0
2015,18,Graubünden,Y46T50,46-50 years,92.771,6,,,92771000.0
2016,18,Graubünden,Y46T50,46-50 years,94.495,6,,,94495000.0
2017,18,Graubünden,Y46T50,46-50 years,98.732,6,,,98732000.0
2018,18,Graubünden,Y46T50,46-50 years,94.018,6,,,94018000.0
2019,18,Graubünden,Y46T50,46-50 years,90.758,6,,,90758000.0
2020,18,Graubünden,Y46T50,46-50 years,195.646,6,,,195646000.0
2021,18,Graubünden,Y46T50,46-50 years,98.103,6,,,98103000.0
2022,18,Graubünden,Y46T50,46-50 years,104.182,6,,,104182000.0
2023,18,Graubünden,Y46T50,46-50 years,93.976,6,,,93976000.0
2024,18,Graubünden,Y46T50,46-50 years,90.661,6,,,90661000.0
2011,19,Aargau,Y46T50,46-50 years,324.294,6,,,324294000.0
2012,19,Aargau,Y46T50,46-50 years,321.871,6,,,321871000.0
2013,19,Aargau,Y46T50,46-50 years,333.242,6,,,333242000.0
2014,19,Aargau,Y46T50,46-50 years,335.256,6,,,335256000.0
2015,19,Aargau,Y46T50,46-50 years,322.97,6,,,322970000.0
2016,19,Aargau,Y46T50,46-50 years,328.966,6,,,328966000.0
2017,19,Aargau,Y46T50,46-50 years,342.255,6,,,342255000.0
2018,19,Aargau,Y46T50,46-50 years,339.245,6,,,339245000.0
2019,19,Aargau,Y46T50,46-50 years,338.102,6,,,338102000.0
2020,19,Aargau,Y46T50,46-50 years,338.071,6,,,338071000.0
2021,19,Aargau,Y46T50,46-50 years,360.583,6,,,360583000.0
2022,19,Aargau,Y46T50,46-50 years,351.465,6,,,351465000.0
2023,19,Aargau,Y46T50,46-50 years,359.448,6,,,359448000.0
2024,19,Aargau,Y46T50,46-50 years,342.458,6,,,342458000.0
2011,20,Thurgau,Y46T50,46-50 years,115.378,6,,,115378000.0
2012,20,Thurgau,Y46T50,46-50 years,114.836,6,,,114836000.0
2013,20,Thurgau,Y46T50,46-50 years,120.663,6,,,120663000.0
2014,20,Thurgau,Y46T50,46-50 years,122.652,6,,,122652000.0
2015,20,Thurgau,Y46T50,46-50 years,124.295,6,,,124295000.0
2016,20,Thurgau,Y46T50,46-50 years,128.051,6,,,128050999.99999999
2017,20,Thurgau,Y46T50,46-50 years,131.725,6,,,131725000.0
2018,20,Thurgau,Y46T50,46-50 years,127.203,6,,,127203000.0
2019,20,Thurgau,Y46T50,46-50 years,129.0,6,,,129000000.0
2020,20,Thurgau,Y46T50,46-50 years,133.243,6,,,133243000.0
2021,20,Thurgau,Y46T50,46-50 years,135.127,6,,,135127000.0
2022,20,Thurgau,Y46T50,46-50 years,128.067,6,,,128067000.0
2023,20,Thurgau,Y46T50,46-50 years,130.802,6,,,130801999.99999999
2024,20,Thurgau,Y46T50,46-50 years,124.679,6,,,124679000.0
2011,21,Ticino,Y46T50,46-50 years,154.823,6,,,154823000.0
2012,21,Ticino,Y46T50,46-50 years,155.503,6,,,155503000.0
2013,21,Ticino,Y46T50,46-50 years,167.14,6,,,167140000.0
2014,21,Ticino,Y46T50,46-50 years,171.641,6,,,171641000.0
2015,21,Ticino,Y46T50,46-50 years,179.19,6,,,179190000.0
2016,21,Ticino,Y46T50,46-50 years,178.788,6,,,178788000.0
2017,21,Ticino,Y46T50,46-50 years,188.982,6,,,188982000.0
2018,21,Ticino,Y46T50,46-50 years,195.377,6,,,195377000.0
2019,21,Ticino,Y46T50,46-50 years,200.275,6,,,200275000.0
2020,21,Ticino,Y46T50,46-50 years,199.998,6,,,199998000.0
2021,21,Ticino,Y46T50,46-50 years,212.728,6,,,212728000.0
2022,21,Ticino,Y46T50,46-50 years,214.902,6,,,214902000.0
2023,21,Ticino,Y46T50,46-50 years,217.877,6,,,217877000.0
2024,21,Ticino,Y46T50,46-50 years,211.207,6,,,211207000.0
2011,22,Vaud,Y46T50,46-50 years,367.195,6,,,367195000.0
2012,22,Vaud,Y46T50,46-50 years,364.054,6,,,364054000.0
2013,22,Vaud,Y46T50,46-50 years,372.55,6,,,372550000.0
2014,22,Vaud,Y46T50,46-50 years,381.034,6,,,381034000.0
2015,22,Vaud,Y46T50,46-50 years,388.569,6,,,388569000.0
2016,22,Vaud,Y46T50,46-50 years,400.483,6,,,400483000.0
2017,22,Vaud,Y46T50,46-50 years,421.606,6,,,421606000.0
2018,22,Vaud,Y46T50,46-50 years,414.374,6,,,414374000.0
2019,22,Vaud,Y46T50,46-50 years,421.643,6,,,421643000.0
2020,22,Vaud,Y46T50,46-50 years,437.82,6,,,437820000.0
2021,22,Vaud,Y46T50,46-50 years,469.241,6,,,469241000.0
2022,22,Vaud,Y46T50,46-50 years,476.692,6,,,476692000.0
2023,22,Vaud,Y46T50,46-50 years,479.612,6,,,479612000.0
2024,22,Vaud,Y46T50,46-50 years,506.394,6,,,506394000.0
2011,23,Valais,Y46T50,46-50 years,144.229,6,,,144229000.0
2012,23,Valais,Y46T50,46-50 years,143.43,6,,,143430000.0
2013,23,Valais,Y46T50,46-50 years,144.086,6,,,144086000.0
2014,23,Valais,Y46T50,46-50 years,145.269,6,,,145269000.0
2015,23,Valais,Y46T50,46-50 years,147.168,6,,,147168000.0
2016,23,Valais,Y46T50,46-50 years,160.419,6,,,160419000.0
2017,23,Valais,Y46T50,46-50 years,163.968,6,,,163968000.0
2018,23,Valais,Y46T50,46-50 years,177.948,6,,,177948000.0
2019,23,Valais,Y46T50,46-50 years,165.116,6,,,165116000.0
2020,23,Valais,Y46T50,46-50 years,169.866,6,,,169866000.0
2021,23,Valais,Y46T50,46-50 years,171.479,6,,,171479000.0
2022,23,Valais,Y46T50,46-50 years,166.092,6,,,166092000.0
2023,23,Valais,Y46T50,46-50 years,169.232,6,,,169232000.0
2024,23,Valais,Y46T50,46-50 years,167.673,6,,,167673000.0
2011,24,Neuchâtel,Y46T50,46-50 years,81.174,6,,,81174000.0
2012,24,Neuchâtel,Y46T50,46-50 years,81.375,6,,,81375000.0
2013,24,Neuchâtel,Y46T50,46-50 years,82.743,6,,,82743000.0
2014,24,Neuchâtel,Y46T50,46-50 years,84.67,6,,,84670000.0
2015,24,Neuchâtel,Y46T50,46-50 years,88.47,6,,,88470000.0
2016,24,Neuchâtel,Y46T50,46-50 years,92.352,6,,,92352000.0
2017,24,Neuchâtel,Y46T50,46-50 years,100.815,6,,,100815000.0
2018,24,Neuchâtel,Y46T50,46-50 years,101.858,6,,,101858000.0
2019,24,Neuchâtel,Y46T50,46-50 years,100.77,6,,,100770000.0
2020,24,Neuchâtel,Y46T50,46-50 years,103.435,6,,,103435000.0
2021,24,Neuchâtel,Y46T50,46-50 years,112.564,6,,,112564000.0
2022,24,Neuchâtel,Y46T50,46-50 years,109.322,6,,,109322000.0
2023,24,Neuchâtel,Y46T50,46-50 years,102.19,6,,,102190000.0
2024,24,Neuchâtel,Y46T50,46-50 years,102.481,6,,,102481000.0
2011,25,Genève,Y46T50,46-50 years,261.515,6,,,261515000.0
2012,25,Genève,Y46T50,46-50 years,254.619,6,,,254619000.0
2013,25,Genève,Y46T50,46-50 years,265.954,6,,,265954000.0
2014,25,Genève,Y46T50,46-50 years,264.176,6,,,264176000.0
2015,25,Genève,Y46T50,46-50 years,272.879,6,,,272879000.0
2016,25,Genève,Y46T50,46-50 years,277.069,6,,,277069000.0
2017,25,Genève,Y46T50,46-50 years,294.576,6,,,294576000.0
2018,25,Genève,Y46T50,46-50 years,285.746,6,,,285746000.0
2019,25,Genève,Y46T50,46-50 years,292.717,6,,,292717000.0
2020,25,Genève,Y46T50,46-50 years,302.64,6,,,302640000.0
2021,25,Genève,Y46T50,46-50 years,335.141,6,,,335141000.0
2022,25,Genève,Y46T50,46-50 years,338.478,6,,,338478000.0
2023,25,Genève,Y46T50,46-50 years,345.787,6,,,345787000.0
2024,25,Genève,Y46T50,46-50 years,349.36,6,,,349360000.0
2011,26,Jura,Y46T50,46-50 years,33.849,6,,,33849000.0
2012,26,Jura,Y46T50,46-50 years,33.432,6,,,33432000.000000004
2013,26,Jura,Y46T50,46-50 years,34.091,6,,,34091000.0
2014,26,Jura,Y46T50,46-50 years,35.769,6,,,35769000.0
2015,26,Jura,Y46T50,46-50 years,35.966,6,,,35966000.0
2016,26,Jura,Y46T50,46-50 years,37.035,6,,,37035000.0
2017,26,Jura,Y46T50,46-50 years,37.915,6,,,37915000.0
2018,26,Jura,Y46T50,46-50 years,39.189,6,,,39189000.0
2019,26,Jura,Y46T50,46-50 years,39.092,6,,,39092000.0
2020,26,Jura,Y46T50,46-50 years,35.395,6,,,35395000.0
2021,26,Jura,Y46T50,46-50 years,36.607,6,,,36607000.0
2022,26,Jura,Y46T50,46-50 years,37.239,6,,,37239000.0
2023,26,Jura,Y46T50,46-50 years,34.612,6,,,34612000.0
2024,26,Jura,Y46T50,46-50 years,34.58,6,,,34580000.0
2011,_T,Total,Y51T55,51-55 years,4269.092,6,,,4269091999.9999995
2012,_T,Total,Y51T55,51-55 years,4249.948,6,,,4249948000.0000005
2013,_T,Total,Y51T55,51-55 years,4517.266,6,,,4517266000.0
2014,_T,Total,Y51T55,51-55 years,4667.603,6,,,4667603000.0
2015,_T,Total,Y51T55,51-55 years,4919.354,6,,,4919354000.0
2016,_T,Total,Y51T55,51-55 years,5090.718,6,,,5090718000.0
2017,_T,Total,Y51T55,51-55 years,5468.962,6,,,5468962000.0
2018,_T,Total,Y51T55,51-55 years,5460.105,6,,,5460105000.0
2019,_T,Total,Y51T55,51-55 years,5522.062,6,,,5522062000.0
2020,_T,Total,Y51T55,51-55 years,5645.093,6,,,5645093000.0
2021,_T,Total,Y51T55,51-55 years,5936.389,6,,,5936389000.0
2022,_T,Total,Y51T55,51-55 years,5890.512,6,,,5890512000.0
2023,_T,Total,Y51T55,51-55 years,5833.277,6,,,5833277000.0
2024,_T,Total,Y51T55,51-55 years,5748.535,6,,,5748535000.0
2011,1,Zürich,Y51T55,51-55 years,715.745,6,,,715745000.0
2012,1,Zürich,Y51T55,51-55 years,718.241,6,,,718241000.0
2013,1,Zürich,Y51T55,51-55 years,756.381,6,,,756381000.0
2014,1,Zürich,Y51T55,51-55 years,781.269,6,,,781269000.0
2015,1,Zürich,Y51T55,51-55 years,825.92,6,,,825920000.0
2016,1,Zürich,Y51T55,51-55 years,870.241,6,,,870241000.0
2017,1,Zürich,Y51T55,51-55 years,932.143,6,,,932143000.0
2018,1,Zürich,Y51T55,51-55 years,950.184,6,,,950184000.0
2019,1,Zürich,Y51T55,51-55 years,961.449,6,,,961449000.0
2020,1,Zürich,Y51T55,51-55 years,977.208,6,,,977208000.0
2021,1,Zürich,Y51T55,51-55 years,1039.196,6,,,1039195999.9999999
2022,1,Zürich,Y51T55,51-55 years,1014.35,6,,,1014350000.0
2023,1,Zürich,Y51T55,51-55 years,1011.54,6,,,1011540000.0
2024,1,Zürich,Y51T55,51-55 years,1006.203,6,,,1006203000.0
2011,2,Bern,Y51T55,51-55 years,541.612,6,,,541612000.0
2012,2,Bern,Y51T55,51-55 years,539.086,6,,,539086000.0
2013,2,Bern,Y51T55,51-55 years,558.63,6,,,558630000.0
2014,2,Bern,Y51T55,51-55 years,575.533,6,,,575533000.0
2015,2,Bern,Y51T55,51-55 years,634.019,6,,,634019000.0
2016,2,Bern,Y51T55,51-55 years,649.124,6,,,649124000.0
2017,2,Bern,Y51T55,51-55 years,672.886,6,,,672886000.0
2018,2,Bern,Y51T55,51-55 years,680.761,6,,,680761000.0
2019,2,Bern,Y51T55,51-55 years,683.701,6,,,683701000.0
2020,2,Bern,Y51T55,51-55 years,719.071,6,,,719071000.0
2021,2,Bern,Y51T55,51-55 years,731.005,6,,,731005000.0
2022,2,Bern,Y51T55,51-55 years,685.267,6,,,685267000.0
2023,2,Bern,Y51T55,51-55 years,677.294,6,,,677294000.0
2024,2,Bern,Y51T55,51-55 years,649.141,6,,,649141000.0
2011,3,Luzern,Y51T55,51-55 years,186.124,6,,,186124000.0
2012,3,Luzern,Y51T55,51-55 years,185.008,6,,,185008000.0
2013,3,Luzern,Y51T55,51-55 years,194.292,6,,,194292000.0
2014,3,Luzern,Y51T55,51-55 years,198.797,6,,,198797000.0
2015,3,Luzern,Y51T55,51-55 years,206.803,6,,,206803000.0
2016,3,Luzern,Y51T55,51-55 years,220.204,6,,,220204000.0
2017,3,Luzern,Y51T55,51-55 years,244.054,6,,,244054000.0
2018,3,Luzern,Y51T55,51-55 years,232.069,6,,,232069000.0
2019,3,Luzern,Y51T55,51-55 years,244.04,6,,,244040000.0
2020,3,Luzern,Y51T55,51-55 years,246.641,6,,,246641000.0
2021,3,Luzern,Y51T55,51-55 years,259.827,6,,,259827000.0
2022,3,Luzern,Y51T55,51-55 years,248.915,6,,,248915000.0
2023,3,Luzern,Y51T55,51-55 years,240.665,6,,,240665000.0
2024,3,Luzern,Y51T55,51-55 years,230.257,6,,,230257000.0
2011,4,Uri,Y51T55,51-55 years,14.979,6,,,14979000.0
2012,4,Uri,Y51T55,51-55 years,14.31,6,,,14310000.0
2013,4,Uri,Y51T55,51-55 years,15.236,6,,,15236000.0
2014,4,Uri,Y51T55,51-55 years,15.586,6,,,15586000.0
2015,4,Uri,Y51T55,51-55 years,15.565,6,,,15565000.0
2016,4,Uri,Y51T55,51-55 years,15.573,6,,,15573000.0
2017,4,Uri,Y51T55,51-55 years,16.573,6,,,16573000.0
2018,4,Uri,Y51T55,51-55 years,17.109,6,,,17109000.0
2019,4,Uri,Y51T55,51-55 years,17.647,6,,,17647000.0
2020,4,Uri,Y51T55,51-55 years,17.966,6,,,17966000.0
2021,4,Uri,Y51T55,51-55 years,18.768,6,,,18768000.0
2022,4,Uri,Y51T55,51-55 years,18.047,6,,,18047000.0
2023,4,Uri,Y51T55,51-55 years,16.163,6,,,16163000.0
2024,4,Uri,Y51T55,51-55 years,19.224,6,,,19224000.0
2011,5,Schwyz,Y51T55,51-55 years,75.989,6,,,75989000.0
2012,5,Schwyz,Y51T55,51-55 years,76.308,6,,,76308000.0
2013,5,Schwyz,Y51T55,51-55 years,80.634,6,,,80634000.0
2014,5,Schwyz,Y51T55,51-55 years,80.093,6,,,80093000.0
2015,5,Schwyz,Y51T55,51-55 years,84.508,6,,,84508000.0
2016,5,Schwyz,Y51T55,51-55 years,87.828,6,,,87828000.0
2017,5,Schwyz,Y51T55,51-55 years,93.352,6,,,93352000.0
2018,5,Schwyz,Y51T55,51-55 years,90.918,6,,,90918000.0
2019,5,Schwyz,Y51T55,51-55 years,94.753,6,,,94753000.0
2020,5,Schwyz,Y51T55,51-55 years,99.994,6,,,99994000.0
2021,5,Schwyz,Y51T55,51-55 years,99.981,6,,,99981000.0
2022,5,Schwyz,Y51T55,51-55 years,138.193,6,,,138193000.0
2023,5,Schwyz,Y51T55,51-55 years,103.825,6,,,103825000.0
2024,5,Schwyz,Y51T55,51-55 years,94.197,6,,,94197000.0
2011,6,Obwalden,Y51T55,51-55 years,17.887,6,,,17887000.0
2012,6,Obwalden,Y51T55,51-55 years,17.308,6,,,17308000.0
2013,6,Obwalden,Y51T55,51-55 years,18.857,6,,,18857000.0
2014,6,Obwalden,Y51T55,51-55 years,19.602,6,,,19602000.0
2015,6,Obwalden,Y51T55,51-55 years,20.573,6,,,20573000.0
2016,6,Obwalden,Y51T55,51-55 years,21.699,6,,,21699000.0
2017,6,Obwalden,Y51T55,51-55 years,23.49,6,,,23490000.0
2018,6,Obwalden,Y51T55,51-55 years,22.678,6,,,22678000.0
2019,6,Obwalden,Y51T55,51-55 years,23.006,6,,,23006000.0
2020,6,Obwalden,Y51T55,51-55 years,23.876,6,,,23876000.0
2021,6,Obwalden,Y51T55,51-55 years,24.503,6,,,24503000.0
2022,6,Obwalden,Y51T55,51-55 years,22.974,6,,,22974000.0
2023,6,Obwalden,Y51T55,51-55 years,23.916,6,,,23916000.0
2024,6,Obwalden,Y51T55,51-55 years,24.861,6,,,24861000.0
2011,7,Nidwalden,Y51T55,51-55 years,17.802,6,,,17802000.0
2012,7,Nidwalden,Y51T55,51-55 years,17.627,6,,,17627000.0
2013,7,Nidwalden,Y51T55,51-55 years,18.419,6,,,18419000.0
2014,7,Nidwalden,Y51T55,51-55 years,18.269,6,,,18269000.0
2015,7,Nidwalden,Y51T55,51-55 years,19.235,6,,,19235000.0
2016,7,Nidwalden,Y51T55,51-55 years,20.236,6,,,20236000.0
2017,7,Nidwalden,Y51T55,51-55 years,20.647,6,,,20647000.0
2018,7,Nidwalden,Y51T55,51-55 years,21.744,6,,,21744000.0
2019,7,Nidwalden,Y51T55,51-55 years,22.791,6,,,22791000.0
2020,7,Nidwalden,Y51T55,51-55 years,22.131,6,,,22131000.0
2021,7,Nidwalden,Y51T55,51-55 years,23.393,6,,,23393000.0
2022,7,Nidwalden,Y51T55,51-55 years,25.774,6,,,25774000.0
2023,7,Nidwalden,Y51T55,51-55 years,24.039,6,,,24039000.0
2024,7,Nidwalden,Y51T55,51-55 years,22.104,6,,,22104000.0
2011,8,Glarus,Y51T55,51-55 years,23.068,6,,,23068000.0
2012,8,Glarus,Y51T55,51-55 years,21.451,6,,,21451000.0
2013,8,Glarus,Y51T55,51-55 years,21.095,6,,,21095000.0
2014,8,Glarus,Y51T55,51-55 years,23.523,6,,,23523000.0
2015,8,Glarus,Y51T55,51-55 years,23.271,6,,,23271000.0
2016,8,Glarus,Y51T55,51-55 years,23.803,6,,,23803000.0
2017,8,Glarus,Y51T55,51-55 years,60.423,6,,,60423000.0
2018,8,Glarus,Y51T55,51-55 years,25.419,6,,,25419000.0
2019,8,Glarus,Y51T55,51-55 years,25.307,6,,,25307000.0
2020,8,Glarus,Y51T55,51-55 years,25.479,6,,,25479000.0
2021,8,Glarus,Y51T55,51-55 years,27.596,6,,,27596000.0
2022,8,Glarus,Y51T55,51-55 years,26.213,6,,,26213000.0
2023,8,Glarus,Y51T55,51-55 years,31.727,6,,,31727000.0
2024,8,Glarus,Y51T55,51-55 years,27.038,6,,,27038000.0
2011,9,Zug,Y51T55,51-55 years,49.53,6,,,49530000.0
2012,9,Zug,Y51T55,51-55 years,50.998,6,,,50998000.0
2013,9,Zug,Y51T55,51-55 years,54.628,6,,,54628000.0
2014,9,Zug,Y51T55,51-55 years,57.886,6,,,57886000.0
2015,9,Zug,Y51T55,51-55 years,59.066,6,,,59066000.0
2016,9,Zug,Y51T55,51-55 years,62.749,6,,,62749000.0
2017,9,Zug,Y51T55,51-55 years,66.133,6,,,66132999.99999999
2018,9,Zug,Y51T55,51-55 years,66.39,6,,,66390000.0
2019,9,Zug,Y51T55,51-55 years,68.293,6,,,68293000.0
2020,9,Zug,Y51T55,51-55 years,72.601,6,,,72601000.0
2021,9,Zug,Y51T55,51-55 years,83.249,6,,,83249000.0
2022,9,Zug,Y51T55,51-55 years,83.161,6,,,83161000.0
2023,9,Zug,Y51T55,51-55 years,80.641,6,,,80641000.0
2024,9,Zug,Y51T55,51-55 years,81.577,6,,,81577000.0
2011,10,Fribourg,Y51T55,51-55 years,146.903,6,,,146903000.0
2012,10,Fribourg,Y51T55,51-55 years,150.911,6,,,150911000.0
2013,10,Fribourg,Y51T55,51-55 years,162.611,6,,,162611000.0
2014,10,Fribourg,Y51T55,51-55 years,165.853,6,,,165853000.0
2015,10,Fribourg,Y51T55,51-55 years,172.38,6,,,172380000.0
2016,10,Fribourg,Y51T55,51-55 years,180.709,6,,,180709000.0
2017,10,Fribourg,Y51T55,51-55 years,190.085,6,,,190085000.0
2018,10,Fribourg,Y51T55,51-55 years,198.809,6,,,198809000.0
2019,10,Fribourg,Y51T55,51-55 years,201.175,6,,,201175000.0
2020,10,Fribourg,Y51T55,51-55 years,207.353,6,,,207353000.0
2021,10,Fribourg,Y51T55,51-55 years,211.179,6,,,211179000.0
2022,10,Fribourg,Y51T55,51-55 years,216.813,6,,,216813000.0
2023,10,Fribourg,Y51T55,51-55 years,217.586,6,,,217586000.0
2024,10,Fribourg,Y51T55,51-55 years,213.391,6,,,213391000.0
2011,11,Solothurn,Y51T55,51-55 years,148.162,6,,,148162000.0
2012,11,Solothurn,Y51T55,51-55 years,146.289,6,,,146289000.0
2013,11,Solothurn,Y51T55,51-55 years,188.684,6,,,188684000.0
2014,11,Solothurn,Y51T55,51-55 years,169.564,6,,,169564000.0
2015,11,Solothurn,Y51T55,51-55 years,171.354,6,,,171354000.0
2016,11,Solothurn,Y51T55,51-55 years,174.721,6,,,174721000.0
2017,11,Solothurn,Y51T55,51-55 years,194.0,6,,,194000000.0
2018,11,Solothurn,Y51T55,51-55 years,182.586,6,,,182586000.0
2019,11,Solothurn,Y51T55,51-55 years,186.209,6,,,186209000.0
2020,11,Solothurn,Y51T55,51-55 years,187.147,6,,,187147000.0
2021,11,Solothurn,Y51T55,51-55 years,203.224,6,,,203224000.0
2022,11,Solothurn,Y51T55,51-55 years,191.409,6,,,191409000.0
2023,11,Solothurn,Y51T55,51-55 years,191.64,6,,,191640000.0
2024,11,Solothurn,Y51T55,51-55 years,185.32,6,,,185320000.0
2011,12,Basel-Stadt,Y51T55,51-55 years,129.811,6,,,129811000.0
2012,12,Basel-Stadt,Y51T55,51-55 years,125.853,6,,,125853000.0
2013,12,Basel-Stadt,Y51T55,51-55 years,127.426,6,,,127426000.0
2014,12,Basel-Stadt,Y51T55,51-55 years,131.892,6,,,131892000.0
2015,12,Basel-Stadt,Y51T55,51-55 years,137.608,6,,,137608000.0
2016,12,Basel-Stadt,Y51T55,51-55 years,148.792,6,,,148792000.0
2017,12,Basel-Stadt,Y51T55,51-55 years,154.44,6,,,154440000.0
2018,12,Basel-Stadt,Y51T55,51-55 years,154.082,6,,,154082000.0
2019,12,Basel-Stadt,Y51T55,51-55 years,165.8,6,,,165800000.0
2020,12,Basel-Stadt,Y51T55,51-55 years,161.081,6,,,161081000.0
2021,12,Basel-Stadt,Y51T55,51-55 years,173.443,6,,,173443000.0
2022,12,Basel-Stadt,Y51T55,51-55 years,167.945,6,,,167945000.0
2023,12,Basel-Stadt,Y51T55,51-55 years,160.101,6,,,160101000.0
2024,12,Basel-Stadt,Y51T55,51-55 years,155.518,6,,,155518000.0
2011,13,Basel-Landschaft,Y51T55,51-55 years,162.733,6,,,162733000.0
2012,13,Basel-Landschaft,Y51T55,51-55 years,161.627,6,,,161627000.0
2013,13,Basel-Landschaft,Y51T55,51-55 years,168.65,6,,,168650000.0
2014,13,Basel-Landschaft,Y51T55,51-55 years,175.676,6,,,175676000.0
2015,13,Basel-Landschaft,Y51T55,51-55 years,199.271,6,,,199271000.0
2016,13,Basel-Landschaft,Y51T55,51-55 years,191.118,6,,,191118000.0
2017,13,Basel-Landschaft,Y51T55,51-55 years,208.369,6,,,208369000.0
2018,13,Basel-Landschaft,Y51T55,51-55 years,217.578,6,,,217578000.0
2019,13,Basel-Landschaft,Y51T55,51-55 years,214.062,6,,,214062000.0
2020,13,Basel-Landschaft,Y51T55,51-55 years,216.606,6,,,216606000.0
2021,13,Basel-Landschaft,Y51T55,51-55 years,222.418,6,,,222418000.0
2022,13,Basel-Landschaft,Y51T55,51-55 years,228.493,6,,,228493000.0
2023,13,Basel-Landschaft,Y51T55,51-55 years,210.778,6,,,210778000.0
2024,13,Basel-Landschaft,Y51T55,51-55 years,212.73,6,,,212730000.0
2011,14,Schaffhausen,Y51T55,51-55 years,45.523,6,,,45523000.0
2012,14,Schaffhausen,Y51T55,51-55 years,43.452,6,,,43452000.0
2013,14,Schaffhausen,Y51T55,51-55 years,45.616,6,,,45616000.0
2014,14,Schaffhausen,Y51T55,51-55 years,46.778,6,,,46778000.0
2015,14,Schaffhausen,Y51T55,51-55 years,47.642,6,,,47642000.0
2016,14,Schaffhausen,Y51T55,51-55 years,49.567,6,,,49567000.0
2017,14,Schaffhausen,Y51T55,51-55 years,53.594,6,,,53594000.0
2018,14,Schaffhausen,Y51T55,51-55 years,52.251,6,,,52251000.0
2019,14,Schaffhausen,Y51T55,51-55 years,49.762,6,,,49762000.0
2020,14,Schaffhausen,Y51T55,51-55 years,54.367,6,,,54367000.0
2021,14,Schaffhausen,Y51T55,51-55 years,58.812,6,,,58812000.0
2022,14,Schaffhausen,Y51T55,51-55 years,54.98,6,,,54980000.0
2023,14,Schaffhausen,Y51T55,51-55 years,54.825,6,,,54825000.0
2024,14,Schaffhausen,Y51T55,51-55 years,51.281,6,,,51281000.0
2011,15,Appenzell Ausserrhoden,Y51T55,51-55 years,31.407,6,,,31407000.0
2012,15,Appenzell Ausserrhoden,Y51T55,51-55 years,32.041,6,,,32040999.999999996
2013,15,Appenzell Ausserrhoden,Y51T55,51-55 years,34.035,6,,,34035000.0
2014,15,Appenzell Ausserrhoden,Y51T55,51-55 years,35.226,6,,,35226000.0
2015,15,Appenzell Ausserrhoden,Y51T55,51-55 years,34.518,6,,,34518000.0
2016,15,Appenzell Ausserrhoden,Y51T55,51-55 years,35.4,6,,,35400000.0
2017,15,Appenzell Ausserrhoden,Y51T55,51-55 years,37.775,6,,,37775000.0
2018,15,Appenzell Ausserrhoden,Y51T55,51-55 years,36.238,6,,,36238000.0
2019,15,Appenzell Ausserrhoden,Y51T55,51-55 years,34.503,6,,,34503000.0
2020,15,Appenzell Ausserrhoden,Y51T55,51-55 years,32.231,6,,,32231000.0
2021,15,Appenzell Ausserrhoden,Y51T55,51-55 years,33.101,6,,,33101000.0
2022,15,Appenzell Ausserrhoden,Y51T55,51-55 years,32.702,6,,,32702000.0
2023,15,Appenzell Ausserrhoden,Y51T55,51-55 years,31.268,6,,,31268000.0
2024,15,Appenzell Ausserrhoden,Y51T55,51-55 years,30.795,6,,,30795000.0
2011,16,Appenzell Innerrhoden,Y51T55,51-55 years,6.404,6,,,6404000.0
2012,16,Appenzell Innerrhoden,Y51T55,51-55 years,6.726,6,,,6726000.0
2013,16,Appenzell Innerrhoden,Y51T55,51-55 years,7.266,6,,,7266000.0
2014,16,Appenzell Innerrhoden,Y51T55,51-55 years,7.053,6,,,7053000.0
2015,16,Appenzell Innerrhoden,Y51T55,51-55 years,7.053,6,,,7053000.0
2016,16,Appenzell Innerrhoden,Y51T55,51-55 years,7.089,6,,,7089000.0
2017,16,Appenzell Innerrhoden,Y51T55,51-55 years,7.46,6,,,7460000.0
2018,16,Appenzell Innerrhoden,Y51T55,51-55 years,6.897,6,,,6897000.0
2019,16,Appenzell Innerrhoden,Y51T55,51-55 years,6.817,6,,,6817000.0
2020,16,Appenzell Innerrhoden,Y51T55,51-55 years,7.267,6,,,7267000.0
2021,16,Appenzell Innerrhoden,Y51T55,51-55 years,7.443,6,,,7443000.0
2022,16,Appenzell Innerrhoden,Y51T55,51-55 years,9.252,6,,,9252000.0
2023,16,Appenzell Innerrhoden,Y51T55,51-55 years,8.776,6,,,8776000.0
2024,16,Appenzell Innerrhoden,Y51T55,51-55 years,8.25,6,,,8250000.0
2011,17,St. Gallen,Y51T55,51-55 years,241.721,6,,,241721000.0
2012,17,St. Gallen,Y51T55,51-55 years,242.451,6,,,242451000.0
2013,17,St. Gallen,Y51T55,51-55 years,258.166,6,,,258166000.0
2014,17,St. Gallen,Y51T55,51-55 years,267.641,6,,,267641000.00000003
2015,17,St. Gallen,Y51T55,51-55 years,280.376,6,,,280376000.0
2016,17,St. Gallen,Y51T55,51-55 years,287.364,6,,,287364000.0
2017,17,St. Gallen,Y51T55,51-55 years,301.008,6,,,301008000.0
2018,17,St. Gallen,Y51T55,51-55 years,304.171,6,,,304171000.0
2019,17,St. Gallen,Y51T55,51-55 years,302.617,6,,,302617000.0
2020,17,St. Gallen,Y51T55,51-55 years,305.818,6,,,305818000.0
2021,17,St. Gallen,Y51T55,51-55 years,321.888,6,,,321888000.0
2022,17,St. Gallen,Y51T55,51-55 years,318.566,6,,,318566000.0
2023,17,St. Gallen,Y51T55,51-55 years,302.842,6,,,302842000.0
2024,17,St. Gallen,Y51T55,51-55 years,295.225,6,,,295225000.0
2011,18,Graubünden,Y51T55,51-55 years,100.088,6,,,100088000.0
2012,18,Graubünden,Y51T55,51-55 years,101.442,6,,,101442000.0
2013,18,Graubünden,Y51T55,51-55 years,107.79,6,,,107790000.0
2014,18,Graubünden,Y51T55,51-55 years,111.651,6,,,111651000.0
2015,18,Graubünden,Y51T55,51-55 years,112.967,6,,,112967000.0
2016,18,Graubünden,Y51T55,51-55 years,117.886,6,,,117886000.0
2017,18,Graubünden,Y51T55,51-55 years,124.231,6,,,124231000.0
2018,18,Graubünden,Y51T55,51-55 years,122.399,6,,,122399000.0
2019,18,Graubünden,Y51T55,51-55 years,120.611,6,,,120611000.0
2020,18,Graubünden,Y51T55,51-55 years,124.176,6,,,124176000.0
2021,18,Graubünden,Y51T55,51-55 years,134.493,6,,,134493000.0
2022,18,Graubünden,Y51T55,51-55 years,133.399,6,,,133399000.0
2023,18,Graubünden,Y51T55,51-55 years,132.299,6,,,132299000.0
2024,18,Graubünden,Y51T55,51-55 years,126.465,6,,,126465000.0
2011,19,Aargau,Y51T55,51-55 years,348.875,6,,,348875000.0
2012,19,Aargau,Y51T55,51-55 years,345.514,6,,,345514000.0
2013,19,Aargau,Y51T55,51-55 years,363.636,6,,,363636000.0
2014,19,Aargau,Y51T55,51-55 years,391.028,6,,,391028000.0
2015,19,Aargau,Y51T55,51-55 years,397.891,6,,,397891000.0
2016,19,Aargau,Y51T55,51-55 years,395.683,6,,,395683000.0
2017,19,Aargau,Y51T55,51-55 years,421.43,6,,,421430000.0
2018,19,Aargau,Y51T55,51-55 years,422.464,6,,,422464000.0
2019,19,Aargau,Y51T55,51-55 years,426.743,6,,,426743000.0
2020,19,Aargau,Y51T55,51-55 years,438.793,6,,,438793000.0
2021,19,Aargau,Y51T55,51-55 years,462.06,6,,,462060000.0
2022,19,Aargau,Y51T55,51-55 years,468.645,6,,,468645000.0
2023,19,Aargau,Y51T55,51-55 years,488.506,6,,,488506000.0
2024,19,Aargau,Y51T55,51-55 years,469.48,6,,,469480000.0
2011,20,Thurgau,Y51T55,51-55 years,132.726,6,,,132726000.0
2012,20,Thurgau,Y51T55,51-55 years,128.601,6,,,128601000.0
2013,20,Thurgau,Y51T55,51-55 years,138.728,6,,,138728000.0
2014,20,Thurgau,Y51T55,51-55 years,145.74,6,,,145740000.0
2015,20,Thurgau,Y51T55,51-55 years,153.113,6,,,153113000.0
2016,20,Thurgau,Y51T55,51-55 years,159.94,6,,,159940000.0
2017,20,Thurgau,Y51T55,51-55 years,171.367,6,,,171367000.0
2018,20,Thurgau,Y51T55,51-55 years,177.036,6,,,177036000.0
2019,20,Thurgau,Y51T55,51-55 years,170.39,6,,,170390000.0
2020,20,Thurgau,Y51T55,51-55 years,173.609,6,,,173609000.0
2021,20,Thurgau,Y51T55,51-55 years,183.873,6,,,183873000.0
2022,20,Thurgau,Y51T55,51-55 years,176.086,6,,,176086000.0
2023,20,Thurgau,Y51T55,51-55 years,176.217,6,,,176217000.0
2024,20,Thurgau,Y51T55,51-55 years,173.977,6,,,173977000.0
2011,21,Ticino,Y51T55,51-55 years,170.567,6,,,170567000.0
2012,21,Ticino,Y51T55,51-55 years,171.765,6,,,171765000.0
2013,21,Ticino,Y51T55,51-55 years,185.58,6,,,185580000.0
2014,21,Ticino,Y51T55,51-55 years,196.563,6,,,196563000.0
2015,21,Ticino,Y51T55,51-55 years,212.565,6,,,212565000.0
2016,21,Ticino,Y51T55,51-55 years,221.075,6,,,221075000.0
2017,21,Ticino,Y51T55,51-55 years,236.32,6,,,236320000.0
2018,21,Ticino,Y51T55,51-55 years,241.064,6,,,241064000.0
2019,21,Ticino,Y51T55,51-55 years,253.942,6,,,253942000.0
2020,21,Ticino,Y51T55,51-55 years,250.081,6,,,250081000.0
2021,21,Ticino,Y51T55,51-55 years,274.182,6,,,274182000.0
2022,21,Ticino,Y51T55,51-55 years,270.547,6,,,270547000.0
2023,21,Ticino,Y51T55,51-55 years,274.583,6,,,274583000.0
2024,21,Ticino,Y51T55,51-55 years,266.648,6,,,266648000.00000003
2011,22,Vaud,Y51T55,51-55 years,390.34,6,,,390340000.0
2012,22,Vaud,Y51T55,51-55 years,388.6,6,,,388600000.0
2013,22,Vaud,Y51T55,51-55 years,419.506,6,,,419506000.0
2014,22,Vaud,Y51T55,51-55 years,434.297,6,,,434297000.0
2015,22,Vaud,Y51T55,51-55 years,453.336,6,,,453336000.0
2016,22,Vaud,Y51T55,51-55 years,477.709,6,,,477709000.0
2017,22,Vaud,Y51T55,51-55 years,506.786,6,,,506786000.0
2018,22,Vaud,Y51T55,51-55 years,499.834,6,,,499834000.0
2019,22,Vaud,Y51T55,51-55 years,510.802,6,,,510802000.0
2020,22,Vaud,Y51T55,51-55 years,514.282,6,,,514282000.00000006
2021,22,Vaud,Y51T55,51-55 years,546.032,6,,,546032000.0
2022,22,Vaud,Y51T55,51-55 years,571.303,6,,,571303000.0
2023,22,Vaud,Y51T55,51-55 years,593.922,6,,,593922000.0
2024,22,Vaud,Y51T55,51-55 years,625.095,6,,,625095000.0
2011,23,Valais,Y51T55,51-55 years,167.938,6,,,167938000.0
2012,23,Valais,Y51T55,51-55 years,165.286,6,,,165286000.0
2013,23,Valais,Y51T55,51-55 years,170.265,6,,,170265000.0
2014,23,Valais,Y51T55,51-55 years,179.572,6,,,179572000.0
2015,23,Valais,Y51T55,51-55 years,183.548,6,,,183548000.0
2016,23,Valais,Y51T55,51-55 years,187.808,6,,,187808000.0
2017,23,Valais,Y51T55,51-55 years,208.248,6,,,208248000.0
2018,23,Valais,Y51T55,51-55 years,218.266,6,,,218266000.0
2019,23,Valais,Y51T55,51-55 years,208.61,6,,,208610000.0
2020,23,Valais,Y51T55,51-55 years,212.762,6,,,212762000.0
2021,23,Valais,Y51T55,51-55 years,215.637,6,,,215637000.0
2022,23,Valais,Y51T55,51-55 years,210.939,6,,,210939000.0
2023,23,Valais,Y51T55,51-55 years,207.12,6,,,207120000.0
2024,23,Valais,Y51T55,51-55 years,192.695,6,,,192695000.0
2011,24,Neuchâtel,Y51T55,51-55 years,88.39,6,,,88390000.0
2012,24,Neuchâtel,Y51T55,51-55 years,86.447,6,,,86447000.0
2013,24,Neuchâtel,Y51T55,51-55 years,91.376,6,,,91376000.0
2014,24,Neuchâtel,Y51T55,51-55 years,97.645,6,,,97645000.0
2015,24,Neuchâtel,Y51T55,51-55 years,102.893,6,,,102893000.0
2016,24,Neuchâtel,Y51T55,51-55 years,107.432,6,,,107432000.0
2017,24,Neuchâtel,Y51T55,51-55 years,116.457,6,,,116457000.0
2018,24,Neuchâtel,Y51T55,51-55 years,122.441,6,,,122441000.0
2019,24,Neuchâtel,Y51T55,51-55 years,124.978,6,,,124978000.0
2020,24,Neuchâtel,Y51T55,51-55 years,133.417,6,,,133417000.0
2021,24,Neuchâtel,Y51T55,51-55 years,140.372,6,,,140372000.0
2022,24,Neuchâtel,Y51T55,51-55 years,137.985,6,,,137985000.0
2023,24,Neuchâtel,Y51T55,51-55 years,133.152,6,,,133151999.99999999
2024,24,Neuchâtel,Y51T55,51-55 years,142.818,6,,,142818000.0
2011,25,Genève,Y51T55,51-55 years,273.947,6,,,273947000.0
2012,25,Genève,Y51T55,51-55 years,271.341,6,,,271341000.0
2013,25,Genève,Y51T55,51-55 years,286.531,6,,,286531000.0
2014,25,Genève,Y51T55,51-55 years,295.521,6,,,295521000.0
2015,25,Genève,Y51T55,51-55 years,315.91,6,,,315910000.0
2016,25,Genève,Y51T55,51-55 years,328.418,6,,,328418000.0
2017,25,Genève,Y51T55,51-55 years,355.432,6,,,355432000.0
2018,25,Genève,Y51T55,51-55 years,346.914,6,,,346914000.0
2019,25,Genève,Y51T55,51-55 years,356.829,6,,,356829000.0
2020,25,Genève,Y51T55,51-55 years,373.197,6,,,373197000.0
2021,25,Genève,Y51T55,51-55 years,391.969,6,,,391969000.0
2022,25,Genève,Y51T55,51-55 years,389.463,6,,,389463000.0
2023,25,Genève,Y51T55,51-55 years,392.334,6,,,392334000.0
2024,25,Genève,Y51T55,51-55 years,397.598,6,,,397598000.0
2011,26,Jura,Y51T55,51-55 years,40.822,6,,,40822000.0
2012,26,Jura,Y51T55,51-55 years,41.265,6,,,41265000.0
2013,26,Jura,Y51T55,51-55 years,43.228,6,,,43228000.0
2014,26,Jura,Y51T55,51-55 years,45.346,6,,,45346000.0
2015,26,Jura,Y51T55,51-55 years,47.968,6,,,47968000.0
2016,26,Jura,Y51T55,51-55 years,48.55,6,,,48550000.0
2017,26,Jura,Y51T55,51-55 years,52.26,6,,,52260000.0
2018,26,Jura,Y51T55,51-55 years,49.804,6,,,49804000.0
2019,26,Jura,Y51T55,51-55 years,47.224,6,,,47224000.0
2020,26,Jura,Y51T55,51-55 years,47.938,6,,,47938000.0
2021,26,Jura,Y51T55,51-55 years,48.743,6,,,48743000.0
2022,26,Jura,Y51T55,51-55 years,49.09,6,,,49090000.0
2023,26,Jura,Y51T55,51-55 years,47.519,6,,,47519000.0
2024,26,Jura,Y51T55,51-55 years,46.648,6,,,46648000.0
2011,_T,Total,Y56T60,56-60 years,4356.646,6,,,4356646000.0
2012,_T,Total,Y56T60,56-60 years,4591.722,6,,,4591722000.0
2013,_T,Total,Y56T60,56-60 years,4801.906,6,,,4801906000.0
2014,_T,Total,Y56T60,56-60 years,4964.015,6,,,4964015000.0
2015,_T,Total,Y56T60,56-60 years,5172.034,6,,,5172034000.0
2016,_T,Total,Y56T60,56-60 years,5459.223,6,,,5459223000.0
2017,_T,Total,Y56T60,56-60 years,5446.8,6,,,5446800000.0
2018,_T,Total,Y56T60,56-60 years,5572.61,6,,,5572610000.0
2019,_T,Total,Y56T60,56-60 years,5890.108,6,,,5890108000.0
2020,_T,Total,Y56T60,56-60 years,6135.396,6,,,6135396000.0
2021,_T,Total,Y56T60,56-60 years,6674.525,6,,,6674525000.0
2022,_T,Total,Y56T60,56-60 years,6800.0,6,,,6800000000.0
2023,_T,Total,Y56T60,56-60 years,6960.509,6,,,6960509000.0
2024,_T,Total,Y56T60,56-60 years,6971.475,6,,,6971475000.0
2011,1,Zürich,Y56T60,56-60 years,718.231,6,,,718231000.0
2012,1,Zürich,Y56T60,56-60 years,759.208,6,,,759208000.0
2013,1,Zürich,Y56T60,56-60 years,790.117,6,,,790117000.0
2014,1,Zürich,Y56T60,56-60 years,809.163,6,,,809163000.0
2015,1,Zürich,Y56T60,56-60 years,836.553,6,,,836553000.0
2016,1,Zürich,Y56T60,56-60 years,876.887,6,,,876887000.0
2017,1,Zürich,Y56T60,56-60 years,893.667,6,,,893667000.0
2018,1,Zürich,Y56T60,56-60 years,919.304,6,,,919304000.0
2019,1,Zürich,Y56T60,56-60 years,971.937,6,,,971937000.0
2020,1,Zürich,Y56T60,56-60 years,1003.678,6,,,1003678000.0
2021,1,Zürich,Y56T60,56-60 years,1113.164,6,,,1113164000.0
2022,1,Zürich,Y56T60,56-60 years,1120.896,6,,,1120896000.0
2023,1,Zürich,Y56T60,56-60 years,1151.015,6,,,1151015000.0
2024,1,Zürich,Y56T60,56-60 years,1165.864,6,,,1165864000.0
2011,2,Bern,Y56T60,56-60 years,562.857,6,,,562857000.0
2012,2,Bern,Y56T60,56-60 years,594.63,6,,,594630000.0
2013,2,Bern,Y56T60,56-60 years,622.4,6,,,622400000.0
2014,2,Bern,Y56T60,56-60 years,638.883,6,,,638883000.0
2015,2,Bern,Y56T60,56-60 years,674.478,6,,,674478000.0
2016,2,Bern,Y56T60,56-60 years,762.961,6,,,762961000.0
2017,2,Bern,Y56T60,56-60 years,685.585,6,,,685585000.0
2018,2,Bern,Y56T60,56-60 years,696.405,6,,,696405000.0
2019,2,Bern,Y56T60,56-60 years,723.525,6,,,723525000.0
2020,2,Bern,Y56T60,56-60 years,787.326,6,,,787326000.0
2021,2,Bern,Y56T60,56-60 years,813.864,6,,,813864000.0
2022,2,Bern,Y56T60,56-60 years,841.149,6,,,841149000.0
2023,2,Bern,Y56T60,56-60 years,929.642,6,,,929642000.0
2024,2,Bern,Y56T60,56-60 years,853.251,6,,,853251000.0
2011,3,Luzern,Y56T60,56-60 years,181.104,6,,,181104000.0
2012,3,Luzern,Y56T60,56-60 years,191.745,6,,,191745000.0
2013,3,Luzern,Y56T60,56-60 years,200.542,6,,,200542000.0
2014,3,Luzern,Y56T60,56-60 years,207.524,6,,,207524000.0
2015,3,Luzern,Y56T60,56-60 years,223.632,6,,,223632000.0
2016,3,Luzern,Y56T60,56-60 years,239.163,6,,,239163000.0
2017,3,Luzern,Y56T60,56-60 years,233.82,6,,,233820000.0
2018,3,Luzern,Y56T60,56-60 years,229.015,6,,,229015000.0
2019,3,Luzern,Y56T60,56-60 years,251.579,6,,,251579000.0
2020,3,Luzern,Y56T60,56-60 years,256.486,6,,,256486000.0
2021,3,Luzern,Y56T60,56-60 years,277.885,6,,,277885000.0
2022,3,Luzern,Y56T60,56-60 years,282.024,6,,,282024000.0
2023,3,Luzern,Y56T60,56-60 years,285.389,6,,,285389000.0
2024,3,Luzern,Y56T60,56-60 years,288.887,6,,,288887000.0
2011,4,Uri,Y56T60,56-60 years,16.21,6,,,16210000.0
2012,4,Uri,Y56T60,56-60 years,17.484,6,,,17484000.0
2013,4,Uri,Y56T60,56-60 years,17.821,6,,,17821000.0
2014,4,Uri,Y56T60,56-60 years,18.85,6,,,18850000.0
2015,4,Uri,Y56T60,56-60 years,18.178,6,,,18178000.0
2016,4,Uri,Y56T60,56-60 years,19.293,6,,,19293000.0
2017,4,Uri,Y56T60,56-60 years,18.655,6,,,18655000.0
2018,4,Uri,Y56T60,56-60 years,20.929,6,,,20929000.0
2019,4,Uri,Y56T60,56-60 years,20.599,6,,,20599000.0
2020,4,Uri,Y56T60,56-60 years,21.992,6,,,21992000.0
2021,4,Uri,Y56T60,56-60 years,24.002,6,,,24002000.0
2022,4,Uri,Y56T60,56-60 years,20.914,6,,,20914000.0
2023,4,Uri,Y56T60,56-60 years,22.218,6,,,22218000.0
2024,4,Uri,Y56T60,56-60 years,21.12,6,,,21120000.0
2011,5,Schwyz,Y56T60,56-60 years,70.152,6,,,70152000.0
2012,5,Schwyz,Y56T60,56-60 years,74.045,6,,,74045000.0
2013,5,Schwyz,Y56T60,56-60 years,79.198,6,,,79198000.0
2014,5,Schwyz,Y56T60,56-60 years,82.105,6,,,82105000.0
2015,5,Schwyz,Y56T60,56-60 years,85.627,6,,,85627000.0
2016,5,Schwyz,Y56T60,56-60 years,88.917,6,,,88917000.0
2017,5,Schwyz,Y56T60,56-60 years,90.88,6,,,90880000.0
2018,5,Schwyz,Y56T60,56-60 years,96.178,6,,,96178000.0
2019,5,Schwyz,Y56T60,56-60 years,104.912,6,,,104912000.0
2020,5,Schwyz,Y56T60,56-60 years,104.96,6,,,104960000.0
2021,5,Schwyz,Y56T60,56-60 years,123.795,6,,,123795000.0
2022,5,Schwyz,Y56T60,56-60 years,122.607,6,,,122607000.0
2023,5,Schwyz,Y56T60,56-60 years,128.457,6,,,128457000.0
2024,5,Schwyz,Y56T60,56-60 years,125.062,6,,,125062000.0
2011,6,Obwalden,Y56T60,56-60 years,17.088,6,,,17088000.0
2012,6,Obwalden,Y56T60,56-60 years,18.008,6,,,18008000.0
2013,6,Obwalden,Y56T60,56-60 years,19.024,6,,,19024000.0
2014,6,Obwalden,Y56T60,56-60 years,19.688,6,,,19688000.0
2015,6,Obwalden,Y56T60,56-60 years,20.407,6,,,20407000.0
2016,6,Obwalden,Y56T60,56-60 years,21.944,6,,,21944000.0
2017,6,Obwalden,Y56T60,56-60 years,22.587,6,,,22587000.0
2018,6,Obwalden,Y56T60,56-60 years,22.567,6,,,22567000.0
2019,6,Obwalden,Y56T60,56-60 years,22.996,6,,,22996000.0
2020,6,Obwalden,Y56T60,56-60 years,25.827,6,,,25827000.0
2021,6,Obwalden,Y56T60,56-60 years,27.865,6,,,27865000.0
2022,6,Obwalden,Y56T60,56-60 years,27.907,6,,,27907000.0
2023,6,Obwalden,Y56T60,56-60 years,26.506,6,,,26506000.0
2024,6,Obwalden,Y56T60,56-60 years,27.104,6,,,27104000.0
2011,7,Nidwalden,Y56T60,56-60 years,21.044,6,,,21044000.0
2012,7,Nidwalden,Y56T60,56-60 years,23.063,6,,,23063000.0
2013,7,Nidwalden,Y56T60,56-60 years,24.17,6,,,24170000.0
2014,7,Nidwalden,Y56T60,56-60 years,24.057,6,,,24057000.0
2015,7,Nidwalden,Y56T60,56-60 years,24.369,6,,,24369000.0
2016,7,Nidwalden,Y56T60,56-60 years,25.485,6,,,25485000.0
2017,7,Nidwalden,Y56T60,56-60 years,25.647,6,,,25647000.0
2018,7,Nidwalden,Y56T60,56-60 years,24.126,6,,,24126000.0
2019,7,Nidwalden,Y56T60,56-60 years,26.56,6,,,26560000.0
2020,7,Nidwalden,Y56T60,56-60 years,27.847,6,,,27847000.0
2021,7,Nidwalden,Y56T60,56-60 years,30.927,6,,,30927000.0
2022,7,Nidwalden,Y56T60,56-60 years,30.783,6,,,30783000.0
2023,7,Nidwalden,Y56T60,56-60 years,29.317,6,,,29317000.0
2024,7,Nidwalden,Y56T60,56-60 years,30.981,6,,,30981000.0
2011,8,Glarus,Y56T60,56-60 years,26.938,6,,,26938000.0
2012,8,Glarus,Y56T60,56-60 years,28.194,6,,,28194000.0
2013,8,Glarus,Y56T60,56-60 years,34.678,6,,,34678000.0
2014,8,Glarus,Y56T60,56-60 years,30.055,6,,,30055000.0
2015,8,Glarus,Y56T60,56-60 years,29.283,6,,,29283000.0
2016,8,Glarus,Y56T60,56-60 years,30.108,6,,,30108000.0
2017,8,Glarus,Y56T60,56-60 years,29.235,6,,,29235000.0
2018,8,Glarus,Y56T60,56-60 years,29.995,6,,,29995000.0
2019,8,Glarus,Y56T60,56-60 years,30.822,6,,,30822000.0
2020,8,Glarus,Y56T60,56-60 years,32.696,6,,,32695999.999999996
2021,8,Glarus,Y56T60,56-60 years,35.749,6,,,35749000.0
2022,8,Glarus,Y56T60,56-60 years,34.074,6,,,34074000.0
2023,8,Glarus,Y56T60,56-60 years,32.96,6,,,32960000.0
2024,8,Glarus,Y56T60,56-60 years,34.465,6,,,34465000.0
2011,9,Zug,Y56T60,56-60 years,50.22,6,,,50220000.0
2012,9,Zug,Y56T60,56-60 years,52.385,6,,,52385000.0
2013,9,Zug,Y56T60,56-60 years,55.739,6,,,55739000.0
2014,9,Zug,Y56T60,56-60 years,57.712,6,,,57712000.0
2015,9,Zug,Y56T60,56-60 years,64.261,6,,,64260999.99999999
2016,9,Zug,Y56T60,56-60 years,65.004,6,,,65004000.00000001
2017,9,Zug,Y56T60,56-60 years,66.587,6,,,66587000.0
2018,9,Zug,Y56T60,56-60 years,62.853,6,,,62853000.0
2019,9,Zug,Y56T60,56-60 years,70.619,6,,,70619000.0
2020,9,Zug,Y56T60,56-60 years,75.44,6,,,75440000.0
2021,9,Zug,Y56T60,56-60 years,84.166,6,,,84166000.0
2022,9,Zug,Y56T60,56-60 years,87.004,6,,,87004000.0
2023,9,Zug,Y56T60,56-60 years,87.887,6,,,87887000.0
2024,9,Zug,Y56T60,56-60 years,92.18,6,,,92180000.0
2011,10,Fribourg,Y56T60,56-60 years,154.299,6,,,154299000.0
2012,10,Fribourg,Y56T60,56-60 years,160.308,6,,,160308000.0
2013,10,Fribourg,Y56T60,56-60 years,169.01,6,,,169010000.0
2014,10,Fribourg,Y56T60,56-60 years,175.598,6,,,175598000.0
2015,10,Fribourg,Y56T60,56-60 years,182.694,6,,,182694000.0
2016,10,Fribourg,Y56T60,56-60 years,188.144,6,,,188144000.0
2017,10,Fribourg,Y56T60,56-60 years,191.5,6,,,191500000.0
2018,10,Fribourg,Y56T60,56-60 years,200.105,6,,,200105000.0
2019,10,Fribourg,Y56T60,56-60 years,210.938,6,,,210938000.0
2020,10,Fribourg,Y56T60,56-60 years,223.171,6,,,223171000.0
2021,10,Fribourg,Y56T60,56-60 years,242.123,6,,,242123000.0
2022,10,Fribourg,Y56T60,56-60 years,253.326,6,,,253326000.0
2023,10,Fribourg,Y56T60,56-60 years,252.699,6,,,252699000.0
2024,10,Fribourg,Y56T60,56-60 years,271.915,6,,,271915000.0
2011,11,Solothurn,Y56T60,56-60 years,151.141,6,,,151141000.0
2012,11,Solothurn,Y56T60,56-60 years,169.023,6,,,169023000.0
2013,11,Solothurn,Y56T60,56-60 years,172.902,6,,,172902000.0
2014,11,Solothurn,Y56T60,56-60 years,179.671,6,,,179671000.0
2015,11,Solothurn,Y56T60,56-60 years,183.873,6,,,183873000.0
2016,11,Solothurn,Y56T60,56-60 years,190.924,6,,,190924000.0
2017,11,Solothurn,Y56T60,56-60 years,189.644,6,,,189644000.0
2018,11,Solothurn,Y56T60,56-60 years,195.326,6,,,195326000.0
2019,11,Solothurn,Y56T60,56-60 years,210.069,6,,,210069000.0
2020,11,Solothurn,Y56T60,56-60 years,215.548,6,,,215548000.0
2021,11,Solothurn,Y56T60,56-60 years,236.903,6,,,236903000.0
2022,11,Solothurn,Y56T60,56-60 years,226.363,6,,,226363000.0
2023,11,Solothurn,Y56T60,56-60 years,222.725,6,,,222725000.0
2024,11,Solothurn,Y56T60,56-60 years,233.407,6,,,233407000.0
2011,12,Basel-Stadt,Y56T60,56-60 years,132.668,6,,,132668000.0
2012,12,Basel-Stadt,Y56T60,56-60 years,141.21,6,,,141210000.0
2013,12,Basel-Stadt,Y56T60,56-60 years,142.05,6,,,142050000.0
2014,12,Basel-Stadt,Y56T60,56-60 years,143.616,6,,,143616000.0
2015,12,Basel-Stadt,Y56T60,56-60 years,152.831,6,,,152831000.0
2016,12,Basel-Stadt,Y56T60,56-60 years,162.967,6,,,162967000.0
2017,12,Basel-Stadt,Y56T60,56-60 years,165.957,6,,,165957000.0
2018,12,Basel-Stadt,Y56T60,56-60 years,169.437,6,,,169437000.0
2019,12,Basel-Stadt,Y56T60,56-60 years,166.563,6,,,166563000.0
2020,12,Basel-Stadt,Y56T60,56-60 years,176.447,6,,,176447000.0
2021,12,Basel-Stadt,Y56T60,56-60 years,186.569,6,,,186569000.0
2022,12,Basel-Stadt,Y56T60,56-60 years,187.658,6,,,187658000.0
2023,12,Basel-Stadt,Y56T60,56-60 years,186.728,6,,,186728000.0
2024,12,Basel-Stadt,Y56T60,56-60 years,183.071,6,,,183071000.0
2011,13,Basel-Landschaft,Y56T60,56-60 years,162.675,6,,,162675000.0
2012,13,Basel-Landschaft,Y56T60,56-60 years,173.891,6,,,173891000.0
2013,13,Basel-Landschaft,Y56T60,56-60 years,180.982,6,,,180982000.0
2014,13,Basel-Landschaft,Y56T60,56-60 years,185.375,6,,,185375000.0
2015,13,Basel-Landschaft,Y56T60,56-60 years,196.827,6,,,196827000.0
2016,13,Basel-Landschaft,Y56T60,56-60 years,208.185,6,,,208185000.0
2017,13,Basel-Landschaft,Y56T60,56-60 years,209.121,6,,,209121000.0
2018,13,Basel-Landschaft,Y56T60,56-60 years,213.088,6,,,213088000.0
2019,13,Basel-Landschaft,Y56T60,56-60 years,231.709,6,,,231709000.0
2020,13,Basel-Landschaft,Y56T60,56-60 years,231.399,6,,,231399000.0
2021,13,Basel-Landschaft,Y56T60,56-60 years,258.73,6,,,258730000.00000003
2022,13,Basel-Landschaft,Y56T60,56-60 years,269.962,6,,,269962000.0
2023,13,Basel-Landschaft,Y56T60,56-60 years,274.795,6,,,274795000.0
2024,13,Basel-Landschaft,Y56T60,56-60 years,271.554,6,,,271554000.0
2011,14,Schaffhausen,Y56T60,56-60 years,50.105,6,,,50105000.0
2012,14,Schaffhausen,Y56T60,56-60 years,53.648,6,,,53648000.0
2013,14,Schaffhausen,Y56T60,56-60 years,53.554,6,,,53554000.0
2014,14,Schaffhausen,Y56T60,56-60 years,55.527,6,,,55527000.0
2015,14,Schaffhausen,Y56T60,56-60 years,56.37,6,,,56370000.0
2016,14,Schaffhausen,Y56T60,56-60 years,59.15,6,,,59150000.0
2017,14,Schaffhausen,Y56T60,56-60 years,60.316,6,,,60316000.0
2018,14,Schaffhausen,Y56T60,56-60 years,63.801,6,,,63801000.0
2019,14,Schaffhausen,Y56T60,56-60 years,62.589,6,,,62589000.0
2020,14,Schaffhausen,Y56T60,56-60 years,63.974,6,,,63974000.0
2021,14,Schaffhausen,Y56T60,56-60 years,68.815,6,,,68815000.0
2022,14,Schaffhausen,Y56T60,56-60 years,66.391,6,,,66391000.00000001
2023,14,Schaffhausen,Y56T60,56-60 years,66.215,6,,,66215000.0
2024,14,Schaffhausen,Y56T60,56-60 years,64.413,6,,,64413000.0
2011,15,Appenzell Ausserrhoden,Y56T60,56-60 years,26.099,6,,,26099000.0
2012,15,Appenzell Ausserrhoden,Y56T60,56-60 years,28.784,6,,,28784000.0
2013,15,Appenzell Ausserrhoden,Y56T60,56-60 years,29.566,6,,,29566000.0
2014,15,Appenzell Ausserrhoden,Y56T60,56-60 years,30.966,6,,,30966000.0
2015,15,Appenzell Ausserrhoden,Y56T60,56-60 years,34.084,6,,,34084000.0
2016,15,Appenzell Ausserrhoden,Y56T60,56-60 years,36.341,6,,,36341000.0
2017,15,Appenzell Ausserrhoden,Y56T60,56-60 years,35.762,6,,,35762000.0
2018,15,Appenzell Ausserrhoden,Y56T60,56-60 years,35.901,6,,,35901000.0
2019,15,Appenzell Ausserrhoden,Y56T60,56-60 years,38.827,6,,,38827000.0
2020,15,Appenzell Ausserrhoden,Y56T60,56-60 years,39.833,6,,,39833000.0
2021,15,Appenzell Ausserrhoden,Y56T60,56-60 years,42.14,6,,,42140000.0
2022,15,Appenzell Ausserrhoden,Y56T60,56-60 years,45.752,6,,,45752000.0
2023,15,Appenzell Ausserrhoden,Y56T60,56-60 years,43.469,6,,,43469000.0
2024,15,Appenzell Ausserrhoden,Y56T60,56-60 years,40.576,6,,,40576000.0
2011,16,Appenzell Innerrhoden,Y56T60,56-60 years,5.919,6,,,5919000.0
2012,16,Appenzell Innerrhoden,Y56T60,56-60 years,6.668,6,,,6668000.0
2013,16,Appenzell Innerrhoden,Y56T60,56-60 years,6.88,6,,,6880000.0
2014,16,Appenzell Innerrhoden,Y56T60,56-60 years,7.36,6,,,7360000.0
2015,16,Appenzell Innerrhoden,Y56T60,56-60 years,7.594,6,,,7594000.0
2016,16,Appenzell Innerrhoden,Y56T60,56-60 years,8.187,6,,,8186999.999999999
2017,16,Appenzell Innerrhoden,Y56T60,56-60 years,7.989,6,,,7989000.0
2018,16,Appenzell Innerrhoden,Y56T60,56-60 years,10.253,6,,,10253000.0
2019,16,Appenzell Innerrhoden,Y56T60,56-60 years,9.283,6,,,9283000.0
2020,16,Appenzell Innerrhoden,Y56T60,56-60 years,8.539,6,,,8539000.0
2021,16,Appenzell Innerrhoden,Y56T60,56-60 years,8.675,6,,,8675000.0
2022,16,Appenzell Innerrhoden,Y56T60,56-60 years,9.992,6,,,9992000.0
2023,16,Appenzell Innerrhoden,Y56T60,56-60 years,10.364,6,,,10364000.0
2024,16,Appenzell Innerrhoden,Y56T60,56-60 years,9.944,6,,,9944000.0
2011,17,St. Gallen,Y56T60,56-60 years,240.391,6,,,240391000.0
2012,17,St. Gallen,Y56T60,56-60 years,260.227,6,,,260226999.99999997
2013,17,St. Gallen,Y56T60,56-60 years,275.705,6,,,275705000.0
2014,17,St. Gallen,Y56T60,56-60 years,284.82,6,,,284820000.0
2015,17,St. Gallen,Y56T60,56-60 years,302.17,6,,,302170000.0
2016,17,St. Gallen,Y56T60,56-60 years,308.465,6,,,308465000.0
2017,17,St. Gallen,Y56T60,56-60 years,309.586,6,,,309586000.0
2018,17,St. Gallen,Y56T60,56-60 years,321.923,6,,,321923000.0
2019,17,St. Gallen,Y56T60,56-60 years,348.03,6,,,348030000.0
2020,17,St. Gallen,Y56T60,56-60 years,336.233,6,,,336233000.0
2021,17,St. Gallen,Y56T60,56-60 years,364.697,6,,,364697000.0
2022,17,St. Gallen,Y56T60,56-60 years,367.24,6,,,367240000.0
2023,17,St. Gallen,Y56T60,56-60 years,369.686,6,,,369686000.0
2024,17,St. Gallen,Y56T60,56-60 years,365.016,6,,,365016000.0
2011,18,Graubünden,Y56T60,56-60 years,105.782,6,,,105782000.0
2012,18,Graubünden,Y56T60,56-60 years,108.281,6,,,108281000.0
2013,18,Graubünden,Y56T60,56-60 years,116.863,6,,,116863000.0
2014,18,Graubünden,Y56T60,56-60 years,121.338,6,,,121338000.0
2015,18,Graubünden,Y56T60,56-60 years,126.484,6,,,126484000.0
2016,18,Graubünden,Y56T60,56-60 years,130.43,6,,,130430000.0
2017,18,Graubünden,Y56T60,56-60 years,131.251,6,,,131251000.0
2018,18,Graubünden,Y56T60,56-60 years,135.43,6,,,135430000.0
2019,18,Graubünden,Y56T60,56-60 years,139.812,6,,,139812000.0
2020,18,Graubünden,Y56T60,56-60 years,143.66,6,,,143660000.0
2021,18,Graubünden,Y56T60,56-60 years,172.781,6,,,172781000.0
2022,18,Graubünden,Y56T60,56-60 years,163.876,6,,,163876000.0
2023,18,Graubünden,Y56T60,56-60 years,159.014,6,,,159014000.0
2024,18,Graubünden,Y56T60,56-60 years,156.393,6,,,156393000.0
2011,19,Aargau,Y56T60,56-60 years,370.391,6,,,370391000.0
2012,19,Aargau,Y56T60,56-60 years,379.436,6,,,379436000.0
2013,19,Aargau,Y56T60,56-60 years,398.055,6,,,398055000.0
2014,19,Aargau,Y56T60,56-60 years,420.235,6,,,420235000.0
2015,19,Aargau,Y56T60,56-60 years,408.93,6,,,408930000.0
2016,19,Aargau,Y56T60,56-60 years,421.407,6,,,421407000.0
2017,19,Aargau,Y56T60,56-60 years,425.473,6,,,425473000.0
2018,19,Aargau,Y56T60,56-60 years,437.015,6,,,437015000.0
2019,19,Aargau,Y56T60,56-60 years,452.513,6,,,452513000.0
2020,19,Aargau,Y56T60,56-60 years,483.574,6,,,483574000.0
2021,19,Aargau,Y56T60,56-60 years,526.094,6,,,526094000.00000006
2022,19,Aargau,Y56T60,56-60 years,547.555,6,,,547555000.0
2023,19,Aargau,Y56T60,56-60 years,565.951,6,,,565951000.0
2024,19,Aargau,Y56T60,56-60 years,599.604,6,,,599604000.0
2011,20,Thurgau,Y56T60,56-60 years,138.621,6,,,138621000.0
2012,20,Thurgau,Y56T60,56-60 years,143.943,6,,,143943000.0
2013,20,Thurgau,Y56T60,56-60 years,148.049,6,,,148049000.0
2014,20,Thurgau,Y56T60,56-60 years,153.068,6,,,153068000.0
2015,20,Thurgau,Y56T60,56-60 years,160.739,6,,,160739000.0
2016,20,Thurgau,Y56T60,56-60 years,169.653,6,,,169653000.0
2017,20,Thurgau,Y56T60,56-60 years,170.23,6,,,170230000.0
2018,20,Thurgau,Y56T60,56-60 years,176.808,6,,,176808000.0
2019,20,Thurgau,Y56T60,56-60 years,189.642,6,,,189642000.0
2020,20,Thurgau,Y56T60,56-60 years,193.516,6,,,193516000.0
2021,20,Thurgau,Y56T60,56-60 years,214.727,6,,,214727000.0
2022,20,Thurgau,Y56T60,56-60 years,222.11,6,,,222110000.0
2023,20,Thurgau,Y56T60,56-60 years,220.373,6,,,220373000.0
2024,20,Thurgau,Y56T60,56-60 years,219.854,6,,,219854000.0
2011,21,Ticino,Y56T60,56-60 years,182.866,6,,,182866000.0
2012,21,Ticino,Y56T60,56-60 years,191.13,6,,,191130000.0
2013,21,Ticino,Y56T60,56-60 years,200.746,6,,,200746000.0
2014,21,Ticino,Y56T60,56-60 years,209.45,6,,,209450000.0
2015,21,Ticino,Y56T60,56-60 years,224.293,6,,,224293000.0
2016,21,Ticino,Y56T60,56-60 years,232.765,6,,,232765000.0
2017,21,Ticino,Y56T60,56-60 years,236.057,6,,,236057000.0
2018,21,Ticino,Y56T60,56-60 years,243.96,6,,,243960000.0
2019,21,Ticino,Y56T60,56-60 years,263.413,6,,,263413000.0
2020,21,Ticino,Y56T60,56-60 years,282.478,6,,,282478000.0
2021,21,Ticino,Y56T60,56-60 years,304.411,6,,,304411000.0
2022,21,Ticino,Y56T60,56-60 years,327.6,6,,,327600000.0
2023,21,Ticino,Y56T60,56-60 years,333.545,6,,,333545000.0
2024,21,Ticino,Y56T60,56-60 years,334.762,6,,,334762000.0
2011,22,Vaud,Y56T60,56-60 years,405.712,6,,,405712000.0
2012,22,Vaud,Y56T60,56-60 years,424.905,6,,,424905000.0
2013,22,Vaud,Y56T60,56-60 years,439.497,6,,,439497000.0
2014,22,Vaud,Y56T60,56-60 years,457.501,6,,,457501000.0
2015,22,Vaud,Y56T60,56-60 years,475.572,6,,,475572000.0
2016,22,Vaud,Y56T60,56-60 years,500.59,6,,,500590000.0
2017,22,Vaud,Y56T60,56-60 years,514.251,6,,,514251000.0
2018,22,Vaud,Y56T60,56-60 years,527.265,6,,,527265000.0
2019,22,Vaud,Y56T60,56-60 years,560.672,6,,,560672000.0
2020,22,Vaud,Y56T60,56-60 years,578.122,6,,,578122000.0
2021,22,Vaud,Y56T60,56-60 years,634.191,6,,,634191000.0
2022,22,Vaud,Y56T60,56-60 years,640.796,6,,,640796000.0
2023,22,Vaud,Y56T60,56-60 years,647.05,6,,,647050000.0
2024,22,Vaud,Y56T60,56-60 years,680.19,6,,,680190000.0
2011,23,Valais,Y56T60,56-60 years,168.832,6,,,168832000.0
2012,23,Valais,Y56T60,56-60 years,176.147,6,,,176147000.0
2013,23,Valais,Y56T60,56-60 years,186.87,6,,,186870000.0
2014,23,Valais,Y56T60,56-60 years,205.739,6,,,205739000.0
2015,23,Valais,Y56T60,56-60 years,209.812,6,,,209812000.0
2016,23,Valais,Y56T60,56-60 years,219.646,6,,,219646000.0
2017,23,Valais,Y56T60,56-60 years,231.118,6,,,231118000.0
2018,23,Valais,Y56T60,56-60 years,224.326,6,,,224326000.0
2019,23,Valais,Y56T60,56-60 years,238.428,6,,,238428000.0
2020,23,Valais,Y56T60,56-60 years,246.664,6,,,246664000.0
2021,23,Valais,Y56T60,56-60 years,253.222,6,,,253222000.0
2022,23,Valais,Y56T60,56-60 years,266.463,6,,,266463000.00000003
2023,23,Valais,Y56T60,56-60 years,267.755,6,,,267755000.0
2024,23,Valais,Y56T60,56-60 years,237.012,6,,,237012000.0
2011,24,Neuchâtel,Y56T60,56-60 years,95.387,6,,,95387000.0
2012,24,Neuchâtel,Y56T60,56-60 years,98.491,6,,,98491000.0
2013,24,Neuchâtel,Y56T60,56-60 years,104.294,6,,,104294000.0
2014,24,Neuchâtel,Y56T60,56-60 years,106.019,6,,,106019000.0
2015,24,Neuchâtel,Y56T60,56-60 years,110.622,6,,,110622000.0
2016,24,Neuchâtel,Y56T60,56-60 years,118.161,6,,,118161000.0
2017,24,Neuchâtel,Y56T60,56-60 years,118.485,6,,,118485000.0
2018,24,Neuchâtel,Y56T60,56-60 years,118.601,6,,,118601000.0
2019,24,Neuchâtel,Y56T60,56-60 years,124.525,6,,,124525000.0
2020,24,Neuchâtel,Y56T60,56-60 years,131.446,6,,,131446000.0
2021,24,Neuchâtel,Y56T60,56-60 years,144.6,6,,,144600000.0
2022,24,Neuchâtel,Y56T60,56-60 years,150.486,6,,,150486000.0
2023,24,Neuchâtel,Y56T60,56-60 years,150.691,6,,,150691000.0
2024,24,Neuchâtel,Y56T60,56-60 years,161.23,6,,,161230000.0
2011,25,Genève,Y56T60,56-60 years,259.501,6,,,259500999.99999997
2012,25,Genève,Y56T60,56-60 years,272.354,6,,,272354000.0
2013,25,Genève,Y56T60,56-60 years,287.24,6,,,287240000.0
2014,25,Genève,Y56T60,56-60 years,292.785,6,,,292785000.0
2015,25,Genève,Y56T60,56-60 years,313.855,6,,,313855000.0
2016,25,Genève,Y56T60,56-60 years,323.09,6,,,323090000.0
2017,25,Genève,Y56T60,56-60 years,331.252,6,,,331252000.0
2018,25,Genève,Y56T60,56-60 years,343.381,6,,,343381000.0
2019,25,Genève,Y56T60,56-60 years,362.557,6,,,362557000.0
2020,25,Genève,Y56T60,56-60 years,383.528,6,,,383528000.0
2021,25,Genève,Y56T60,56-60 years,420.777,6,,,420777000.0
2022,25,Genève,Y56T60,56-60 years,426.258,6,,,426258000.0
2023,25,Genève,Y56T60,56-60 years,435.871,6,,,435871000.0
2024,25,Genève,Y56T60,56-60 years,443.346,6,,,443346000.0
2011,26,Jura,Y56T60,56-60 years,42.413,6,,,42413000.0
2012,26,Jura,Y56T60,56-60 years,44.516,6,,,44516000.0
2013,26,Jura,Y56T60,56-60 years,45.952,6,,,45952000.0
2014,26,Jura,Y56T60,56-60 years,46.911,6,,,46911000.0
2015,26,Jura,Y56T60,56-60 years,48.496,6,,,48496000.0
2016,26,Jura,Y56T60,56-60 years,51.355,6,,,51355000.0
2017,26,Jura,Y56T60,56-60 years,52.145,6,,,52145000.0
2018,26,Jura,Y56T60,56-60 years,54.619,6,,,54619000.0
2019,26,Jura,Y56T60,56-60 years,56.988,6,,,56988000.0
2020,26,Jura,Y56T60,56-60 years,61.014,6,,,61014000.0
2021,26,Jura,Y56T60,56-60 years,63.651,6,,,63651000.0
2022,26,Jura,Y56T60,56-60 years,60.814,6,,,60814000.0
2023,26,Jura,Y56T60,56-60 years,60.186,6,,,60186000.0
2024,26,Jura,Y56T60,56-60 years,60.273,6,,,60273000.0
2011,_T,Total,Y61T65,61-65 years,4730.621,6,,,4730621000.0
2012,_T,Total,Y61T65,61-65 years,4887.768,6,,,4887768000.0
2013,_T,Total,Y61T65,61-65 years,5016.718,6,,,5016718000.0
2014,_T,Total,Y61T65,61-65 years,5099.834,6,,,5099834000.0
2015,_T,Total,Y61T65,61-65 years,5209.025,6,,,5209025000.0
2016,_T,Total,Y61T65,61-65 years,5398.54,6,,,5398540000.0
2017,_T,Total,Y61T65,61-65 years,5550.238,6,,,5550238000.0
2018,_T,Total,Y61T65,61-65 years,5660.264,6,,,5660264000.0
2019,_T,Total,Y61T65,61-65 years,5841.942,6,,,5841942000.0
2020,_T,Total,Y61T65,61-65 years,6106.94,6,,,6106940000.0
2021,_T,Total,Y61T65,61-65 years,6593.3,6,,,6593300000.0
2022,_T,Total,Y61T65,61-65 years,6840.869,6,,,6840869000.0
2023,_T,Total,Y61T65,61-65 years,7089.818,6,,,7089818000.0
2024,_T,Total,Y61T65,61-65 years,7510.187,6,,,7510187000.0
2011,1,Zürich,Y61T65,61-65 years,784.689,6,,,784689000.0
2012,1,Zürich,Y61T65,61-65 years,814.607,6,,,814607000.0
2013,1,Zürich,Y61T65,61-65 years,840.816,6,,,840816000.0
2014,1,Zürich,Y61T65,61-65 years,851.476,6,,,851476000.0
2015,1,Zürich,Y61T65,61-65 years,870.671,6,,,870671000.0
2016,1,Zürich,Y61T65,61-65 years,902.856,6,,,902856000.0
2017,1,Zürich,Y61T65,61-65 years,911.004,6,,,911004000.0
2018,1,Zürich,Y61T65,61-65 years,926.405,6,,,926405000.0
2019,1,Zürich,Y61T65,61-65 years,947.888,6,,,947888000.0
2020,1,Zürich,Y61T65,61-65 years,973.705,6,,,973705000.0
2021,1,Zürich,Y61T65,61-65 years,1039.506,6,,,1039506000.0000001
2022,1,Zürich,Y61T65,61-65 years,1092.563,6,,,1092563000.0
2023,1,Zürich,Y61T65,61-65 years,1131.184,6,,,1131184000.0
2024,1,Zürich,Y61T65,61-65 years,1194.421,6,,,1194421000.0
2011,2,Bern,Y61T65,61-65 years,630.37,6,,,630370000.0
2012,2,Bern,Y61T65,61-65 years,649.436,6,,,649436000.0
2013,2,Bern,Y61T65,61-65 years,664.87,6,,,664870000.0
2014,2,Bern,Y61T65,61-65 years,678.003,6,,,678003000.0
2015,2,Bern,Y61T65,61-65 years,691.642,6,,,691642000.0
2016,2,Bern,Y61T65,61-65 years,729.603,6,,,729603000.0
2017,2,Bern,Y61T65,61-65 years,782.476,6,,,782476000.0
2018,2,Bern,Y61T65,61-65 years,763.084,6,,,763084000.0
2019,2,Bern,Y61T65,61-65 years,746.093,6,,,746093000.0
2020,2,Bern,Y61T65,61-65 years,778.782,6,,,778782000.0
2021,2,Bern,Y61T65,61-65 years,850.582,6,,,850582000.0
2022,2,Bern,Y61T65,61-65 years,871.406,6,,,871406000.0
2023,2,Bern,Y61T65,61-65 years,961.41,6,,,961410000.0
2024,2,Bern,Y61T65,61-65 years,1125.223,6,,,1125223000.0
2011,3,Luzern,Y61T65,61-65 years,185.204,6,,,185204000.0
2012,3,Luzern,Y61T65,61-65 years,196.255,6,,,196255000.0
2013,3,Luzern,Y61T65,61-65 years,201.454,6,,,201454000.0
2014,3,Luzern,Y61T65,61-65 years,205.031,6,,,205031000.0
2015,3,Luzern,Y61T65,61-65 years,208.196,6,,,208196000.0
2016,3,Luzern,Y61T65,61-65 years,219.68,6,,,219680000.0
2017,3,Luzern,Y61T65,61-65 years,234.072,6,,,234072000.0
2018,3,Luzern,Y61T65,61-65 years,229.125,6,,,229125000.0
2019,3,Luzern,Y61T65,61-65 years,253.746,6,,,253746000.0
2020,3,Luzern,Y61T65,61-65 years,257.668,6,,,257668000.0
2021,3,Luzern,Y61T65,61-65 years,277.019,6,,,277019000.0
2022,3,Luzern,Y61T65,61-65 years,292.485,6,,,292485000.0
2023,3,Luzern,Y61T65,61-65 years,299.839,6,,,299839000.0
2024,3,Luzern,Y61T65,61-65 years,305.912,6,,,305912000.0
2011,4,Uri,Y61T65,61-65 years,19.327,6,,,19327000.0
2012,4,Uri,Y61T65,61-65 years,19.655,6,,,19655000.0
2013,4,Uri,Y61T65,61-65 years,19.074,6,,,19074000.0
2014,4,Uri,Y61T65,61-65 years,19.079,6,,,19079000.0
2015,4,Uri,Y61T65,61-65 years,19.008,6,,,19008000.0
2016,4,Uri,Y61T65,61-65 years,19.468,6,,,19468000.0
2017,4,Uri,Y61T65,61-65 years,20.168,6,,,20168000.0
2018,4,Uri,Y61T65,61-65 years,19.597,6,,,19597000.0
2019,4,Uri,Y61T65,61-65 years,22.281,6,,,22281000.0
2020,4,Uri,Y61T65,61-65 years,21.82,6,,,21820000.0
2021,4,Uri,Y61T65,61-65 years,25.716,6,,,25716000.0
2022,4,Uri,Y61T65,61-65 years,23.639,6,,,23639000.0
2023,4,Uri,Y61T65,61-65 years,25.38,6,,,25380000.0
2024,4,Uri,Y61T65,61-65 years,24.925,6,,,24925000.0
2011,5,Schwyz,Y61T65,61-65 years,79.557,6,,,79557000.0
2012,5,Schwyz,Y61T65,61-65 years,85.563,6,,,85563000.0
2013,5,Schwyz,Y61T65,61-65 years,83.12,6,,,83120000.0
2014,5,Schwyz,Y61T65,61-65 years,83.787,6,,,83787000.0
2015,5,Schwyz,Y61T65,61-65 years,86.657,6,,,86657000.0
2016,5,Schwyz,Y61T65,61-65 years,90.212,6,,,90212000.0
2017,5,Schwyz,Y61T65,61-65 years,92.707,6,,,92707000.0
2018,5,Schwyz,Y61T65,61-65 years,106.532,6,,,106532000.0
2019,5,Schwyz,Y61T65,61-65 years,105.331,6,,,105331000.0
2020,5,Schwyz,Y61T65,61-65 years,105.906,6,,,105906000.0
2021,5,Schwyz,Y61T65,61-65 years,116.242,6,,,116242000.0
2022,5,Schwyz,Y61T65,61-65 years,124.521,6,,,124521000.0
2023,5,Schwyz,Y61T65,61-65 years,124.874,6,,,124874000.0
2024,5,Schwyz,Y61T65,61-65 years,123.728,6,,,123728000.0
2011,6,Obwalden,Y61T65,61-65 years,19.406,6,,,19406000.0
2012,6,Obwalden,Y61T65,61-65 years,20.53,6,,,20530000.0
2013,6,Obwalden,Y61T65,61-65 years,21.184,6,,,21184000.0
2014,6,Obwalden,Y61T65,61-65 years,21.255,6,,,21255000.0
2015,6,Obwalden,Y61T65,61-65 years,21.675,6,,,21675000.0
2016,6,Obwalden,Y61T65,61-65 years,22.378,6,,,22378000.0
2017,6,Obwalden,Y61T65,61-65 years,23.343,6,,,23343000.0
2018,6,Obwalden,Y61T65,61-65 years,24.082,6,,,24082000.0
2019,6,Obwalden,Y61T65,61-65 years,24.04,6,,,24040000.0
2020,6,Obwalden,Y61T65,61-65 years,23.159,6,,,23159000.0
2021,6,Obwalden,Y61T65,61-65 years,26.134,6,,,26134000.0
2022,6,Obwalden,Y61T65,61-65 years,28.244,6,,,28244000.0
2023,6,Obwalden,Y61T65,61-65 years,29.189,6,,,29189000.0
2024,6,Obwalden,Y61T65,61-65 years,30.11,6,,,30110000.0
2011,7,Nidwalden,Y61T65,61-65 years,20.524,6,,,20524000.0
2012,7,Nidwalden,Y61T65,61-65 years,21.694,6,,,21694000.0
2013,7,Nidwalden,Y61T65,61-65 years,22.5,6,,,22500000.0
2014,7,Nidwalden,Y61T65,61-65 years,23.427,6,,,23427000.0
2015,7,Nidwalden,Y61T65,61-65 years,24.322,6,,,24322000.0
2016,7,Nidwalden,Y61T65,61-65 years,24.203,6,,,24203000.0
2017,7,Nidwalden,Y61T65,61-65 years,24.934,6,,,24934000.0
2018,7,Nidwalden,Y61T65,61-65 years,26.607,6,,,26607000.0
2019,7,Nidwalden,Y61T65,61-65 years,29.308,6,,,29308000.0
2020,7,Nidwalden,Y61T65,61-65 years,29.726,6,,,29726000.0
2021,7,Nidwalden,Y61T65,61-65 years,32.128,6,,,32128000.0
2022,7,Nidwalden,Y61T65,61-65 years,30.969,6,,,30969000.0
2023,7,Nidwalden,Y61T65,61-65 years,33.347,6,,,33347000.0
2024,7,Nidwalden,Y61T65,61-65 years,37.822,6,,,37822000.0
2011,8,Glarus,Y61T65,61-65 years,22.537,6,,,22537000.0
2012,8,Glarus,Y61T65,61-65 years,25.244,6,,,25244000.0
2013,8,Glarus,Y61T65,61-65 years,25.559,6,,,25559000.0
2014,8,Glarus,Y61T65,61-65 years,28.631,6,,,28631000.0
2015,8,Glarus,Y61T65,61-65 years,26.117,6,,,26117000.0
2016,8,Glarus,Y61T65,61-65 years,27.118,6,,,27118000.0
2017,8,Glarus,Y61T65,61-65 years,27.456,6,,,27456000.0
2018,8,Glarus,Y61T65,61-65 years,26.394,6,,,26394000.0
2019,8,Glarus,Y61T65,61-65 years,44.514,6,,,44514000.0
2020,8,Glarus,Y61T65,61-65 years,29.446,6,,,29446000.0
2021,8,Glarus,Y61T65,61-65 years,30.877,6,,,30877000.0
2022,8,Glarus,Y61T65,61-65 years,35.808,6,,,35808000.0
2023,8,Glarus,Y61T65,61-65 years,39.462,6,,,39462000.0
2024,8,Glarus,Y61T65,61-65 years,45.899,6,,,45899000.0
2011,9,Zug,Y61T65,61-65 years,49.621,6,,,49621000.0
2012,9,Zug,Y61T65,61-65 years,52.265,6,,,52265000.0
2013,9,Zug,Y61T65,61-65 years,53.813,6,,,53813000.0
2014,9,Zug,Y61T65,61-65 years,55.323,6,,,55323000.0
2015,9,Zug,Y61T65,61-65 years,56.189,6,,,56189000.0
2016,9,Zug,Y61T65,61-65 years,58.8,6,,,58800000.0
2017,9,Zug,Y61T65,61-65 years,61.59,6,,,61590000.0
2018,9,Zug,Y61T65,61-65 years,59.373,6,,,59373000.0
2019,9,Zug,Y61T65,61-65 years,65.161,6,,,65161000.0
2020,9,Zug,Y61T65,61-65 years,70.737,6,,,70737000.0
2021,9,Zug,Y61T65,61-65 years,74.537,6,,,74537000.0
2022,9,Zug,Y61T65,61-65 years,85.559,6,,,85559000.0
2023,9,Zug,Y61T65,61-65 years,85.583,6,,,85583000.0
2024,9,Zug,Y61T65,61-65 years,95.773,6,,,95773000.0
2011,10,Fribourg,Y61T65,61-65 years,164.03,6,,,164030000.0
2012,10,Fribourg,Y61T65,61-65 years,168.735,6,,,168735000.0
2013,10,Fribourg,Y61T65,61-65 years,176.036,6,,,176036000.0
2014,10,Fribourg,Y61T65,61-65 years,175.075,6,,,175075000.0
2015,10,Fribourg,Y61T65,61-65 years,179.792,6,,,179792000.0
2016,10,Fribourg,Y61T65,61-65 years,184.048,6,,,184048000.0
2017,10,Fribourg,Y61T65,61-65 years,188.22,6,,,188220000.0
2018,10,Fribourg,Y61T65,61-65 years,195.977,6,,,195977000.0
2019,10,Fribourg,Y61T65,61-65 years,207.205,6,,,207205000.0
2020,10,Fribourg,Y61T65,61-65 years,221.592,6,,,221592000.0
2021,10,Fribourg,Y61T65,61-65 years,238.66,6,,,238660000.0
2022,10,Fribourg,Y61T65,61-65 years,252.15,6,,,252150000.0
2023,10,Fribourg,Y61T65,61-65 years,252.775,6,,,252775000.0
2024,10,Fribourg,Y61T65,61-65 years,271.846,6,,,271846000.0
2011,11,Solothurn,Y61T65,61-65 years,152.404,6,,,152404000.0
2012,11,Solothurn,Y61T65,61-65 years,162.334,6,,,162334000.0
2013,11,Solothurn,Y61T65,61-65 years,169.358,6,,,169358000.0
2014,11,Solothurn,Y61T65,61-65 years,173.941,6,,,173941000.0
2015,11,Solothurn,Y61T65,61-65 years,177.428,6,,,177428000.0
2016,11,Solothurn,Y61T65,61-65 years,183.185,6,,,183185000.0
2017,11,Solothurn,Y61T65,61-65 years,188.235,6,,,188235000.0
2018,11,Solothurn,Y61T65,61-65 years,195.147,6,,,195147000.0
2019,11,Solothurn,Y61T65,61-65 years,200.92,6,,,200920000.0
2020,11,Solothurn,Y61T65,61-65 years,210.961,6,,,210961000.0
2021,11,Solothurn,Y61T65,61-65 years,236.563,6,,,236563000.0
2022,11,Solothurn,Y61T65,61-65 years,245.183,6,,,245183000.0
2023,11,Solothurn,Y61T65,61-65 years,267.365,6,,,267365000.0
2024,11,Solothurn,Y61T65,61-65 years,268.35,6,,,268350000.00000003
2011,12,Basel-Stadt,Y61T65,61-65 years,150.342,6,,,150342000.0
2012,12,Basel-Stadt,Y61T65,61-65 years,153.474,6,,,153474000.0
2013,12,Basel-Stadt,Y61T65,61-65 years,155.254,6,,,155254000.0
2014,12,Basel-Stadt,Y61T65,61-65 years,155.597,6,,,155597000.0
2015,12,Basel-Stadt,Y61T65,61-65 years,159.521,6,,,159521000.0
2016,12,Basel-Stadt,Y61T65,61-65 years,164.225,6,,,164225000.0
2017,12,Basel-Stadt,Y61T65,61-65 years,166.547,6,,,166547000.0
2018,12,Basel-Stadt,Y61T65,61-65 years,165.05,6,,,165050000.0
2019,12,Basel-Stadt,Y61T65,61-65 years,167.206,6,,,167206000.0
2020,12,Basel-Stadt,Y61T65,61-65 years,174.273,6,,,174273000.0
2021,12,Basel-Stadt,Y61T65,61-65 years,191.626,6,,,191626000.0
2022,12,Basel-Stadt,Y61T65,61-65 years,195.077,6,,,195077000.0
2023,12,Basel-Stadt,Y61T65,61-65 years,193.775,6,,,193775000.0
2024,12,Basel-Stadt,Y61T65,61-65 years,199.938,6,,,199938000.0
2011,13,Basel-Landschaft,Y61T65,61-65 years,179.306,6,,,179306000.0
2012,13,Basel-Landschaft,Y61T65,61-65 years,184.157,6,,,184157000.0
2013,13,Basel-Landschaft,Y61T65,61-65 years,188.196,6,,,188196000.0
2014,13,Basel-Landschaft,Y61T65,61-65 years,188.305,6,,,188305000.0
2015,13,Basel-Landschaft,Y61T65,61-65 years,193.324,6,,,193324000.0
2016,13,Basel-Landschaft,Y61T65,61-65 years,196.538,6,,,196538000.0
2017,13,Basel-Landschaft,Y61T65,61-65 years,200.421,6,,,200421000.0
2018,13,Basel-Landschaft,Y61T65,61-65 years,210.779,6,,,210779000.0
2019,13,Basel-Landschaft,Y61T65,61-65 years,224.269,6,,,224269000.0
2020,13,Basel-Landschaft,Y61T65,61-65 years,228.514,6,,,228514000.0
2021,13,Basel-Landschaft,Y61T65,61-65 years,246.932,6,,,246932000.0
2022,13,Basel-Landschaft,Y61T65,61-65 years,261.726,6,,,261726000.0
2023,13,Basel-Landschaft,Y61T65,61-65 years,255.123,6,,,255123000.0
2024,13,Basel-Landschaft,Y61T65,61-65 years,267.3,6,,,267300000.0
2011,14,Schaffhausen,Y61T65,61-65 years,52.941,6,,,52941000.0
2012,14,Schaffhausen,Y61T65,61-65 years,50.119,6,,,50119000.0
2013,14,Schaffhausen,Y61T65,61-65 years,53.199,6,,,53199000.0
2014,14,Schaffhausen,Y61T65,61-65 years,54.433,6,,,54433000.0
2015,14,Schaffhausen,Y61T65,61-65 years,57.308,6,,,57308000.0
2016,14,Schaffhausen,Y61T65,61-65 years,60.154,6,,,60154000.0
2017,14,Schaffhausen,Y61T65,61-65 years,61.618,6,,,61618000.0
2018,14,Schaffhausen,Y61T65,61-65 years,58.008,6,,,58008000.0
2019,14,Schaffhausen,Y61T65,61-65 years,56.294,6,,,56294000.0
2020,14,Schaffhausen,Y61T65,61-65 years,62.041,6,,,62041000.0
2021,14,Schaffhausen,Y61T65,61-65 years,68.5,6,,,68500000.0
2022,14,Schaffhausen,Y61T65,61-65 years,67.876,6,,,67876000.0
2023,14,Schaffhausen,Y61T65,61-65 years,67.23,6,,,67230000.0
2024,14,Schaffhausen,Y61T65,61-65 years,67.814,6,,,67814000.0
2011,15,Appenzell Ausserrhoden,Y61T65,61-65 years,30.321,6,,,30321000.0
2012,15,Appenzell Ausserrhoden,Y61T65,61-65 years,32.007,6,,,32006999.999999996
2013,15,Appenzell Ausserrhoden,Y61T65,61-65 years,33.708,6,,,33708000.0
2014,15,Appenzell Ausserrhoden,Y61T65,61-65 years,35.17,6,,,35170000.0
2015,15,Appenzell Ausserrhoden,Y61T65,61-65 years,35.146,6,,,35146000.0
2016,15,Appenzell Ausserrhoden,Y61T65,61-65 years,35.906,6,,,35906000.0
2017,15,Appenzell Ausserrhoden,Y61T65,61-65 years,36.802,6,,,36802000.0
2018,15,Appenzell Ausserrhoden,Y61T65,61-65 years,37.752,6,,,37752000.0
2019,15,Appenzell Ausserrhoden,Y61T65,61-65 years,36.347,6,,,36347000.0
2020,15,Appenzell Ausserrhoden,Y61T65,61-65 years,37.141,6,,,37141000.0
2021,15,Appenzell Ausserrhoden,Y61T65,61-65 years,41.327,6,,,41327000.0
2022,15,Appenzell Ausserrhoden,Y61T65,61-65 years,41.722,6,,,41722000.0
2023,15,Appenzell Ausserrhoden,Y61T65,61-65 years,45.499,6,,,45499000.0
2024,15,Appenzell Ausserrhoden,Y61T65,61-65 years,46.526,6,,,46526000.0
2011,16,Appenzell Innerrhoden,Y61T65,61-65 years,5.979,6,,,5979000.0
2012,16,Appenzell Innerrhoden,Y61T65,61-65 years,6.017,6,,,6017000.0
2013,16,Appenzell Innerrhoden,Y61T65,61-65 years,6.055,6,,,6055000.0
2014,16,Appenzell Innerrhoden,Y61T65,61-65 years,6.396,6,,,6396000.0
2015,16,Appenzell Innerrhoden,Y61T65,61-65 years,6.712,6,,,6712000.0
2016,16,Appenzell Innerrhoden,Y61T65,61-65 years,6.553,6,,,6553000.0
2017,16,Appenzell Innerrhoden,Y61T65,61-65 years,6.593,6,,,6593000.0
2018,16,Appenzell Innerrhoden,Y61T65,61-65 years,7.469,6,,,7469000.0
2019,16,Appenzell Innerrhoden,Y61T65,61-65 years,7.086,6,,,7086000.0
2020,16,Appenzell Innerrhoden,Y61T65,61-65 years,7.364,6,,,7364000.0
2021,16,Appenzell Innerrhoden,Y61T65,61-65 years,9.422,6,,,9422000.0
2022,16,Appenzell Innerrhoden,Y61T65,61-65 years,10.183,6,,,10183000.0
2023,16,Appenzell Innerrhoden,Y61T65,61-65 years,11.356,6,,,11356000.0
2024,16,Appenzell Innerrhoden,Y61T65,61-65 years,12.104,6,,,12104000.0
2011,17,St. Gallen,Y61T65,61-65 years,253.163,6,,,253163000.0
2012,17,St. Gallen,Y61T65,61-65 years,267.165,6,,,267165000.00000003
2013,17,St. Gallen,Y61T65,61-65 years,276.526,6,,,276526000.0
2014,17,St. Gallen,Y61T65,61-65 years,285.69,6,,,285690000.0
2015,17,St. Gallen,Y61T65,61-65 years,291.986,6,,,291986000.0
2016,17,St. Gallen,Y61T65,61-65 years,297.406,6,,,297406000.0
2017,17,St. Gallen,Y61T65,61-65 years,303.415,6,,,303415000.0
2018,17,St. Gallen,Y61T65,61-65 years,320.025,6,,,320025000.0
2019,17,St. Gallen,Y61T65,61-65 years,315.596,6,,,315596000.0
2020,17,St. Gallen,Y61T65,61-65 years,336.92,6,,,336920000.0
2021,17,St. Gallen,Y61T65,61-65 years,374.223,6,,,374223000.0
2022,17,St. Gallen,Y61T65,61-65 years,400.081,6,,,400081000.0
2023,17,St. Gallen,Y61T65,61-65 years,407.553,6,,,407553000.0
2024,17,St. Gallen,Y61T65,61-65 years,406.102,6,,,406102000.0
2011,18,Graubünden,Y61T65,61-65 years,119.618,6,,,119618000.0
2012,18,Graubünden,Y61T65,61-65 years,126.955,6,,,126955000.0
2013,18,Graubünden,Y61T65,61-65 years,128.458,6,,,128458000.0
2014,18,Graubünden,Y61T65,61-65 years,129.175,6,,,129175000.00000001
2015,18,Graubünden,Y61T65,61-65 years,129.517,6,,,129517000.0
2016,18,Graubünden,Y61T65,61-65 years,134.529,6,,,134529000.0
2017,18,Graubünden,Y61T65,61-65 years,137.627,6,,,137627000.0
2018,18,Graubünden,Y61T65,61-65 years,144.24,6,,,144240000.0
2019,18,Graubünden,Y61T65,61-65 years,154.208,6,,,154208000.0
2020,18,Graubünden,Y61T65,61-65 years,155.725,6,,,155725000.0
2021,18,Graubünden,Y61T65,61-65 years,164.639,6,,,164639000.0
2022,18,Graubünden,Y61T65,61-65 years,172.773,6,,,172773000.0
2023,18,Graubünden,Y61T65,61-65 years,165.878,6,,,165878000.0
2024,18,Graubünden,Y61T65,61-65 years,170.835,6,,,170835000.0
2011,19,Aargau,Y61T65,61-65 years,380.268,6,,,380268000.0
2012,19,Aargau,Y61T65,61-65 years,396.438,6,,,396438000.0
2013,19,Aargau,Y61T65,61-65 years,406.185,6,,,406185000.0
2014,19,Aargau,Y61T65,61-65 years,419.696,6,,,419696000.0
2015,19,Aargau,Y61T65,61-65 years,418.761,6,,,418761000.0
2016,19,Aargau,Y61T65,61-65 years,432.681,6,,,432681000.0
2017,19,Aargau,Y61T65,61-65 years,443.178,6,,,443178000.0
2018,19,Aargau,Y61T65,61-65 years,449.448,6,,,449448000.0
2019,19,Aargau,Y61T65,61-65 years,469.782,6,,,469782000.0
2020,19,Aargau,Y61T65,61-65 years,483.655,6,,,483655000.0
2021,19,Aargau,Y61T65,61-65 years,523.889,6,,,523889000.0
2022,19,Aargau,Y61T65,61-65 years,534.656,6,,,534655999.99999994
2023,19,Aargau,Y61T65,61-65 years,584.613,6,,,584613000.0
2024,19,Aargau,Y61T65,61-65 years,581.31,6,,,581310000.0
2011,20,Thurgau,Y61T65,61-65 years,139.41,6,,,139410000.0
2012,20,Thurgau,Y61T65,61-65 years,142.61,6,,,142610000.0
2013,20,Thurgau,Y61T65,61-65 years,150.885,6,,,150885000.0
2014,20,Thurgau,Y61T65,61-65 years,154.864,6,,,154864000.0
2015,20,Thurgau,Y61T65,61-65 years,162.512,6,,,162512000.0
2016,20,Thurgau,Y61T65,61-65 years,168.43,6,,,168430000.0
2017,20,Thurgau,Y61T65,61-65 years,177.144,6,,,177144000.0
2018,20,Thurgau,Y61T65,61-65 years,177.766,6,,,177766000.0
2019,20,Thurgau,Y61T65,61-65 years,189.587,6,,,189587000.0
2020,20,Thurgau,Y61T65,61-65 years,203.801,6,,,203801000.0
2021,20,Thurgau,Y61T65,61-65 years,216.601,6,,,216601000.0
2022,20,Thurgau,Y61T65,61-65 years,211.955,6,,,211955000.0
2023,20,Thurgau,Y61T65,61-65 years,219.244,6,,,219244000.0
2024,20,Thurgau,Y61T65,61-65 years,227.85,6,,,227850000.0
2011,21,Ticino,Y61T65,61-65 years,212.685,6,,,212685000.0
2012,21,Ticino,Y61T65,61-65 years,217.985,6,,,217985000.0
2013,21,Ticino,Y61T65,61-65 years,226.209,6,,,226209000.0
2014,21,Ticino,Y61T65,61-65 years,228.666,6,,,228666000.0
2015,21,Ticino,Y61T65,61-65 years,235.952,6,,,235952000.0
2016,21,Ticino,Y61T65,61-65 years,243.999,6,,,243999000.0
2017,21,Ticino,Y61T65,61-65 years,243.645,6,,,243645000.0
2018,21,Ticino,Y61T65,61-65 years,256.532,6,,,256531999.99999997
2019,21,Ticino,Y61T65,61-65 years,270.469,6,,,270469000.0
2020,21,Ticino,Y61T65,61-65 years,281.074,6,,,281074000.0
2021,21,Ticino,Y61T65,61-65 years,301.694,6,,,301694000.0
2022,21,Ticino,Y61T65,61-65 years,321.157,6,,,321157000.0
2023,21,Ticino,Y61T65,61-65 years,323.648,6,,,323648000.0
2024,21,Ticino,Y61T65,61-65 years,337.613,6,,,337613000.0
2011,22,Vaud,Y61T65,61-65 years,446.824,6,,,446824000.0
2012,22,Vaud,Y61T65,61-65 years,453.896,6,,,453896000.0
2013,22,Vaud,Y61T65,61-65 years,462.425,6,,,462425000.0
2014,22,Vaud,Y61T65,61-65 years,464.443,6,,,464443000.0
2015,22,Vaud,Y61T65,61-65 years,476.314,6,,,476314000.0
2016,22,Vaud,Y61T65,61-65 years,495.911,6,,,495911000.0
2017,22,Vaud,Y61T65,61-65 years,506.519,6,,,506519000.0
2018,22,Vaud,Y61T65,61-65 years,528.781,6,,,528780999.99999994
2019,22,Vaud,Y61T65,61-65 years,548.047,6,,,548047000.0
2020,22,Vaud,Y61T65,61-65 years,569.538,6,,,569538000.0
2021,22,Vaud,Y61T65,61-65 years,633.287,6,,,633287000.0
2022,22,Vaud,Y61T65,61-65 years,628.16,6,,,628160000.0
2023,22,Vaud,Y61T65,61-65 years,640.889,6,,,640889000.0
2024,22,Vaud,Y61T65,61-65 years,715.156,6,,,715156000.0
2011,23,Valais,Y61T65,61-65 years,194.315,6,,,194315000.0
2012,23,Valais,Y61T65,61-65 years,196.184,6,,,196184000.0
2013,23,Valais,Y61T65,61-65 years,197.005,6,,,197005000.0
2014,23,Valais,Y61T65,61-65 years,200.158,6,,,200158000.0
2015,23,Valais,Y61T65,61-65 years,203.363,6,,,203363000.0
2016,23,Valais,Y61T65,61-65 years,208.947,6,,,208947000.0
2017,23,Valais,Y61T65,61-65 years,214.494,6,,,214494000.0
2018,23,Valais,Y61T65,61-65 years,221.151,6,,,221151000.0
2019,23,Valais,Y61T65,61-65 years,238.252,6,,,238252000.0
2020,23,Valais,Y61T65,61-65 years,276.408,6,,,276408000.0
2021,23,Valais,Y61T65,61-65 years,273.431,6,,,273431000.0
2022,23,Valais,Y61T65,61-65 years,279.536,6,,,279536000.0
2023,23,Valais,Y61T65,61-65 years,280.894,6,,,280894000.0
2024,23,Valais,Y61T65,61-65 years,280.641,6,,,280641000.0
2011,24,Neuchâtel,Y61T65,61-65 years,108.002,6,,,108002000.0
2012,24,Neuchâtel,Y61T65,61-65 years,108.216,6,,,108216000.0
2013,24,Neuchâtel,Y61T65,61-65 years,114.758,6,,,114758000.0
2014,24,Neuchâtel,Y61T65,61-65 years,115.137,6,,,115137000.0
2015,24,Neuchâtel,Y61T65,61-65 years,117.389,6,,,117389000.0
2016,24,Neuchâtel,Y61T65,61-65 years,120.681,6,,,120681000.0
2017,24,Neuchâtel,Y61T65,61-65 years,124.994,6,,,124994000.0
2018,24,Neuchâtel,Y61T65,61-65 years,126.851,6,,,126851000.0
2019,24,Neuchâtel,Y61T65,61-65 years,127.776,6,,,127776000.0
2020,24,Neuchâtel,Y61T65,61-65 years,139.759,6,,,139759000.0
2021,24,Neuchâtel,Y61T65,61-65 years,148.57,6,,,148570000.0
2022,24,Neuchâtel,Y61T65,61-65 years,154.292,6,,,154292000.0
2023,24,Neuchâtel,Y61T65,61-65 years,149.339,6,,,149339000.0
2024,24,Neuchâtel,Y61T65,61-65 years,165.528,6,,,165528000.0
2011,25,Genève,Y61T65,61-65 years,283.51,6,,,283510000.0
2012,25,Genève,Y61T65,61-65 years,287.281,6,,,287281000.0
2013,25,Genève,Y61T65,61-65 years,290.272,6,,,290272000.0
2014,25,Genève,Y61T65,61-65 years,293.332,6,,,293332000.0
2015,25,Genève,Y61T65,61-65 years,304.591,6,,,304591000.0
2016,25,Genève,Y61T65,61-65 years,313.38,6,,,313380000.0
2017,25,Genève,Y61T65,61-65 years,318.519,6,,,318519000.0
2018,25,Genève,Y61T65,61-65 years,323.219,6,,,323219000.0
2019,25,Genève,Y61T65,61-65 years,329.196,6,,,329196000.0
2020,25,Genève,Y61T65,61-65 years,366.633,6,,,366633000.0
2021,25,Genève,Y61T65,61-65 years,389.228,6,,,389228000.0
2022,25,Genève,Y61T65,61-65 years,407.637,6,,,407637000.0
2023,25,Genève,Y61T65,61-65 years,414.859,6,,,414859000.0
2024,25,Genève,Y61T65,61-65 years,431.217,6,,,431217000.0
2011,26,Jura,Y61T65,61-65 years,46.268,6,,,46268000.0
2012,26,Jura,Y61T65,61-65 years,48.944,6,,,48944000.0
2013,26,Jura,Y61T65,61-65 years,49.797,6,,,49797000.0
2014,26,Jura,Y61T65,61-65 years,53.746,6,,,53746000.0
2015,26,Jura,Y61T65,61-65 years,54.931,6,,,54931000.0
2016,26,Jura,Y61T65,61-65 years,57.649,6,,,57649000.0
2017,26,Jura,Y61T65,61-65 years,54.515,6,,,54515000.0
2018,26,Jura,Y61T65,61-65 years,60.868,6,,,60868000.0
2019,26,Jura,Y61T65,61-65 years,61.342,6,,,61342000.0
2020,26,Jura,Y61T65,61-65 years,60.59,6,,,60590000.0
2021,26,Jura,Y61T65,61-65 years,61.966,6,,,61966000.0
2022,26,Jura,Y61T65,61-65 years,71.509,6,,,71509000.0
2023,26,Jura,Y61T65,61-65 years,79.51,6,,,79510000.0
2024,26,Jura,Y61T65,61-65 years,76.244,6,,,76244000.0
2011,_T,Total,Y66T70,66-70 years,4904.527,6,,,4904527000.0
2012,_T,Total,Y66T70,66-70 years,5311.838,6,,,5311838000.0
2013,_T,Total,Y66T70,66-70 years,5545.548,6,,,5545548000.0
2014,_T,Total,Y66T70,66-70 years,5670.051,6,,,5670051000.0
2015,_T,Total,Y66T70,66-70 years,5793.982,6,,,5793982000.0
2016,_T,Total,Y66T70,66-70 years,5935.961,6,,,5935961000.0
2017,_T,Total,Y66T70,66-70 years,5866.869,6,,,5866869000.0
2018,_T,Total,Y66T70,66-70 years,5837.182,6,,,5837182000.0
2019,_T,Total,Y66T70,66-70 years,5969.091,6,,,5969091000.0
2020,_T,Total,Y66T70,66-70 years,6077.256,6,,,6077256000.0
2021,_T,Total,Y66T70,66-70 years,6474.796,6,,,6474796000.0
2022,_T,Total,Y66T70,66-70 years,6685.599,6,,,6685599000.0
2023,_T,Total,Y66T70,66-70 years,7002.443,6,,,7002443000.0
2024,_T,Total,Y66T70,66-70 years,7273.477,6,,,7273477000.0
2011,1,Zürich,Y66T70,66-70 years,801.372,6,,,801372000.0
2012,1,Zürich,Y66T70,66-70 years,864.903,6,,,864903000.0
2013,1,Zürich,Y66T70,66-70 years,894.374,6,,,894374000.0
2014,1,Zürich,Y66T70,66-70 years,911.826,6,,,911826000.0
2015,1,Zürich,Y66T70,66-70 years,929.867,6,,,929867000.0
2016,1,Zürich,Y66T70,66-70 years,954.573,6,,,954573000.0
2017,1,Zürich,Y66T70,66-70 years,939.842,6,,,939842000.0
2018,1,Zürich,Y66T70,66-70 years,950.63,6,,,950630000.0
2019,1,Zürich,Y66T70,66-70 years,965.685,6,,,965685000.0
2020,1,Zürich,Y66T70,66-70 years,977.914,6,,,977914000.0
2021,1,Zürich,Y66T70,66-70 years,1041.385,6,,,1041385000.0
2022,1,Zürich,Y66T70,66-70 years,1054.487,6,,,1054487000.0000001
2023,1,Zürich,Y66T70,66-70 years,1077.214,6,,,1077214000.0
2024,1,Zürich,Y66T70,66-70 years,1144.23,6,,,1144230000.0
2011,2,Bern,Y66T70,66-70 years,654.033,6,,,654033000.0
2012,2,Bern,Y66T70,66-70 years,718.229,6,,,718229000.0
2013,2,Bern,Y66T70,66-70 years,752.326,6,,,752326000.0
2014,2,Bern,Y66T70,66-70 years,781.954,6,,,781954000.0
2015,2,Bern,Y66T70,66-70 years,803.046,6,,,803046000.0
2016,2,Bern,Y66T70,66-70 years,823.987,6,,,823987000.0
2017,2,Bern,Y66T70,66-70 years,793.556,6,,,793556000.0
2018,2,Bern,Y66T70,66-70 years,791.364,6,,,791364000.0
2019,2,Bern,Y66T70,66-70 years,794.286,6,,,794286000.0
2020,2,Bern,Y66T70,66-70 years,811.414,6,,,811414000.0
2021,2,Bern,Y66T70,66-70 years,867.548,6,,,867548000.0
2022,2,Bern,Y66T70,66-70 years,898.341,6,,,898341000.0
2023,2,Bern,Y66T70,66-70 years,1027.782,6,,,1027781999.9999999
2024,2,Bern,Y66T70,66-70 years,1040.274,6,,,1040273999.9999999
2011,3,Luzern,Y66T70,66-70 years,188.637,6,,,188637000.0
2012,3,Luzern,Y66T70,66-70 years,197.497,6,,,197497000.0
2013,3,Luzern,Y66T70,66-70 years,208.775,6,,,208775000.0
2014,3,Luzern,Y66T70,66-70 years,213.837,6,,,213837000.0
2015,3,Luzern,Y66T70,66-70 years,219.507,6,,,219507000.0
2016,3,Luzern,Y66T70,66-70 years,235.622,6,,,235622000.0
2017,3,Luzern,Y66T70,66-70 years,232.385,6,,,232385000.0
2018,3,Luzern,Y66T70,66-70 years,220.934,6,,,220934000.0
2019,3,Luzern,Y66T70,66-70 years,246.794,6,,,246794000.0
2020,3,Luzern,Y66T70,66-70 years,244.402,6,,,244402000.0
2021,3,Luzern,Y66T70,66-70 years,259.712,6,,,259712000.0
2022,3,Luzern,Y66T70,66-70 years,262.229,6,,,262228999.99999997
2023,3,Luzern,Y66T70,66-70 years,279.185,6,,,279185000.0
2024,3,Luzern,Y66T70,66-70 years,295.556,6,,,295556000.0
2011,4,Uri,Y66T70,66-70 years,17.893,6,,,17893000.0
2012,4,Uri,Y66T70,66-70 years,18.717,6,,,18717000.0
2013,4,Uri,Y66T70,66-70 years,20.59,6,,,20590000.0
2014,4,Uri,Y66T70,66-70 years,21.003,6,,,21003000.0
2015,4,Uri,Y66T70,66-70 years,21.3,6,,,21300000.0
2016,4,Uri,Y66T70,66-70 years,20.812,6,,,20812000.0
2017,4,Uri,Y66T70,66-70 years,19.312,6,,,19312000.0
2018,4,Uri,Y66T70,66-70 years,22.428,6,,,22428000.0
2019,4,Uri,Y66T70,66-70 years,23.138,6,,,23138000.0
2020,4,Uri,Y66T70,66-70 years,25.01,6,,,25010000.0
2021,4,Uri,Y66T70,66-70 years,23.968,6,,,23968000.0
2022,4,Uri,Y66T70,66-70 years,24.529,6,,,24529000.0
2023,4,Uri,Y66T70,66-70 years,25.448,6,,,25448000.0
2024,4,Uri,Y66T70,66-70 years,26.425,6,,,26425000.0
2011,5,Schwyz,Y66T70,66-70 years,83.406,6,,,83406000.0
2012,5,Schwyz,Y66T70,66-70 years,92.584,6,,,92584000.0
2013,5,Schwyz,Y66T70,66-70 years,97.819,6,,,97819000.0
2014,5,Schwyz,Y66T70,66-70 years,102.114,6,,,102114000.0
2015,5,Schwyz,Y66T70,66-70 years,104.248,6,,,104248000.0
2016,5,Schwyz,Y66T70,66-70 years,106.635,6,,,106635000.0
2017,5,Schwyz,Y66T70,66-70 years,102.923,6,,,102923000.0
2018,5,Schwyz,Y66T70,66-70 years,100.933,6,,,100933000.0
2019,5,Schwyz,Y66T70,66-70 years,104.544,6,,,104544000.0
2020,5,Schwyz,Y66T70,66-70 years,107.175,6,,,107175000.0
2021,5,Schwyz,Y66T70,66-70 years,123.361,6,,,123361000.0
2022,5,Schwyz,Y66T70,66-70 years,113.635,6,,,113635000.0
2023,5,Schwyz,Y66T70,66-70 years,118.068,6,,,118068000.0
2024,5,Schwyz,Y66T70,66-70 years,123.151,6,,,123151000.0
2011,6,Obwalden,Y66T70,66-70 years,18.42,6,,,18420000.0
2012,6,Obwalden,Y66T70,66-70 years,19.334,6,,,19334000.0
2013,6,Obwalden,Y66T70,66-70 years,20.589,6,,,20589000.0
2014,6,Obwalden,Y66T70,66-70 years,21.138,6,,,21138000.0
2015,6,Obwalden,Y66T70,66-70 years,22.458,6,,,22458000.0
2016,6,Obwalden,Y66T70,66-70 years,24.345,6,,,24345000.0
2017,6,Obwalden,Y66T70,66-70 years,24.023,6,,,24023000.0
2018,6,Obwalden,Y66T70,66-70 years,23.547,6,,,23547000.0
2019,6,Obwalden,Y66T70,66-70 years,23.884,6,,,23884000.0
2020,6,Obwalden,Y66T70,66-70 years,26.093,6,,,26093000.0
2021,6,Obwalden,Y66T70,66-70 years,27.174,6,,,27174000.0
2022,6,Obwalden,Y66T70,66-70 years,26.39,6,,,26390000.0
2023,6,Obwalden,Y66T70,66-70 years,26.224,6,,,26224000.0
2024,6,Obwalden,Y66T70,66-70 years,26.918,6,,,26918000.0
2011,7,Nidwalden,Y66T70,66-70 years,24.478,6,,,24478000.0
2012,7,Nidwalden,Y66T70,66-70 years,28.797,6,,,28797000.0
2013,7,Nidwalden,Y66T70,66-70 years,30.699,6,,,30699000.0
2014,7,Nidwalden,Y66T70,66-70 years,31.672,6,,,31672000.0
2015,7,Nidwalden,Y66T70,66-70 years,32.136,6,,,32136000.000000004
2016,7,Nidwalden,Y66T70,66-70 years,33.286,6,,,33286000.0
2017,7,Nidwalden,Y66T70,66-70 years,33.386,6,,,33386000.000000004
2018,7,Nidwalden,Y66T70,66-70 years,32.574,6,,,32573999.999999996
2019,7,Nidwalden,Y66T70,66-70 years,34.498,6,,,34498000.0
2020,7,Nidwalden,Y66T70,66-70 years,34.142,6,,,34142000.0
2021,7,Nidwalden,Y66T70,66-70 years,34.704,6,,,34704000.0
2022,7,Nidwalden,Y66T70,66-70 years,33.793,6,,,33793000.0
2023,7,Nidwalden,Y66T70,66-70 years,35.955,6,,,35955000.0
2024,7,Nidwalden,Y66T70,66-70 years,33.848,6,,,33848000.0
2011,8,Glarus,Y66T70,66-70 years,24.707,6,,,24707000.0
2012,8,Glarus,Y66T70,66-70 years,25.426,6,,,25426000.0
2013,8,Glarus,Y66T70,66-70 years,26.256,6,,,26256000.0
2014,8,Glarus,Y66T70,66-70 years,28.323,6,,,28323000.0
2015,8,Glarus,Y66T70,66-70 years,27.069,6,,,27069000.0
2016,8,Glarus,Y66T70,66-70 years,27.494,6,,,27494000.0
2017,8,Glarus,Y66T70,66-70 years,28.104,6,,,28104000.0
2018,8,Glarus,Y66T70,66-70 years,30.78,6,,,30780000.0
2019,8,Glarus,Y66T70,66-70 years,31.158,6,,,31158000.0
2020,8,Glarus,Y66T70,66-70 years,32.891,6,,,32891000.0
2021,8,Glarus,Y66T70,66-70 years,33.492,6,,,33491999.999999996
2022,8,Glarus,Y66T70,66-70 years,35.411,6,,,35411000.0
2023,8,Glarus,Y66T70,66-70 years,36.699,6,,,36699000.0
2024,8,Glarus,Y66T70,66-70 years,41.765,6,,,41765000.0
2011,9,Zug,Y66T70,66-70 years,57.399,6,,,57399000.0
2012,9,Zug,Y66T70,66-70 years,61.931,6,,,61931000.0
2013,9,Zug,Y66T70,66-70 years,64.276,6,,,64275999.99999999
2014,9,Zug,Y66T70,66-70 years,65.8,6,,,65800000.0
2015,9,Zug,Y66T70,66-70 years,67.557,6,,,67557000.0
2016,9,Zug,Y66T70,66-70 years,69.229,6,,,69229000.0
2017,9,Zug,Y66T70,66-70 years,70.748,6,,,70748000.0
2018,9,Zug,Y66T70,66-70 years,63.345,6,,,63345000.0
2019,9,Zug,Y66T70,66-70 years,65.353,6,,,65352999.99999999
2020,9,Zug,Y66T70,66-70 years,67.529,6,,,67529000.0
2021,9,Zug,Y66T70,66-70 years,73.365,6,,,73365000.0
2022,9,Zug,Y66T70,66-70 years,78.401,6,,,78401000.0
2023,9,Zug,Y66T70,66-70 years,77.992,6,,,77992000.0
2024,9,Zug,Y66T70,66-70 years,85.414,6,,,85414000.0
2011,10,Fribourg,Y66T70,66-70 years,170.61,6,,,170610000.0
2012,10,Fribourg,Y66T70,66-70 years,181.931,6,,,181931000.0
2013,10,Fribourg,Y66T70,66-70 years,194.467,6,,,194467000.0
2014,10,Fribourg,Y66T70,66-70 years,199.131,6,,,199131000.0
2015,10,Fribourg,Y66T70,66-70 years,204.407,6,,,204407000.0
2016,10,Fribourg,Y66T70,66-70 years,207.037,6,,,207037000.0
2017,10,Fribourg,Y66T70,66-70 years,205.723,6,,,205723000.0
2018,10,Fribourg,Y66T70,66-70 years,209.588,6,,,209588000.0
2019,10,Fribourg,Y66T70,66-70 years,214.423,6,,,214423000.0
2020,10,Fribourg,Y66T70,66-70 years,222.301,6,,,222301000.0
2021,10,Fribourg,Y66T70,66-70 years,234.538,6,,,234538000.0
2022,10,Fribourg,Y66T70,66-70 years,239.97,6,,,239970000.0
2023,10,Fribourg,Y66T70,66-70 years,246.138,6,,,246138000.0
2024,10,Fribourg,Y66T70,66-70 years,272.674,6,,,272674000.0
2011,11,Solothurn,Y66T70,66-70 years,154.449,6,,,154449000.0
2012,11,Solothurn,Y66T70,66-70 years,163.881,6,,,163881000.0
2013,11,Solothurn,Y66T70,66-70 years,172.518,6,,,172518000.0
2014,11,Solothurn,Y66T70,66-70 years,185.916,6,,,185916000.0
2015,11,Solothurn,Y66T70,66-70 years,184.541,6,,,184541000.0
2016,11,Solothurn,Y66T70,66-70 years,190.936,6,,,190936000.0
2017,11,Solothurn,Y66T70,66-70 years,193.953,6,,,193953000.0
2018,11,Solothurn,Y66T70,66-70 years,191.406,6,,,191406000.0
2019,11,Solothurn,Y66T70,66-70 years,200.395,6,,,200395000.0
2020,11,Solothurn,Y66T70,66-70 years,201.865,6,,,201865000.0
2021,11,Solothurn,Y66T70,66-70 years,228.284,6,,,228284000.0
2022,11,Solothurn,Y66T70,66-70 years,234.363,6,,,234363000.0
2023,11,Solothurn,Y66T70,66-70 years,244.112,6,,,244112000.0
2024,11,Solothurn,Y66T70,66-70 years,262.055,6,,,262055000.0
2011,12,Basel-Stadt,Y66T70,66-70 years,152.302,6,,,152302000.0
2012,12,Basel-Stadt,Y66T70,66-70 years,160.898,6,,,160898000.0
2013,12,Basel-Stadt,Y66T70,66-70 years,160.045,6,,,160045000.0
2014,12,Basel-Stadt,Y66T70,66-70 years,163.836,6,,,163836000.0
2015,12,Basel-Stadt,Y66T70,66-70 years,164.814,6,,,164814000.0
2016,12,Basel-Stadt,Y66T70,66-70 years,170.667,6,,,170667000.0
2017,12,Basel-Stadt,Y66T70,66-70 years,167.337,6,,,167337000.0
2018,12,Basel-Stadt,Y66T70,66-70 years,171.671,6,,,171671000.0
2019,12,Basel-Stadt,Y66T70,66-70 years,173.294,6,,,173294000.0
2020,12,Basel-Stadt,Y66T70,66-70 years,169.609,6,,,169609000.0
2021,12,Basel-Stadt,Y66T70,66-70 years,182.309,6,,,182309000.0
2022,12,Basel-Stadt,Y66T70,66-70 years,186.134,6,,,186134000.0
2023,12,Basel-Stadt,Y66T70,66-70 years,193.662,6,,,193662000.0
2024,12,Basel-Stadt,Y66T70,66-70 years,197.024,6,,,197024000.0
2011,13,Basel-Landschaft,Y66T70,66-70 years,196.854,6,,,196854000.0
2012,13,Basel-Landschaft,Y66T70,66-70 years,213.578,6,,,213578000.0
2013,13,Basel-Landschaft,Y66T70,66-70 years,221.329,6,,,221329000.0
2014,13,Basel-Landschaft,Y66T70,66-70 years,224.498,6,,,224498000.0
2015,13,Basel-Landschaft,Y66T70,66-70 years,229.82,6,,,229820000.0
2016,13,Basel-Landschaft,Y66T70,66-70 years,237.041,6,,,237041000.0
2017,13,Basel-Landschaft,Y66T70,66-70 years,235.324,6,,,235324000.0
2018,13,Basel-Landschaft,Y66T70,66-70 years,231.615,6,,,231615000.0
2019,13,Basel-Landschaft,Y66T70,66-70 years,236.777,6,,,236777000.0
2020,13,Basel-Landschaft,Y66T70,66-70 years,231.513,6,,,231513000.0
2021,13,Basel-Landschaft,Y66T70,66-70 years,245.322,6,,,245322000.0
2022,13,Basel-Landschaft,Y66T70,66-70 years,256.503,6,,,256503000.0
2023,13,Basel-Landschaft,Y66T70,66-70 years,258.166,6,,,258166000.0
2024,13,Basel-Landschaft,Y66T70,66-70 years,266.686,6,,,266685999.99999997
2011,14,Schaffhausen,Y66T70,66-70 years,51.878,6,,,51878000.0
2012,14,Schaffhausen,Y66T70,66-70 years,53.942,6,,,53942000.0
2013,14,Schaffhausen,Y66T70,66-70 years,54.421,6,,,54421000.0
2014,14,Schaffhausen,Y66T70,66-70 years,55.992,6,,,55992000.0
2015,14,Schaffhausen,Y66T70,66-70 years,59.232,6,,,59232000.0
2016,14,Schaffhausen,Y66T70,66-70 years,62.091,6,,,62091000.0
2017,14,Schaffhausen,Y66T70,66-70 years,63.837,6,,,63837000.0
2018,14,Schaffhausen,Y66T70,66-70 years,58.027,6,,,58027000.0
2019,14,Schaffhausen,Y66T70,66-70 years,61.346,6,,,61346000.0
2020,14,Schaffhausen,Y66T70,66-70 years,65.855,6,,,65855000.00000001
2021,14,Schaffhausen,Y66T70,66-70 years,67.343,6,,,67343000.0
2022,14,Schaffhausen,Y66T70,66-70 years,73.609,6,,,73609000.0
2023,14,Schaffhausen,Y66T70,66-70 years,76.62,6,,,76620000.0
2024,14,Schaffhausen,Y66T70,66-70 years,75.532,6,,,75532000.0
2011,15,Appenzell Ausserrhoden,Y66T70,66-70 years,30.038,6,,,30038000.0
2012,15,Appenzell Ausserrhoden,Y66T70,66-70 years,36.532,6,,,36532000.0
2013,15,Appenzell Ausserrhoden,Y66T70,66-70 years,39.118,6,,,39118000.0
2014,15,Appenzell Ausserrhoden,Y66T70,66-70 years,39.801,6,,,39801000.0
2015,15,Appenzell Ausserrhoden,Y66T70,66-70 years,41.927,6,,,41927000.0
2016,15,Appenzell Ausserrhoden,Y66T70,66-70 years,42.413,6,,,42413000.0
2017,15,Appenzell Ausserrhoden,Y66T70,66-70 years,39.025,6,,,39025000.0
2018,15,Appenzell Ausserrhoden,Y66T70,66-70 years,38.393,6,,,38393000.0
2019,15,Appenzell Ausserrhoden,Y66T70,66-70 years,38.678,6,,,38678000.0
2020,15,Appenzell Ausserrhoden,Y66T70,66-70 years,37.122,6,,,37122000.0
2021,15,Appenzell Ausserrhoden,Y66T70,66-70 years,42.598,6,,,42598000.0
2022,15,Appenzell Ausserrhoden,Y66T70,66-70 years,43.586,6,,,43586000.0
2023,15,Appenzell Ausserrhoden,Y66T70,66-70 years,44.338,6,,,44338000.0
2024,15,Appenzell Ausserrhoden,Y66T70,66-70 years,45.987,6,,,45987000.0
2011,16,Appenzell Innerrhoden,Y66T70,66-70 years,7.24,6,,,7240000.0
2012,16,Appenzell Innerrhoden,Y66T70,66-70 years,9.456,6,,,9456000.0
2013,16,Appenzell Innerrhoden,Y66T70,66-70 years,10.233,6,,,10233000.0
2014,16,Appenzell Innerrhoden,Y66T70,66-70 years,11.38,6,,,11380000.0
2015,16,Appenzell Innerrhoden,Y66T70,66-70 years,11.363,6,,,11363000.0
2016,16,Appenzell Innerrhoden,Y66T70,66-70 years,11.705,6,,,11705000.0
2017,16,Appenzell Innerrhoden,Y66T70,66-70 years,10.209,6,,,10209000.0
2018,16,Appenzell Innerrhoden,Y66T70,66-70 years,10.742,6,,,10742000.0
2019,16,Appenzell Innerrhoden,Y66T70,66-70 years,9.568,6,,,9568000.0
2020,16,Appenzell Innerrhoden,Y66T70,66-70 years,8.869,6,,,8869000.0
2021,16,Appenzell Innerrhoden,Y66T70,66-70 years,12.266,6,,,12266000.0
2022,16,Appenzell Innerrhoden,Y66T70,66-70 years,9.093,6,,,9093000.0
2023,16,Appenzell Innerrhoden,Y66T70,66-70 years,10.155,6,,,10155000.0
2024,16,Appenzell Innerrhoden,Y66T70,66-70 years,10.076,6,,,10076000.0
2011,17,St. Gallen,Y66T70,66-70 years,260.513,6,,,260512999.99999997
2012,17,St. Gallen,Y66T70,66-70 years,283.69,6,,,283690000.0
2013,17,St. Gallen,Y66T70,66-70 years,298.075,6,,,298075000.0
2014,17,St. Gallen,Y66T70,66-70 years,310.091,6,,,310091000.0
2015,17,St. Gallen,Y66T70,66-70 years,319.05,6,,,319050000.0
2016,17,St. Gallen,Y66T70,66-70 years,326.537,6,,,326537000.0
2017,17,St. Gallen,Y66T70,66-70 years,322.458,6,,,322458000.0
2018,17,St. Gallen,Y66T70,66-70 years,335.393,6,,,335393000.0
2019,17,St. Gallen,Y66T70,66-70 years,347.782,6,,,347782000.0
2020,17,St. Gallen,Y66T70,66-70 years,357.282,6,,,357282000.0
2021,17,St. Gallen,Y66T70,66-70 years,371.059,6,,,371059000.0
2022,17,St. Gallen,Y66T70,66-70 years,384.259,6,,,384259000.0
2023,17,St. Gallen,Y66T70,66-70 years,391.375,6,,,391375000.0
2024,17,St. Gallen,Y66T70,66-70 years,408.453,6,,,408453000.0
2011,18,Graubünden,Y66T70,66-70 years,121.096,6,,,121096000.0
2012,18,Graubünden,Y66T70,66-70 years,130.44,6,,,130440000.0
2013,18,Graubünden,Y66T70,66-70 years,139.408,6,,,139408000.0
2014,18,Graubünden,Y66T70,66-70 years,145.984,6,,,145984000.0
2015,18,Graubünden,Y66T70,66-70 years,147.932,6,,,147932000.0
2016,18,Graubünden,Y66T70,66-70 years,152.406,6,,,152406000.0
2017,18,Graubünden,Y66T70,66-70 years,153.422,6,,,153422000.0
2018,18,Graubünden,Y66T70,66-70 years,157.621,6,,,157621000.0
2019,18,Graubünden,Y66T70,66-70 years,150.552,6,,,150552000.0
2020,18,Graubünden,Y66T70,66-70 years,151.13,6,,,151130000.0
2021,18,Graubünden,Y66T70,66-70 years,165.586,6,,,165586000.0
2022,18,Graubünden,Y66T70,66-70 years,173.091,6,,,173091000.0
2023,18,Graubünden,Y66T70,66-70 years,180.541,6,,,180541000.0
2024,18,Graubünden,Y66T70,66-70 years,179.795,6,,,179795000.0
2011,19,Aargau,Y66T70,66-70 years,375.369,6,,,375369000.0
2012,19,Aargau,Y66T70,66-70 years,442.823,6,,,442823000.0
2013,19,Aargau,Y66T70,66-70 years,457.926,6,,,457926000.0
2014,19,Aargau,Y66T70,66-70 years,444.658,6,,,444658000.0
2015,19,Aargau,Y66T70,66-70 years,447.387,6,,,447387000.0
2016,19,Aargau,Y66T70,66-70 years,437.297,6,,,437297000.0
2017,19,Aargau,Y66T70,66-70 years,451.572,6,,,451572000.0
2018,19,Aargau,Y66T70,66-70 years,437.54,6,,,437540000.0
2019,19,Aargau,Y66T70,66-70 years,457.376,6,,,457376000.0
2020,19,Aargau,Y66T70,66-70 years,467.658,6,,,467658000.0
2021,19,Aargau,Y66T70,66-70 years,503.538,6,,,503538000.0
2022,19,Aargau,Y66T70,66-70 years,521.4,6,,,521400000.0
2023,19,Aargau,Y66T70,66-70 years,552.1,6,,,552100000.0
2024,19,Aargau,Y66T70,66-70 years,562.605,6,,,562605000.0
2011,20,Thurgau,Y66T70,66-70 years,133.015,6,,,133014999.99999999
2012,20,Thurgau,Y66T70,66-70 years,144.314,6,,,144314000.0
2013,20,Thurgau,Y66T70,66-70 years,154.289,6,,,154289000.0
2014,20,Thurgau,Y66T70,66-70 years,157.461,6,,,157461000.0
2015,20,Thurgau,Y66T70,66-70 years,164.438,6,,,164438000.0
2016,20,Thurgau,Y66T70,66-70 years,172.549,6,,,172549000.0
2017,20,Thurgau,Y66T70,66-70 years,168.539,6,,,168539000.0
2018,20,Thurgau,Y66T70,66-70 years,182.019,6,,,182019000.0
2019,20,Thurgau,Y66T70,66-70 years,183.845,6,,,183845000.0
2020,20,Thurgau,Y66T70,66-70 years,203.206,6,,,203206000.0
2021,20,Thurgau,Y66T70,66-70 years,209.971,6,,,209971000.0
2022,20,Thurgau,Y66T70,66-70 years,217.049,6,,,217049000.0
2023,20,Thurgau,Y66T70,66-70 years,222.931,6,,,222931000.0
2024,20,Thurgau,Y66T70,66-70 years,227.237,6,,,227237000.0
2011,21,Ticino,Y66T70,66-70 years,232.635,6,,,232635000.0
2012,21,Ticino,Y66T70,66-70 years,244.257,6,,,244257000.0
2013,21,Ticino,Y66T70,66-70 years,253.559,6,,,253559000.0
2014,21,Ticino,Y66T70,66-70 years,265.656,6,,,265656000.0
2015,21,Ticino,Y66T70,66-70 years,272.776,6,,,272776000.0
2016,21,Ticino,Y66T70,66-70 years,277.987,6,,,277987000.0
2017,21,Ticino,Y66T70,66-70 years,280.321,6,,,280321000.0
2018,21,Ticino,Y66T70,66-70 years,278.562,6,,,278562000.0
2019,21,Ticino,Y66T70,66-70 years,284.899,6,,,284899000.0
2020,21,Ticino,Y66T70,66-70 years,284.125,6,,,284125000.0
2021,21,Ticino,Y66T70,66-70 years,301.167,6,,,301167000.0
2022,21,Ticino,Y66T70,66-70 years,310.054,6,,,310054000.0
2023,21,Ticino,Y66T70,66-70 years,330.538,6,,,330538000.0
2024,21,Ticino,Y66T70,66-70 years,340.835,6,,,340835000.0
2011,22,Vaud,Y66T70,66-70 years,479.955,6,,,479955000.0
2012,22,Vaud,Y66T70,66-70 years,507.143,6,,,507143000.0
2013,22,Vaud,Y66T70,66-70 years,535.095,6,,,535095000.0
2014,22,Vaud,Y66T70,66-70 years,541.085,6,,,541085000.0
2015,22,Vaud,Y66T70,66-70 years,553.295,6,,,553295000.0
2016,22,Vaud,Y66T70,66-70 years,569.19,6,,,569190000.0
2017,22,Vaud,Y66T70,66-70 years,559.184,6,,,559184000.0
2018,22,Vaud,Y66T70,66-70 years,539.95,6,,,539950000.0
2019,22,Vaud,Y66T70,66-70 years,548.89,6,,,548890000.0
2020,22,Vaud,Y66T70,66-70 years,565.444,6,,,565444000.0
2021,22,Vaud,Y66T70,66-70 years,599.472,6,,,599472000.0
2022,22,Vaud,Y66T70,66-70 years,632.822,6,,,632822000.0
2023,22,Vaud,Y66T70,66-70 years,647.628,6,,,647628000.0
2024,22,Vaud,Y66T70,66-70 years,704.24,6,,,704240000.0
2011,23,Valais,Y66T70,66-70 years,210.032,6,,,210032000.0
2012,23,Valais,Y66T70,66-70 years,224.553,6,,,224553000.0
2013,23,Valais,Y66T70,66-70 years,230.242,6,,,230242000.0
2014,23,Valais,Y66T70,66-70 years,235.19,6,,,235190000.0
2015,23,Valais,Y66T70,66-70 years,243.91,6,,,243910000.0
2016,23,Valais,Y66T70,66-70 years,244.473,6,,,244473000.0
2017,23,Valais,Y66T70,66-70 years,243.184,6,,,243184000.0
2018,23,Valais,Y66T70,66-70 years,246.998,6,,,246998000.0
2019,23,Valais,Y66T70,66-70 years,255.255,6,,,255255000.0
2020,23,Valais,Y66T70,66-70 years,260.057,6,,,260057000.00000003
2021,23,Valais,Y66T70,66-70 years,262.062,6,,,262062000.0
2022,23,Valais,Y66T70,66-70 years,275.12,6,,,275120000.0
2023,23,Valais,Y66T70,66-70 years,292.394,6,,,292394000.0
2024,23,Valais,Y66T70,66-70 years,256.37,6,,,256370000.0
2011,24,Neuchâtel,Y66T70,66-70 years,112.418,6,,,112418000.0
2012,24,Neuchâtel,Y66T70,66-70 years,121.254,6,,,121254000.0
2013,24,Neuchâtel,Y66T70,66-70 years,131.765,6,,,131764999.99999999
2014,24,Neuchâtel,Y66T70,66-70 years,136.988,6,,,136988000.0
2015,24,Neuchâtel,Y66T70,66-70 years,139.221,6,,,139221000.0
2016,24,Neuchâtel,Y66T70,66-70 years,147.859,6,,,147859000.0
2017,24,Neuchâtel,Y66T70,66-70 years,143.853,6,,,143853000.0
2018,24,Neuchâtel,Y66T70,66-70 years,142.479,6,,,142479000.0
2019,24,Neuchâtel,Y66T70,66-70 years,137.603,6,,,137603000.0
2020,24,Neuchâtel,Y66T70,66-70 years,138.7,6,,,138700000.0
2021,24,Neuchâtel,Y66T70,66-70 years,155.114,6,,,155114000.0
2022,24,Neuchâtel,Y66T70,66-70 years,159.878,6,,,159878000.0
2023,24,Neuchâtel,Y66T70,66-70 years,156.305,6,,,156305000.0
2024,24,Neuchâtel,Y66T70,66-70 years,169.736,6,,,169736000.0
2011,25,Genève,Y66T70,66-70 years,295.133,6,,,295133000.0
2012,25,Genève,Y66T70,66-70 years,310.705,6,,,310705000.0
2013,25,Genève,Y66T70,66-70 years,321.166,6,,,321166000.0
2014,25,Genève,Y66T70,66-70 years,317.334,6,,,317334000.0
2015,25,Genève,Y66T70,66-70 years,323.455,6,,,323455000.0
2016,25,Genève,Y66T70,66-70 years,329.235,6,,,329235000.0
2017,25,Genève,Y66T70,66-70 years,324.416,6,,,324416000.0
2018,25,Genève,Y66T70,66-70 years,304.832,6,,,304832000.0
2019,25,Genève,Y66T70,66-70 years,314.741,6,,,314741000.0
2020,25,Genève,Y66T70,66-70 years,324.698,6,,,324698000.0
2021,25,Genève,Y66T70,66-70 years,343.847,6,,,343847000.0
2022,25,Genève,Y66T70,66-70 years,377.174,6,,,377174000.0
2023,25,Genève,Y66T70,66-70 years,383.844,6,,,383844000.0
2024,25,Genève,Y66T70,66-70 years,403.899,6,,,403899000.0
2011,26,Jura,Y66T70,66-70 years,50.645,6,,,50645000.0
2012,26,Jura,Y66T70,66-70 years,55.024,6,,,55024000.0
2013,26,Jura,Y66T70,66-70 years,56.185,6,,,56185000.0
2014,26,Jura,Y66T70,66-70 years,57.383,6,,,57383000.0
2015,26,Jura,Y66T70,66-70 years,59.223,6,,,59223000.0
2016,26,Jura,Y66T70,66-70 years,60.557,6,,,60557000.0
2017,26,Jura,Y66T70,66-70 years,60.234,6,,,60234000.0
2018,26,Jura,Y66T70,66-70 years,63.811,6,,,63811000.0
2019,26,Jura,Y66T70,66-70 years,64.326,6,,,64325999.99999999
2020,26,Jura,Y66T70,66-70 years,61.254,6,,,61254000.0
2021,26,Jura,Y66T70,66-70 years,65.611,6,,,65611000.00000001
2022,26,Jura,Y66T70,66-70 years,64.276,6,,,64275999.99999999
2023,26,Jura,Y66T70,66-70 years,67.028,6,,,67028000.00000001
2024,26,Jura,Y66T70,66-70 years,72.691,6,,,72691000.0
2011,_T,Total,Y71T75,71-75 years,4856.313,6,,,4856313000.0
2012,_T,Total,Y71T75,71-75 years,5154.09,6,,,5154090000.0
2013,_T,Total,Y71T75,71-75 years,5459.791,6,,,5459791000.0
2014,_T,Total,Y71T75,71-75 years,5717.105,6,,,5717105000.0
2015,_T,Total,Y71T75,71-75 years,6035.185,6,,,6035185000.0
2016,_T,Total,Y71T75,71-75 years,6362.54,6,,,6362540000.0
2017,_T,Total,Y71T75,71-75 years,6538.67,6,,,6538670000.0
2018,_T,Total,Y71T75,71-75 years,6722.275,6,,,6722275000.0
2019,_T,Total,Y71T75,71-75 years,6952.913,6,,,6952913000.0
2020,_T,Total,Y71T75,71-75 years,7000.334,6,,,7000334000.0
2021,_T,Total,Y71T75,71-75 years,7342.133,6,,,7342133000.0
2022,_T,Total,Y71T75,71-75 years,7400.984,6,,,7400984000.0
2023,_T,Total,Y71T75,71-75 years,7560.041,6,,,7560041000.0
2024,_T,Total,Y71T75,71-75 years,7796.021,6,,,7796021000.0
2011,1,Zürich,Y71T75,71-75 years,806.586,6,,,806586000.0
2012,1,Zürich,Y71T75,71-75 years,870.898,6,,,870898000.0
2013,1,Zürich,Y71T75,71-75 years,920.205,6,,,920205000.0
2014,1,Zürich,Y71T75,71-75 years,960.625,6,,,960625000.0
2015,1,Zürich,Y71T75,71-75 years,1006.061,6,,,1006061000.0
2016,1,Zürich,Y71T75,71-75 years,1062.551,6,,,1062550999.9999999
2017,1,Zürich,Y71T75,71-75 years,1091.039,6,,,1091039000.0
2018,1,Zürich,Y71T75,71-75 years,1109.235,6,,,1109235000.0
2019,1,Zürich,Y71T75,71-75 years,1135.404,6,,,1135404000.0
2020,1,Zürich,Y71T75,71-75 years,1101.597,6,,,1101597000.0
2021,1,Zürich,Y71T75,71-75 years,1168.098,6,,,1168098000.0
2022,1,Zürich,Y71T75,71-75 years,1156.273,6,,,1156273000.0
2023,1,Zürich,Y71T75,71-75 years,1205.379,6,,,1205379000.0
2024,1,Zürich,Y71T75,71-75 years,1255.786,6,,,1255786000.0
2011,2,Bern,Y71T75,71-75 years,644.722,6,,,644722000.0
2012,2,Bern,Y71T75,71-75 years,682.231,6,,,682231000.0
2013,2,Bern,Y71T75,71-75 years,715.65,6,,,715650000.0
2014,2,Bern,Y71T75,71-75 years,757.646,6,,,757646000.0
2015,2,Bern,Y71T75,71-75 years,838.681,6,,,838681000.0
2016,2,Bern,Y71T75,71-75 years,892.523,6,,,892523000.0
2017,2,Bern,Y71T75,71-75 years,894.9,6,,,894900000.0
2018,2,Bern,Y71T75,71-75 years,926.242,6,,,926242000.0
2019,2,Bern,Y71T75,71-75 years,937.349,6,,,937349000.0
2020,2,Bern,Y71T75,71-75 years,945.575,6,,,945575000.0
2021,2,Bern,Y71T75,71-75 years,1014.295,6,,,1014295000.0
2022,2,Bern,Y71T75,71-75 years,1015.152,6,,,1015152000.0
2023,2,Bern,Y71T75,71-75 years,1026.483,6,,,1026483000.0
2024,2,Bern,Y71T75,71-75 years,1035.229,6,,,1035229000.0
2011,3,Luzern,Y71T75,71-75 years,189.667,6,,,189667000.0
2012,3,Luzern,Y71T75,71-75 years,197.533,6,,,197533000.0
2013,3,Luzern,Y71T75,71-75 years,209.687,6,,,209687000.0
2014,3,Luzern,Y71T75,71-75 years,222.171,6,,,222171000.0
2015,3,Luzern,Y71T75,71-75 years,232.548,6,,,232548000.0
2016,3,Luzern,Y71T75,71-75 years,239.697,6,,,239697000.0
2017,3,Luzern,Y71T75,71-75 years,245.284,6,,,245284000.0
2018,3,Luzern,Y71T75,71-75 years,249.402,6,,,249402000.0
2019,3,Luzern,Y71T75,71-75 years,271.086,6,,,271086000.0
2020,3,Luzern,Y71T75,71-75 years,273.078,6,,,273078000.0
2021,3,Luzern,Y71T75,71-75 years,284.86,6,,,284860000.0
2022,3,Luzern,Y71T75,71-75 years,284.512,6,,,284512000.0
2023,3,Luzern,Y71T75,71-75 years,295.374,6,,,295374000.0
2024,3,Luzern,Y71T75,71-75 years,313.5,6,,,313500000.0
2011,4,Uri,Y71T75,71-75 years,17.387,6,,,17387000.0
2012,4,Uri,Y71T75,71-75 years,19.248,6,,,19248000.0
2013,4,Uri,Y71T75,71-75 years,20.123,6,,,20123000.0
2014,4,Uri,Y71T75,71-75 years,21.814,6,,,21814000.0
2015,4,Uri,Y71T75,71-75 years,21.186,6,,,21186000.0
2016,4,Uri,Y71T75,71-75 years,20.876,6,,,20876000.0
2017,4,Uri,Y71T75,71-75 years,21.779,6,,,21779000.0
2018,4,Uri,Y71T75,71-75 years,23.926,6,,,23926000.0
2019,4,Uri,Y71T75,71-75 years,26.536,6,,,26536000.0
2020,4,Uri,Y71T75,71-75 years,26.285,6,,,26285000.0
2021,4,Uri,Y71T75,71-75 years,25.721,6,,,25721000.0
2022,4,Uri,Y71T75,71-75 years,25.724,6,,,25724000.0
2023,4,Uri,Y71T75,71-75 years,31.138,6,,,31138000.0
2024,4,Uri,Y71T75,71-75 years,29.242,6,,,29242000.0
2011,5,Schwyz,Y71T75,71-75 years,78.289,6,,,78289000.0
2012,5,Schwyz,Y71T75,71-75 years,86.162,6,,,86162000.0
2013,5,Schwyz,Y71T75,71-75 years,88.294,6,,,88294000.0
2014,5,Schwyz,Y71T75,71-75 years,93.483,6,,,93483000.0
2015,5,Schwyz,Y71T75,71-75 years,97.612,6,,,97612000.0
2016,5,Schwyz,Y71T75,71-75 years,102.294,6,,,102294000.0
2017,5,Schwyz,Y71T75,71-75 years,107.441,6,,,107441000.0
2018,5,Schwyz,Y71T75,71-75 years,110.526,6,,,110526000.0
2019,5,Schwyz,Y71T75,71-75 years,114.83,6,,,114830000.0
2020,5,Schwyz,Y71T75,71-75 years,126.639,6,,,126639000.0
2021,5,Schwyz,Y71T75,71-75 years,128.535,6,,,128535000.0
2022,5,Schwyz,Y71T75,71-75 years,126.603,6,,,126603000.0
2023,5,Schwyz,Y71T75,71-75 years,128.666,6,,,128666000.0
2024,5,Schwyz,Y71T75,71-75 years,132.043,6,,,132043000.0
2011,6,Obwalden,Y71T75,71-75 years,16.92,6,,,16920000.0
2012,6,Obwalden,Y71T75,71-75 years,19.542,6,,,19542000.0
2013,6,Obwalden,Y71T75,71-75 years,20.194,6,,,20194000.0
2014,6,Obwalden,Y71T75,71-75 years,20.849,6,,,20849000.0
2015,6,Obwalden,Y71T75,71-75 years,20.974,6,,,20974000.0
2016,6,Obwalden,Y71T75,71-75 years,22.315,6,,,22315000.0
2017,6,Obwalden,Y71T75,71-75 years,24.017,6,,,24017000.0
2018,6,Obwalden,Y71T75,71-75 years,24.58,6,,,24580000.0
2019,6,Obwalden,Y71T75,71-75 years,24.908,6,,,24908000.0
2020,6,Obwalden,Y71T75,71-75 years,26.697,6,,,26697000.0
2021,6,Obwalden,Y71T75,71-75 years,29.252,6,,,29252000.0
2022,6,Obwalden,Y71T75,71-75 years,31.233,6,,,31233000.0
2023,6,Obwalden,Y71T75,71-75 years,33.405,6,,,33405000.0
2024,6,Obwalden,Y71T75,71-75 years,33.552,6,,,33552000.0
2011,7,Nidwalden,Y71T75,71-75 years,18.534,6,,,18534000.0
2012,7,Nidwalden,Y71T75,71-75 years,23.255,6,,,23255000.0
2013,7,Nidwalden,Y71T75,71-75 years,21.917,6,,,21917000.0
2014,7,Nidwalden,Y71T75,71-75 years,22.172,6,,,22172000.0
2015,7,Nidwalden,Y71T75,71-75 years,25.146,6,,,25146000.0
2016,7,Nidwalden,Y71T75,71-75 years,26.459,6,,,26459000.0
2017,7,Nidwalden,Y71T75,71-75 years,27.967,6,,,27967000.0
2018,7,Nidwalden,Y71T75,71-75 years,31.105,6,,,31105000.0
2019,7,Nidwalden,Y71T75,71-75 years,31.7,6,,,31700000.0
2020,7,Nidwalden,Y71T75,71-75 years,31.863,6,,,31863000.0
2021,7,Nidwalden,Y71T75,71-75 years,34.663,6,,,34663000.0
2022,7,Nidwalden,Y71T75,71-75 years,36.377,6,,,36377000.0
2023,7,Nidwalden,Y71T75,71-75 years,34.859,6,,,34859000.0
2024,7,Nidwalden,Y71T75,71-75 years,35.832,6,,,35832000.0
2011,8,Glarus,Y71T75,71-75 years,22.936,6,,,22936000.0
2012,8,Glarus,Y71T75,71-75 years,24.339,6,,,24339000.0
2013,8,Glarus,Y71T75,71-75 years,24.235,6,,,24235000.0
2014,8,Glarus,Y71T75,71-75 years,26.821,6,,,26821000.0
2015,8,Glarus,Y71T75,71-75 years,27.306,6,,,27306000.0
2016,8,Glarus,Y71T75,71-75 years,29.208,6,,,29208000.0
2017,8,Glarus,Y71T75,71-75 years,30.362,6,,,30362000.0
2018,8,Glarus,Y71T75,71-75 years,28.738,6,,,28738000.0
2019,8,Glarus,Y71T75,71-75 years,30.66,6,,,30660000.0
2020,8,Glarus,Y71T75,71-75 years,32.644,6,,,32644000.0
2021,8,Glarus,Y71T75,71-75 years,34.418,6,,,34418000.0
2022,8,Glarus,Y71T75,71-75 years,37.321,6,,,37321000.0
2023,8,Glarus,Y71T75,71-75 years,40.384,6,,,40384000.0
2024,8,Glarus,Y71T75,71-75 years,44.844,6,,,44844000.0
2011,9,Zug,Y71T75,71-75 years,56.097,6,,,56097000.0
2012,9,Zug,Y71T75,71-75 years,60.146,6,,,60146000.0
2013,9,Zug,Y71T75,71-75 years,64.146,6,,,64146000.0
2014,9,Zug,Y71T75,71-75 years,65.915,6,,,65915000.00000001
2015,9,Zug,Y71T75,71-75 years,69.511,6,,,69511000.0
2016,9,Zug,Y71T75,71-75 years,71.348,6,,,71348000.0
2017,9,Zug,Y71T75,71-75 years,74.939,6,,,74939000.0
2018,9,Zug,Y71T75,71-75 years,72.786,6,,,72786000.0
2019,9,Zug,Y71T75,71-75 years,79.743,6,,,79743000.0
2020,9,Zug,Y71T75,71-75 years,76.826,6,,,76826000.0
2021,9,Zug,Y71T75,71-75 years,78.324,6,,,78324000.0
2022,9,Zug,Y71T75,71-75 years,81.733,6,,,81733000.0
2023,9,Zug,Y71T75,71-75 years,81.813,6,,,81813000.0
2024,9,Zug,Y71T75,71-75 years,90.993,6,,,90993000.0
2011,10,Fribourg,Y71T75,71-75 years,155.05,6,,,155050000.0
2012,10,Fribourg,Y71T75,71-75 years,162.771,6,,,162771000.0
2013,10,Fribourg,Y71T75,71-75 years,177.796,6,,,177796000.0
2014,10,Fribourg,Y71T75,71-75 years,187.737,6,,,187737000.0
2015,10,Fribourg,Y71T75,71-75 years,200.744,6,,,200744000.0
2016,10,Fribourg,Y71T75,71-75 years,211.413,6,,,211413000.0
2017,10,Fribourg,Y71T75,71-75 years,220.589,6,,,220589000.0
2018,10,Fribourg,Y71T75,71-75 years,228.634,6,,,228634000.0
2019,10,Fribourg,Y71T75,71-75 years,238.82,6,,,238820000.0
2020,10,Fribourg,Y71T75,71-75 years,245.284,6,,,245284000.0
2021,10,Fribourg,Y71T75,71-75 years,263.939,6,,,263939000.00000003
2022,10,Fribourg,Y71T75,71-75 years,263.938,6,,,263938000.0
2023,10,Fribourg,Y71T75,71-75 years,270.64,6,,,270640000.0
2024,10,Fribourg,Y71T75,71-75 years,282.209,6,,,282209000.0
2011,11,Solothurn,Y71T75,71-75 years,151.791,6,,,151791000.0
2012,11,Solothurn,Y71T75,71-75 years,160.748,6,,,160748000.0
2013,11,Solothurn,Y71T75,71-75 years,170.4,6,,,170400000.0
2014,11,Solothurn,Y71T75,71-75 years,178.167,6,,,178167000.0
2015,11,Solothurn,Y71T75,71-75 years,189.587,6,,,189587000.0
2016,11,Solothurn,Y71T75,71-75 years,197.873,6,,,197873000.0
2017,11,Solothurn,Y71T75,71-75 years,205.921,6,,,205921000.0
2018,11,Solothurn,Y71T75,71-75 years,209.743,6,,,209743000.0
2019,11,Solothurn,Y71T75,71-75 years,222.499,6,,,222499000.0
2020,11,Solothurn,Y71T75,71-75 years,216.485,6,,,216485000.0
2021,11,Solothurn,Y71T75,71-75 years,231.556,6,,,231556000.0
2022,11,Solothurn,Y71T75,71-75 years,245.526,6,,,245526000.0
2023,11,Solothurn,Y71T75,71-75 years,246.085,6,,,246085000.0
2024,11,Solothurn,Y71T75,71-75 years,263.37,6,,,263370000.0
2011,12,Basel-Stadt,Y71T75,71-75 years,150.279,6,,,150279000.0
2012,12,Basel-Stadt,Y71T75,71-75 years,162.699,6,,,162699000.0
2013,12,Basel-Stadt,Y71T75,71-75 years,164.767,6,,,164767000.0
2014,12,Basel-Stadt,Y71T75,71-75 years,170.87,6,,,170870000.0
2015,12,Basel-Stadt,Y71T75,71-75 years,175.654,6,,,175654000.0
2016,12,Basel-Stadt,Y71T75,71-75 years,179.99,6,,,179990000.0
2017,12,Basel-Stadt,Y71T75,71-75 years,184.36,6,,,184360000.0
2018,12,Basel-Stadt,Y71T75,71-75 years,187.818,6,,,187818000.0
2019,12,Basel-Stadt,Y71T75,71-75 years,201.152,6,,,201152000.0
2020,12,Basel-Stadt,Y71T75,71-75 years,203.193,6,,,203193000.0
2021,12,Basel-Stadt,Y71T75,71-75 years,207.72,6,,,207720000.0
2022,12,Basel-Stadt,Y71T75,71-75 years,223.009,6,,,223009000.0
2023,12,Basel-Stadt,Y71T75,71-75 years,212.118,6,,,212118000.0
2024,12,Basel-Stadt,Y71T75,71-75 years,215.78,6,,,215780000.0
2011,13,Basel-Landschaft,Y71T75,71-75 years,199.138,6,,,199138000.0
2012,13,Basel-Landschaft,Y71T75,71-75 years,213.475,6,,,213475000.0
2013,13,Basel-Landschaft,Y71T75,71-75 years,226.185,6,,,226185000.0
2014,13,Basel-Landschaft,Y71T75,71-75 years,232.541,6,,,232541000.0
2015,13,Basel-Landschaft,Y71T75,71-75 years,245.088,6,,,245088000.0
2016,13,Basel-Landschaft,Y71T75,71-75 years,257.888,6,,,257887999.99999997
2017,13,Basel-Landschaft,Y71T75,71-75 years,261.797,6,,,261797000.00000003
2018,13,Basel-Landschaft,Y71T75,71-75 years,268.067,6,,,268067000.0
2019,13,Basel-Landschaft,Y71T75,71-75 years,281.913,6,,,281913000.0
2020,13,Basel-Landschaft,Y71T75,71-75 years,277.318,6,,,277318000.0
2021,13,Basel-Landschaft,Y71T75,71-75 years,289.8,6,,,289800000.0
2022,13,Basel-Landschaft,Y71T75,71-75 years,297.116,6,,,297116000.0
2023,13,Basel-Landschaft,Y71T75,71-75 years,303.027,6,,,303027000.0
2024,13,Basel-Landschaft,Y71T75,71-75 years,319.725,6,,,319725000.0
2011,14,Schaffhausen,Y71T75,71-75 years,52.823,6,,,52823000.0
2012,14,Schaffhausen,Y71T75,71-75 years,54.817,6,,,54817000.0
2013,14,Schaffhausen,Y71T75,71-75 years,57.233,6,,,57233000.0
2014,14,Schaffhausen,Y71T75,71-75 years,57.38,6,,,57380000.0
2015,14,Schaffhausen,Y71T75,71-75 years,60.183,6,,,60183000.0
2016,14,Schaffhausen,Y71T75,71-75 years,63.052,6,,,63052000.0
2017,14,Schaffhausen,Y71T75,71-75 years,65.063,6,,,65063000.0
2018,14,Schaffhausen,Y71T75,71-75 years,63.216,6,,,63216000.0
2019,14,Schaffhausen,Y71T75,71-75 years,67.656,6,,,67656000.0
2020,14,Schaffhausen,Y71T75,71-75 years,72.823,6,,,72823000.0
2021,14,Schaffhausen,Y71T75,71-75 years,73.675,6,,,73675000.0
2022,14,Schaffhausen,Y71T75,71-75 years,77.332,6,,,77332000.0
2023,14,Schaffhausen,Y71T75,71-75 years,75.422,6,,,75422000.0
2024,14,Schaffhausen,Y71T75,71-75 years,77.402,6,,,77402000.0
2011,15,Appenzell Ausserrhoden,Y71T75,71-75 years,29.198,6,,,29198000.0
2012,15,Appenzell Ausserrhoden,Y71T75,71-75 years,31.084,6,,,31084000.0
2013,15,Appenzell Ausserrhoden,Y71T75,71-75 years,32.826,6,,,32826000.0
2014,15,Appenzell Ausserrhoden,Y71T75,71-75 years,34.165,6,,,34165000.0
2015,15,Appenzell Ausserrhoden,Y71T75,71-75 years,35.376,6,,,35376000.0
2016,15,Appenzell Ausserrhoden,Y71T75,71-75 years,36.943,6,,,36943000.0
2017,15,Appenzell Ausserrhoden,Y71T75,71-75 years,38.162,6,,,38162000.0
2018,15,Appenzell Ausserrhoden,Y71T75,71-75 years,40.534,6,,,40534000.0
2019,15,Appenzell Ausserrhoden,Y71T75,71-75 years,42.904,6,,,42904000.0
2020,15,Appenzell Ausserrhoden,Y71T75,71-75 years,41.794,6,,,41794000.0
2021,15,Appenzell Ausserrhoden,Y71T75,71-75 years,45.37,6,,,45370000.0
2022,15,Appenzell Ausserrhoden,Y71T75,71-75 years,44.935,6,,,44935000.0
2023,15,Appenzell Ausserrhoden,Y71T75,71-75 years,48.784,6,,,48784000.0
2024,15,Appenzell Ausserrhoden,Y71T75,71-75 years,51.726,6,,,51726000.0
2011,16,Appenzell Innerrhoden,Y71T75,71-75 years,5.529,6,,,5529000.0
2012,16,Appenzell Innerrhoden,Y71T75,71-75 years,5.68,6,,,5680000.0
2013,16,Appenzell Innerrhoden,Y71T75,71-75 years,5.951,6,,,5951000.0
2014,16,Appenzell Innerrhoden,Y71T75,71-75 years,6.846,6,,,6846000.0
2015,16,Appenzell Innerrhoden,Y71T75,71-75 years,7.459,6,,,7459000.0
2016,16,Appenzell Innerrhoden,Y71T75,71-75 years,7.749,6,,,7749000.0
2017,16,Appenzell Innerrhoden,Y71T75,71-75 years,7.195,6,,,7195000.0
2018,16,Appenzell Innerrhoden,Y71T75,71-75 years,7.646,6,,,7646000.0
2019,16,Appenzell Innerrhoden,Y71T75,71-75 years,8.307,6,,,8307000.0
2020,16,Appenzell Innerrhoden,Y71T75,71-75 years,9.488,6,,,9488000.0
2021,16,Appenzell Innerrhoden,Y71T75,71-75 years,11.98,6,,,11980000.0
2022,16,Appenzell Innerrhoden,Y71T75,71-75 years,10.94,6,,,10940000.0
2023,16,Appenzell Innerrhoden,Y71T75,71-75 years,11.281,6,,,11281000.0
2024,16,Appenzell Innerrhoden,Y71T75,71-75 years,12.635,6,,,12635000.0
2011,17,St. Gallen,Y71T75,71-75 years,264.615,6,,,264615000.0
2012,17,St. Gallen,Y71T75,71-75 years,283.67,6,,,283670000.0
2013,17,St. Gallen,Y71T75,71-75 years,303.497,6,,,303497000.0
2014,17,St. Gallen,Y71T75,71-75 years,320.271,6,,,320271000.0
2015,17,St. Gallen,Y71T75,71-75 years,337.795,6,,,337795000.0
2016,17,St. Gallen,Y71T75,71-75 years,352.967,6,,,352967000.0
2017,17,St. Gallen,Y71T75,71-75 years,363.931,6,,,363931000.0
2018,17,St. Gallen,Y71T75,71-75 years,364.865,6,,,364865000.0
2019,17,St. Gallen,Y71T75,71-75 years,376.031,6,,,376031000.0
2020,17,St. Gallen,Y71T75,71-75 years,380.672,6,,,380672000.0
2021,17,St. Gallen,Y71T75,71-75 years,394.073,6,,,394073000.0
2022,17,St. Gallen,Y71T75,71-75 years,407.043,6,,,407043000.0
2023,17,St. Gallen,Y71T75,71-75 years,411.773,6,,,411773000.0
2024,17,St. Gallen,Y71T75,71-75 years,429.614,6,,,429614000.0
2011,18,Graubünden,Y71T75,71-75 years,123.534,6,,,123534000.0
2012,18,Graubünden,Y71T75,71-75 years,129.351,6,,,129351000.0
2013,18,Graubünden,Y71T75,71-75 years,136.654,6,,,136654000.0
2014,18,Graubünden,Y71T75,71-75 years,143.734,6,,,143734000.0
2015,18,Graubünden,Y71T75,71-75 years,151.25,6,,,151250000.0
2016,18,Graubünden,Y71T75,71-75 years,161.043,6,,,161043000.0
2017,18,Graubünden,Y71T75,71-75 years,163.724,6,,,163724000.0
2018,18,Graubünden,Y71T75,71-75 years,174.56,6,,,174560000.0
2019,18,Graubünden,Y71T75,71-75 years,177.165,6,,,177165000.0
2020,18,Graubünden,Y71T75,71-75 years,178.647,6,,,178647000.0
2021,18,Graubünden,Y71T75,71-75 years,187.445,6,,,187445000.0
2022,18,Graubünden,Y71T75,71-75 years,191.749,6,,,191749000.0
2023,18,Graubünden,Y71T75,71-75 years,197.939,6,,,197939000.0
2024,18,Graubünden,Y71T75,71-75 years,191.261,6,,,191261000.0
2011,19,Aargau,Y71T75,71-75 years,346.39,6,,,346390000.0
2012,19,Aargau,Y71T75,71-75 years,371.288,6,,,371288000.0
2013,19,Aargau,Y71T75,71-75 years,409.615,6,,,409615000.0
2014,19,Aargau,Y71T75,71-75 years,424.868,6,,,424868000.0
2015,19,Aargau,Y71T75,71-75 years,429.036,6,,,429036000.0
2016,19,Aargau,Y71T75,71-75 years,436.083,6,,,436083000.0
2017,19,Aargau,Y71T75,71-75 years,461.528,6,,,461528000.0
2018,19,Aargau,Y71T75,71-75 years,481.574,6,,,481574000.0
2019,19,Aargau,Y71T75,71-75 years,500.104,6,,,500104000.0
2020,19,Aargau,Y71T75,71-75 years,519.226,6,,,519226000.0
2021,19,Aargau,Y71T75,71-75 years,543.194,6,,,543194000.0
2022,19,Aargau,Y71T75,71-75 years,564.662,6,,,564662000.0
2023,19,Aargau,Y71T75,71-75 years,585.356,6,,,585356000.0
2024,19,Aargau,Y71T75,71-75 years,609.214,6,,,609214000.0
2011,20,Thurgau,Y71T75,71-75 years,131.365,6,,,131365000.00000001
2012,20,Thurgau,Y71T75,71-75 years,141.807,6,,,141807000.0
2013,20,Thurgau,Y71T75,71-75 years,149.081,6,,,149081000.0
2014,20,Thurgau,Y71T75,71-75 years,159.203,6,,,159203000.0
2015,20,Thurgau,Y71T75,71-75 years,171.976,6,,,171976000.0
2016,20,Thurgau,Y71T75,71-75 years,179.029,6,,,179029000.0
2017,20,Thurgau,Y71T75,71-75 years,193.222,6,,,193222000.0
2018,20,Thurgau,Y71T75,71-75 years,217.593,6,,,217593000.0
2019,20,Thurgau,Y71T75,71-75 years,209.658,6,,,209658000.0
2020,20,Thurgau,Y71T75,71-75 years,208.227,6,,,208227000.0
2021,20,Thurgau,Y71T75,71-75 years,218.339,6,,,218339000.0
2022,20,Thurgau,Y71T75,71-75 years,225.159,6,,,225159000.0
2023,20,Thurgau,Y71T75,71-75 years,236.123,6,,,236123000.0
2024,20,Thurgau,Y71T75,71-75 years,238.761,6,,,238761000.0
2011,21,Ticino,Y71T75,71-75 years,255.811,6,,,255811000.0
2012,21,Ticino,Y71T75,71-75 years,268.191,6,,,268190999.99999997
2013,21,Ticino,Y71T75,71-75 years,284.793,6,,,284793000.0
2014,21,Ticino,Y71T75,71-75 years,295.286,6,,,295286000.0
2015,21,Ticino,Y71T75,71-75 years,307.338,6,,,307338000.0
2016,21,Ticino,Y71T75,71-75 years,320.275,6,,,320275000.0
2017,21,Ticino,Y71T75,71-75 years,328.299,6,,,328299000.0
2018,21,Ticino,Y71T75,71-75 years,335.405,6,,,335405000.0
2019,21,Ticino,Y71T75,71-75 years,362.419,6,,,362419000.0
2020,21,Ticino,Y71T75,71-75 years,362.865,6,,,362865000.0
2021,21,Ticino,Y71T75,71-75 years,375.24,6,,,375240000.0
2022,21,Ticino,Y71T75,71-75 years,370.216,6,,,370216000.0
2023,21,Ticino,Y71T75,71-75 years,377.423,6,,,377423000.0
2024,21,Ticino,Y71T75,71-75 years,389.952,6,,,389952000.0
2011,22,Vaud,Y71T75,71-75 years,463.009,6,,,463009000.0
2012,22,Vaud,Y71T75,71-75 years,490.702,6,,,490702000.0
2013,22,Vaud,Y71T75,71-75 years,524.435,6,,,524434999.99999994
2014,22,Vaud,Y71T75,71-75 years,550.907,6,,,550907000.0
2015,22,Vaud,Y71T75,71-75 years,579.389,6,,,579389000.0
2016,22,Vaud,Y71T75,71-75 years,615.789,6,,,615789000.0
2017,22,Vaud,Y71T75,71-75 years,645.737,6,,,645737000.0
2018,22,Vaud,Y71T75,71-75 years,659.172,6,,,659172000.0
2019,22,Vaud,Y71T75,71-75 years,668.933,6,,,668933000.0
2020,22,Vaud,Y71T75,71-75 years,690.167,6,,,690167000.0
2021,22,Vaud,Y71T75,71-75 years,714.446,6,,,714446000.0
2022,22,Vaud,Y71T75,71-75 years,687.816,6,,,687816000.0
2023,22,Vaud,Y71T75,71-75 years,696.842,6,,,696842000.0
2024,22,Vaud,Y71T75,71-75 years,761.047,6,,,761047000.0
2011,23,Valais,Y71T75,71-75 years,209.678,6,,,209678000.0
2012,23,Valais,Y71T75,71-75 years,199.52,6,,,199520000.0
2013,23,Valais,Y71T75,71-75 years,208.056,6,,,208056000.0
2014,23,Valais,Y71T75,71-75 years,222.215,6,,,222215000.0
2015,23,Valais,Y71T75,71-75 years,232.451,6,,,232451000.0
2016,23,Valais,Y71T75,71-75 years,273.306,6,,,273306000.0
2017,23,Valais,Y71T75,71-75 years,257.853,6,,,257853000.0
2018,23,Valais,Y71T75,71-75 years,275.118,6,,,275118000.0
2019,23,Valais,Y71T75,71-75 years,299.774,6,,,299774000.0
2020,23,Valais,Y71T75,71-75 years,304.253,6,,,304253000.0
2021,23,Valais,Y71T75,71-75 years,315.101,6,,,315101000.0
2022,23,Valais,Y71T75,71-75 years,317.245,6,,,317245000.0
2023,23,Valais,Y71T75,71-75 years,330.709,6,,,330709000.0
2024,23,Valais,Y71T75,71-75 years,285.864,6,,,285864000.0
2011,24,Neuchâtel,Y71T75,71-75 years,113.017,6,,,113017000.0
2012,24,Neuchâtel,Y71T75,71-75 years,120.695,6,,,120695000.0
2013,24,Neuchâtel,Y71T75,71-75 years,129.701,6,,,129701000.0
2014,24,Neuchâtel,Y71T75,71-75 years,134.138,6,,,134138000.0
2015,24,Neuchâtel,Y71T75,71-75 years,141.978,6,,,141978000.0
2016,24,Neuchâtel,Y71T75,71-75 years,155.174,6,,,155174000.0
2017,24,Neuchâtel,Y71T75,71-75 years,164.943,6,,,164943000.0
2018,24,Neuchâtel,Y71T75,71-75 years,175.145,6,,,175145000.0
2019,24,Neuchâtel,Y71T75,71-75 years,173.501,6,,,173501000.0
2020,24,Neuchâtel,Y71T75,71-75 years,176.961,6,,,176961000.0
2021,24,Neuchâtel,Y71T75,71-75 years,186.297,6,,,186297000.0
2022,24,Neuchâtel,Y71T75,71-75 years,183.779,6,,,183779000.0
2023,24,Neuchâtel,Y71T75,71-75 years,179.717,6,,,179717000.0
2024,24,Neuchâtel,Y71T75,71-75 years,187.208,6,,,187208000.0
2011,25,Genève,Y71T75,71-75 years,300.52,6,,,300520000.0
2012,25,Genève,Y71T75,71-75 years,318.476,6,,,318476000.0
2013,25,Genève,Y71T75,71-75 years,335.353,6,,,335353000.0
2014,25,Genève,Y71T75,71-75 years,345.78,6,,,345780000.0
2015,25,Genève,Y71T75,71-75 years,365.872,6,,,365872000.0
2016,25,Genève,Y71T75,71-75 years,377.385,6,,,377385000.0
2017,25,Genève,Y71T75,71-75 years,388.261,6,,,388261000.0
2018,25,Genève,Y71T75,71-75 years,388.81,6,,,388810000.0
2019,25,Genève,Y71T75,71-75 years,402.036,6,,,402036000.0
2020,25,Genève,Y71T75,71-75 years,400.789,6,,,400789000.0
2021,25,Genève,Y71T75,71-75 years,405.53,6,,,405530000.0
2022,25,Genève,Y71T75,71-75 years,418.089,6,,,418089000.0
2023,25,Genève,Y71T75,71-75 years,416.725,6,,,416725000.0
2024,25,Genève,Y71T75,71-75 years,429.857,6,,,429857000.0
2011,26,Jura,Y71T75,71-75 years,53.426,6,,,53426000.0
2012,26,Jura,Y71T75,71-75 years,55.762,6,,,55762000.0
2013,26,Jura,Y71T75,71-75 years,58.998,6,,,58998000.0
2014,26,Jura,Y71T75,71-75 years,61.502,6,,,61502000.0
2015,26,Jura,Y71T75,71-75 years,64.983,6,,,64983000.00000001
2016,26,Jura,Y71T75,71-75 years,69.311,6,,,69311000.0
2017,26,Jura,Y71T75,71-75 years,70.353,6,,,70353000.0
2018,26,Jura,Y71T75,71-75 years,67.835,6,,,67835000.0
2019,26,Jura,Y71T75,71-75 years,67.823,6,,,67823000.0
2020,26,Jura,Y71T75,71-75 years,70.936,6,,,70936000.0
2021,26,Jura,Y71T75,71-75 years,80.262,6,,,80262000.0
2022,26,Jura,Y71T75,71-75 years,77.501,6,,,77501000.0
2023,26,Jura,Y71T75,71-75 years,82.575,6,,,82575000.0
2024,26,Jura,Y71T75,71-75 years,79.376,6,,,79376000.0
2011,_T,Total,Y76T80,76-80 years,5125.886,6,,,5125886000.0
2012,_T,Total,Y76T80,76-80 years,5431.055,6,,,5431055000.0
2013,_T,Total,Y76T80,76-80 years,5627.965,6,,,5627965000.0
2014,_T,Total,Y76T80,76-80 years,5770.344,6,,,5770344000.0
2015,_T,Total,Y76T80,76-80 years,5928.247,6,,,5928247000.0
2016,_T,Total,Y76T80,76-80 years,6109.951,6,,,6109951000.0
2017,_T,Total,Y76T80,76-80 years,6171.832,6,,,6171832000.0
2018,_T,Total,Y76T80,76-80 years,6428.557,6,,,6428557000.0
2019,_T,Total,Y76T80,76-80 years,6821.44,6,,,6821440000.0
2020,_T,Total,Y76T80,76-80 years,7074.5,6,,,7074500000.0
2021,_T,Total,Y76T80,76-80 years,7602.827,6,,,7602827000.0
2022,_T,Total,Y76T80,76-80 years,8199.112,6,,,8199111999.999999
2023,_T,Total,Y76T80,76-80 years,8449.249,6,,,8449249000.0
2024,_T,Total,Y76T80,76-80 years,8960.857,6,,,8960857000.0
2011,1,Zürich,Y76T80,76-80 years,853.13,6,,,853130000.0
2012,1,Zürich,Y76T80,76-80 years,908.933,6,,,908933000.0
2013,1,Zürich,Y76T80,76-80 years,937.678,6,,,937678000.0
2014,1,Zürich,Y76T80,76-80 years,962.943,6,,,962943000.0
2015,1,Zürich,Y76T80,76-80 years,997.264,6,,,997264000.0
2016,1,Zürich,Y76T80,76-80 years,1033.794,6,,,1033794000.0000001
2017,1,Zürich,Y76T80,76-80 years,1040.592,6,,,1040592000.0000001
2018,1,Zürich,Y76T80,76-80 years,1085.07,6,,,1085070000.0
2019,1,Zürich,Y76T80,76-80 years,1133.292,6,,,1133292000.0
2020,1,Zürich,Y76T80,76-80 years,1155.543,6,,,1155543000.0
2021,1,Zürich,Y76T80,76-80 years,1250.414,6,,,1250414000.0
2022,1,Zürich,Y76T80,76-80 years,1320.682,6,,,1320682000.0
2023,1,Zürich,Y76T80,76-80 years,1348.601,6,,,1348601000.0
2024,1,Zürich,Y76T80,76-80 years,1472.894,6,,,1472894000.0
2011,2,Bern,Y76T80,76-80 years,700.102,6,,,700102000.0
2012,2,Bern,Y76T80,76-80 years,737.506,6,,,737506000.0
2013,2,Bern,Y76T80,76-80 years,756.544,6,,,756544000.0
2014,2,Bern,Y76T80,76-80 years,779.126,6,,,779126000.0
2015,2,Bern,Y76T80,76-80 years,795.809,6,,,795809000.0
2016,2,Bern,Y76T80,76-80 years,815.75,6,,,815750000.0
2017,2,Bern,Y76T80,76-80 years,807.814,6,,,807814000.0
2018,2,Bern,Y76T80,76-80 years,843.328,6,,,843328000.0
2019,2,Bern,Y76T80,76-80 years,884.129,6,,,884129000.0
2020,2,Bern,Y76T80,76-80 years,947.372,6,,,947372000.0
2021,2,Bern,Y76T80,76-80 years,1028.525,6,,,1028525000.0000001
2022,2,Bern,Y76T80,76-80 years,1110.06,6,,,1110060000.0
2023,2,Bern,Y76T80,76-80 years,1171.398,6,,,1171398000.0
2024,2,Bern,Y76T80,76-80 years,1227.912,6,,,1227912000.0
2011,3,Luzern,Y76T80,76-80 years,207.774,6,,,207774000.0
2012,3,Luzern,Y76T80,76-80 years,223.415,6,,,223415000.0
2013,3,Luzern,Y76T80,76-80 years,226.729,6,,,226729000.0
2014,3,Luzern,Y76T80,76-80 years,225.563,6,,,225563000.0
2015,3,Luzern,Y76T80,76-80 years,232.706,6,,,232706000.0
2016,3,Luzern,Y76T80,76-80 years,237.714,6,,,237714000.0
2017,3,Luzern,Y76T80,76-80 years,238.487,6,,,238487000.0
2018,3,Luzern,Y76T80,76-80 years,245.43,6,,,245430000.0
2019,3,Luzern,Y76T80,76-80 years,269.283,6,,,269283000.0
2020,3,Luzern,Y76T80,76-80 years,276.749,6,,,276749000.0
2021,3,Luzern,Y76T80,76-80 years,288.919,6,,,288919000.0
2022,3,Luzern,Y76T80,76-80 years,310.698,6,,,310698000.0
2023,3,Luzern,Y76T80,76-80 years,326.712,6,,,326712000.0
2024,3,Luzern,Y76T80,76-80 years,355.724,6,,,355724000.0
2011,4,Uri,Y76T80,76-80 years,21.213,6,,,21213000.0
2012,4,Uri,Y76T80,76-80 years,21.692,6,,,21692000.0
2013,4,Uri,Y76T80,76-80 years,22.623,6,,,22623000.0
2014,4,Uri,Y76T80,76-80 years,22.749,6,,,22749000.0
2015,4,Uri,Y76T80,76-80 years,22.798,6,,,22798000.0
2016,4,Uri,Y76T80,76-80 years,23.342,6,,,23342000.0
2017,4,Uri,Y76T80,76-80 years,24.313,6,,,24313000.0
2018,4,Uri,Y76T80,76-80 years,24.666,6,,,24666000.0
2019,4,Uri,Y76T80,76-80 years,26.752,6,,,26752000.0
2020,4,Uri,Y76T80,76-80 years,28.782,6,,,28782000.0
2021,4,Uri,Y76T80,76-80 years,29.569,6,,,29569000.0
2022,4,Uri,Y76T80,76-80 years,31.755,6,,,31755000.0
2023,4,Uri,Y76T80,76-80 years,33.164,6,,,33164000.0
2024,4,Uri,Y76T80,76-80 years,32.689,6,,,32689000.0
2011,5,Schwyz,Y76T80,76-80 years,90.607,6,,,90607000.0
2012,5,Schwyz,Y76T80,76-80 years,101.062,6,,,101062000.0
2013,5,Schwyz,Y76T80,76-80 years,102.923,6,,,102923000.0
2014,5,Schwyz,Y76T80,76-80 years,105.689,6,,,105689000.0
2015,5,Schwyz,Y76T80,76-80 years,106.406,6,,,106406000.0
2016,5,Schwyz,Y76T80,76-80 years,106.399,6,,,106399000.0
2017,5,Schwyz,Y76T80,76-80 years,106.195,6,,,106195000.0
2018,5,Schwyz,Y76T80,76-80 years,102.896,6,,,102896000.0
2019,5,Schwyz,Y76T80,76-80 years,108.982,6,,,108982000.0
2020,5,Schwyz,Y76T80,76-80 years,109.784,6,,,109784000.0
2021,5,Schwyz,Y76T80,76-80 years,125.433,6,,,125433000.0
2022,5,Schwyz,Y76T80,76-80 years,138.456,6,,,138456000.0
2023,5,Schwyz,Y76T80,76-80 years,145.429,6,,,145429000.0
2024,5,Schwyz,Y76T80,76-80 years,146.083,6,,,146083000.0
2011,6,Obwalden,Y76T80,76-80 years,19.168,6,,,19168000.0
2012,6,Obwalden,Y76T80,76-80 years,18.855,6,,,18855000.0
2013,6,Obwalden,Y76T80,76-80 years,20.079,6,,,20079000.0
2014,6,Obwalden,Y76T80,76-80 years,19.148,6,,,19148000.0
2015,6,Obwalden,Y76T80,76-80 years,20.346,6,,,20346000.0
2016,6,Obwalden,Y76T80,76-80 years,21.567,6,,,21567000.0
2017,6,Obwalden,Y76T80,76-80 years,23.539,6,,,23539000.0
2018,6,Obwalden,Y76T80,76-80 years,24.763,6,,,24763000.0
2019,6,Obwalden,Y76T80,76-80 years,24.953,6,,,24953000.0
2020,6,Obwalden,Y76T80,76-80 years,24.599,6,,,24599000.0
2021,6,Obwalden,Y76T80,76-80 years,28.689,6,,,28689000.0
2022,6,Obwalden,Y76T80,76-80 years,29.28,6,,,29280000.0
2023,6,Obwalden,Y76T80,76-80 years,33.123,6,,,33122999.999999996
2024,6,Obwalden,Y76T80,76-80 years,33.486,6,,,33485999.999999996
2011,7,Nidwalden,Y76T80,76-80 years,19.057,6,,,19057000.0
2012,7,Nidwalden,Y76T80,76-80 years,20.304,6,,,20304000.0
2013,7,Nidwalden,Y76T80,76-80 years,21.288,6,,,21288000.0
2014,7,Nidwalden,Y76T80,76-80 years,22.402,6,,,22402000.0
2015,7,Nidwalden,Y76T80,76-80 years,22.877,6,,,22877000.0
2016,7,Nidwalden,Y76T80,76-80 years,23.676,6,,,23676000.0
2017,7,Nidwalden,Y76T80,76-80 years,24.413,6,,,24413000.0
2018,7,Nidwalden,Y76T80,76-80 years,27.378,6,,,27378000.0
2019,7,Nidwalden,Y76T80,76-80 years,32.074,6,,,32073999.999999996
2020,7,Nidwalden,Y76T80,76-80 years,32.672,6,,,32671999.999999996
2021,7,Nidwalden,Y76T80,76-80 years,36.667,6,,,36667000.0
2022,7,Nidwalden,Y76T80,76-80 years,37.84,6,,,37840000.0
2023,7,Nidwalden,Y76T80,76-80 years,40.15,6,,,40150000.0
2024,7,Nidwalden,Y76T80,76-80 years,41.404,6,,,41404000.0
2011,8,Glarus,Y76T80,76-80 years,26.914,6,,,26914000.0
2012,8,Glarus,Y76T80,76-80 years,27.135,6,,,27135000.0
2013,8,Glarus,Y76T80,76-80 years,28.084,6,,,28084000.0
2014,8,Glarus,Y76T80,76-80 years,28.091,6,,,28091000.0
2015,8,Glarus,Y76T80,76-80 years,29.85,6,,,29850000.0
2016,8,Glarus,Y76T80,76-80 years,29.969,6,,,29969000.0
2017,8,Glarus,Y76T80,76-80 years,28.876,6,,,28876000.0
2018,8,Glarus,Y76T80,76-80 years,27.344,6,,,27344000.0
2019,8,Glarus,Y76T80,76-80 years,30.792,6,,,30792000.0
2020,8,Glarus,Y76T80,76-80 years,32.079,6,,,32079000.0
2021,8,Glarus,Y76T80,76-80 years,32.795,6,,,32795000.0
2022,8,Glarus,Y76T80,76-80 years,37.07,6,,,37070000.0
2023,8,Glarus,Y76T80,76-80 years,36.417,6,,,36417000.0
2024,8,Glarus,Y76T80,76-80 years,44.298,6,,,44298000.0
2011,9,Zug,Y76T80,76-80 years,55.282,6,,,55282000.0
2012,9,Zug,Y76T80,76-80 years,59.673,6,,,59673000.0
2013,9,Zug,Y76T80,76-80 years,64.916,6,,,64916000.0
2014,9,Zug,Y76T80,76-80 years,66.273,6,,,66272999.99999999
2015,9,Zug,Y76T80,76-80 years,71.648,6,,,71648000.0
2016,9,Zug,Y76T80,76-80 years,73.873,6,,,73873000.0
2017,9,Zug,Y76T80,76-80 years,75.055,6,,,75055000.0
2018,9,Zug,Y76T80,76-80 years,77.313,6,,,77313000.0
2019,9,Zug,Y76T80,76-80 years,82.04,6,,,82040000.0
2020,9,Zug,Y76T80,76-80 years,83.914,6,,,83914000.0
2021,9,Zug,Y76T80,76-80 years,87.679,6,,,87679000.0
2022,9,Zug,Y76T80,76-80 years,92.316,6,,,92316000.0
2023,9,Zug,Y76T80,76-80 years,91.684,6,,,91684000.0
2024,9,Zug,Y76T80,76-80 years,101.165,6,,,101165000.0
2011,10,Fribourg,Y76T80,76-80 years,149.555,6,,,149555000.0
2012,10,Fribourg,Y76T80,76-80 years,161.453,6,,,161453000.0
2013,10,Fribourg,Y76T80,76-80 years,168.364,6,,,168364000.0
2014,10,Fribourg,Y76T80,76-80 years,172.357,6,,,172357000.0
2015,10,Fribourg,Y76T80,76-80 years,176.977,6,,,176977000.0
2016,10,Fribourg,Y76T80,76-80 years,181.543,6,,,181543000.0
2017,10,Fribourg,Y76T80,76-80 years,184.214,6,,,184214000.0
2018,10,Fribourg,Y76T80,76-80 years,202.997,6,,,202997000.0
2019,10,Fribourg,Y76T80,76-80 years,218.328,6,,,218328000.0
2020,10,Fribourg,Y76T80,76-80 years,233.439,6,,,233439000.0
2021,10,Fribourg,Y76T80,76-80 years,244.361,6,,,244361000.0
2022,10,Fribourg,Y76T80,76-80 years,271.378,6,,,271378000.0
2023,10,Fribourg,Y76T80,76-80 years,283.119,6,,,283119000.0
2024,10,Fribourg,Y76T80,76-80 years,315.467,6,,,315467000.0
2011,11,Solothurn,Y76T80,76-80 years,164.448,6,,,164448000.0
2012,11,Solothurn,Y76T80,76-80 years,168.469,6,,,168469000.0
2013,11,Solothurn,Y76T80,76-80 years,175.848,6,,,175848000.0
2014,11,Solothurn,Y76T80,76-80 years,180.311,6,,,180311000.0
2015,11,Solothurn,Y76T80,76-80 years,181.777,6,,,181777000.0
2016,11,Solothurn,Y76T80,76-80 years,183.435,6,,,183435000.0
2017,11,Solothurn,Y76T80,76-80 years,192.925,6,,,192925000.0
2018,11,Solothurn,Y76T80,76-80 years,199.272,6,,,199272000.0
2019,11,Solothurn,Y76T80,76-80 years,212.415,6,,,212415000.0
2020,11,Solothurn,Y76T80,76-80 years,216.224,6,,,216224000.0
2021,11,Solothurn,Y76T80,76-80 years,236.241,6,,,236241000.0
2022,11,Solothurn,Y76T80,76-80 years,259.76,6,,,259760000.0
2023,11,Solothurn,Y76T80,76-80 years,276.935,6,,,276935000.0
2024,11,Solothurn,Y76T80,76-80 years,300.654,6,,,300654000.0
2011,12,Basel-Stadt,Y76T80,76-80 years,185.83,6,,,185830000.0
2012,12,Basel-Stadt,Y76T80,76-80 years,193.087,6,,,193087000.0
2013,12,Basel-Stadt,Y76T80,76-80 years,198.594,6,,,198594000.0
2014,12,Basel-Stadt,Y76T80,76-80 years,195.637,6,,,195637000.0
2015,12,Basel-Stadt,Y76T80,76-80 years,203.522,6,,,203522000.0
2016,12,Basel-Stadt,Y76T80,76-80 years,210.94,6,,,210940000.0
2017,12,Basel-Stadt,Y76T80,76-80 years,207.959,6,,,207959000.0
2018,12,Basel-Stadt,Y76T80,76-80 years,206.247,6,,,206247000.0
2019,12,Basel-Stadt,Y76T80,76-80 years,209.29,6,,,209290000.0
2020,12,Basel-Stadt,Y76T80,76-80 years,204.29,6,,,204290000.0
2021,12,Basel-Stadt,Y76T80,76-80 years,222.131,6,,,222131000.0
2022,12,Basel-Stadt,Y76T80,76-80 years,240.766,6,,,240766000.0
2023,12,Basel-Stadt,Y76T80,76-80 years,229.268,6,,,229268000.0
2024,12,Basel-Stadt,Y76T80,76-80 years,240.276,6,,,240276000.0
2011,13,Basel-Landschaft,Y76T80,76-80 years,205.738,6,,,205738000.0
2012,13,Basel-Landschaft,Y76T80,76-80 years,216.418,6,,,216418000.0
2013,13,Basel-Landschaft,Y76T80,76-80 years,226.055,6,,,226055000.0
2014,13,Basel-Landschaft,Y76T80,76-80 years,233.14,6,,,233140000.0
2015,13,Basel-Landschaft,Y76T80,76-80 years,242.507,6,,,242507000.0
2016,13,Basel-Landschaft,Y76T80,76-80 years,251.208,6,,,251208000.0
2017,13,Basel-Landschaft,Y76T80,76-80 years,253.762,6,,,253762000.0
2018,13,Basel-Landschaft,Y76T80,76-80 years,260.325,6,,,260325000.0
2019,13,Basel-Landschaft,Y76T80,76-80 years,291.88,6,,,291880000.0
2020,13,Basel-Landschaft,Y76T80,76-80 years,281.957,6,,,281957000.0
2021,13,Basel-Landschaft,Y76T80,76-80 years,299.716,6,,,299716000.0
2022,13,Basel-Landschaft,Y76T80,76-80 years,326.252,6,,,326252000.0
2023,13,Basel-Landschaft,Y76T80,76-80 years,336.282,6,,,336282000.0
2024,13,Basel-Landschaft,Y76T80,76-80 years,358.652,6,,,358652000.0
2011,14,Schaffhausen,Y76T80,76-80 years,57.937,6,,,57937000.0
2012,14,Schaffhausen,Y76T80,76-80 years,56.671,6,,,56671000.0
2013,14,Schaffhausen,Y76T80,76-80 years,55.945,6,,,55945000.0
2014,14,Schaffhausen,Y76T80,76-80 years,57.658,6,,,57658000.0
2015,14,Schaffhausen,Y76T80,76-80 years,59.423,6,,,59423000.0
2016,14,Schaffhausen,Y76T80,76-80 years,63.074,6,,,63074000.0
2017,14,Schaffhausen,Y76T80,76-80 years,65.273,6,,,65272999.99999999
2018,14,Schaffhausen,Y76T80,76-80 years,69.269,6,,,69269000.0
2019,14,Schaffhausen,Y76T80,76-80 years,73.301,6,,,73301000.0
2020,14,Schaffhausen,Y76T80,76-80 years,73.184,6,,,73184000.0
2021,14,Schaffhausen,Y76T80,76-80 years,80.212,6,,,80212000.0
2022,14,Schaffhausen,Y76T80,76-80 years,85.073,6,,,85073000.0
2023,14,Schaffhausen,Y76T80,76-80 years,87.48,6,,,87480000.0
2024,14,Schaffhausen,Y76T80,76-80 years,85.908,6,,,85908000.0
2011,15,Appenzell Ausserrhoden,Y76T80,76-80 years,28.176,6,,,28176000.0
2012,15,Appenzell Ausserrhoden,Y76T80,76-80 years,31.543,6,,,31543000.0
2013,15,Appenzell Ausserrhoden,Y76T80,76-80 years,33.707,6,,,33707000.0
2014,15,Appenzell Ausserrhoden,Y76T80,76-80 years,34.4,6,,,34400000.0
2015,15,Appenzell Ausserrhoden,Y76T80,76-80 years,35.316,6,,,35316000.0
2016,15,Appenzell Ausserrhoden,Y76T80,76-80 years,35.847,6,,,35847000.0
2017,15,Appenzell Ausserrhoden,Y76T80,76-80 years,34.889,6,,,34889000.0
2018,15,Appenzell Ausserrhoden,Y76T80,76-80 years,37.565,6,,,37565000.0
2019,15,Appenzell Ausserrhoden,Y76T80,76-80 years,39.338,6,,,39338000.0
2020,15,Appenzell Ausserrhoden,Y76T80,76-80 years,39.415,6,,,39415000.0
2021,15,Appenzell Ausserrhoden,Y76T80,76-80 years,41.626,6,,,41626000.0
2022,15,Appenzell Ausserrhoden,Y76T80,76-80 years,114.722,6,,,114722000.0
2023,15,Appenzell Ausserrhoden,Y76T80,76-80 years,51.257,6,,,51257000.0
2024,15,Appenzell Ausserrhoden,Y76T80,76-80 years,52.895,6,,,52895000.0
2011,16,Appenzell Innerrhoden,Y76T80,76-80 years,7.649,6,,,7649000.0
2012,16,Appenzell Innerrhoden,Y76T80,76-80 years,8.03,6,,,8029999.999999999
2013,16,Appenzell Innerrhoden,Y76T80,76-80 years,7.661,6,,,7661000.0
2014,16,Appenzell Innerrhoden,Y76T80,76-80 years,7.865,6,,,7865000.0
2015,16,Appenzell Innerrhoden,Y76T80,76-80 years,8.068,6,,,8068000.0
2016,16,Appenzell Innerrhoden,Y76T80,76-80 years,8.741,6,,,8741000.0
2017,16,Appenzell Innerrhoden,Y76T80,76-80 years,9.418,6,,,9418000.0
2018,16,Appenzell Innerrhoden,Y76T80,76-80 years,10.129,6,,,10129000.0
2019,16,Appenzell Innerrhoden,Y76T80,76-80 years,10.643,6,,,10643000.0
2020,16,Appenzell Innerrhoden,Y76T80,76-80 years,10.645,6,,,10645000.0
2021,16,Appenzell Innerrhoden,Y76T80,76-80 years,9.981,6,,,9981000.0
2022,16,Appenzell Innerrhoden,Y76T80,76-80 years,10.488,6,,,10488000.0
2023,16,Appenzell Innerrhoden,Y76T80,76-80 years,11.609,6,,,11609000.0
2024,16,Appenzell Innerrhoden,Y76T80,76-80 years,14.544,6,,,14544000.0
2011,17,St. Gallen,Y76T80,76-80 years,276.014,6,,,276014000.0
2012,17,St. Gallen,Y76T80,76-80 years,299.683,6,,,299683000.0
2013,17,St. Gallen,Y76T80,76-80 years,315.01,6,,,315010000.0
2014,17,St. Gallen,Y76T80,76-80 years,318.879,6,,,318879000.0
2015,17,St. Gallen,Y76T80,76-80 years,328.584,6,,,328584000.0
2016,17,St. Gallen,Y76T80,76-80 years,340.913,6,,,340913000.0
2017,17,St. Gallen,Y76T80,76-80 years,345.193,6,,,345193000.0
2018,17,St. Gallen,Y76T80,76-80 years,375.171,6,,,375171000.0
2019,17,St. Gallen,Y76T80,76-80 years,381.701,6,,,381701000.0
2020,17,St. Gallen,Y76T80,76-80 years,393.085,6,,,393085000.0
2021,17,St. Gallen,Y76T80,76-80 years,431.685,6,,,431685000.0
2022,17,St. Gallen,Y76T80,76-80 years,444.532,6,,,444532000.0
2023,17,St. Gallen,Y76T80,76-80 years,450.872,6,,,450872000.0
2024,17,St. Gallen,Y76T80,76-80 years,470.155,6,,,470155000.0
2011,18,Graubünden,Y76T80,76-80 years,123.233,6,,,123233000.0
2012,18,Graubünden,Y76T80,76-80 years,129.673,6,,,129673000.0
2013,18,Graubünden,Y76T80,76-80 years,137.585,6,,,137585000.0
2014,18,Graubünden,Y76T80,76-80 years,141.86,6,,,141860000.0
2015,18,Graubünden,Y76T80,76-80 years,143.939,6,,,143939000.0
2016,18,Graubünden,Y76T80,76-80 years,149.804,6,,,149804000.0
2017,18,Graubünden,Y76T80,76-80 years,150.036,6,,,150036000.0
2018,18,Graubünden,Y76T80,76-80 years,156.132,6,,,156132000.0
2019,18,Graubünden,Y76T80,76-80 years,171.692,6,,,171692000.0
2020,18,Graubünden,Y76T80,76-80 years,176.299,6,,,176299000.0
2021,18,Graubünden,Y76T80,76-80 years,189.141,6,,,189141000.0
2022,18,Graubünden,Y76T80,76-80 years,193.83,6,,,193830000.0
2023,18,Graubünden,Y76T80,76-80 years,195.618,6,,,195618000.0
2024,18,Graubünden,Y76T80,76-80 years,212.152,6,,,212152000.0
2011,19,Aargau,Y76T80,76-80 years,366.618,6,,,366618000.0
2012,19,Aargau,Y76T80,76-80 years,376.053,6,,,376053000.0
2013,19,Aargau,Y76T80,76-80 years,384.167,6,,,384167000.0
2014,19,Aargau,Y76T80,76-80 years,402.47,6,,,402470000.0
2015,19,Aargau,Y76T80,76-80 years,412.148,6,,,412148000.0
2016,19,Aargau,Y76T80,76-80 years,422.686,6,,,422686000.0
2017,19,Aargau,Y76T80,76-80 years,429.409,6,,,429409000.0
2018,19,Aargau,Y76T80,76-80 years,438.51,6,,,438510000.0
2019,19,Aargau,Y76T80,76-80 years,467.736,6,,,467736000.0
2020,19,Aargau,Y76T80,76-80 years,487.984,6,,,487984000.0
2021,19,Aargau,Y76T80,76-80 years,528.485,6,,,528485000.0
2022,19,Aargau,Y76T80,76-80 years,570.58,6,,,570580000.0
2023,19,Aargau,Y76T80,76-80 years,629.642,6,,,629642000.0
2024,19,Aargau,Y76T80,76-80 years,662.912,6,,,662912000.0
2011,20,Thurgau,Y76T80,76-80 years,134.82,6,,,134820000.0
2012,20,Thurgau,Y76T80,76-80 years,150.603,6,,,150603000.0
2013,20,Thurgau,Y76T80,76-80 years,158.173,6,,,158173000.0
2014,20,Thurgau,Y76T80,76-80 years,161.717,6,,,161717000.0
2015,20,Thurgau,Y76T80,76-80 years,169.149,6,,,169149000.0
2016,20,Thurgau,Y76T80,76-80 years,176.573,6,,,176573000.0
2017,20,Thurgau,Y76T80,76-80 years,171.509,6,,,171509000.0
2018,20,Thurgau,Y76T80,76-80 years,177.55,6,,,177550000.0
2019,20,Thurgau,Y76T80,76-80 years,196.214,6,,,196214000.0
2020,20,Thurgau,Y76T80,76-80 years,211.264,6,,,211264000.0
2021,20,Thurgau,Y76T80,76-80 years,226.072,6,,,226072000.0
2022,20,Thurgau,Y76T80,76-80 years,231.517,6,,,231517000.0
2023,20,Thurgau,Y76T80,76-80 years,236.853,6,,,236853000.0
2024,20,Thurgau,Y76T80,76-80 years,250.763,6,,,250763000.0
2011,21,Ticino,Y76T80,76-80 years,283.732,6,,,283732000.0
2012,21,Ticino,Y76T80,76-80 years,296.649,6,,,296649000.0
2013,21,Ticino,Y76T80,76-80 years,311.954,6,,,311954000.0
2014,21,Ticino,Y76T80,76-80 years,327.37,6,,,327370000.0
2015,21,Ticino,Y76T80,76-80 years,339.872,6,,,339872000.0
2016,21,Ticino,Y76T80,76-80 years,351.036,6,,,351036000.0
2017,21,Ticino,Y76T80,76-80 years,363.068,6,,,363068000.0
2018,21,Ticino,Y76T80,76-80 years,381.97,6,,,381970000.0
2019,21,Ticino,Y76T80,76-80 years,396.117,6,,,396117000.0
2020,21,Ticino,Y76T80,76-80 years,400.952,6,,,400952000.0
2021,21,Ticino,Y76T80,76-80 years,414.977,6,,,414977000.0
2022,21,Ticino,Y76T80,76-80 years,437.462,6,,,437462000.0
2023,21,Ticino,Y76T80,76-80 years,461.303,6,,,461303000.0
2024,21,Ticino,Y76T80,76-80 years,480.962,6,,,480962000.0
2011,22,Vaud,Y76T80,76-80 years,465.934,6,,,465934000.0
2012,22,Vaud,Y76T80,76-80 years,493.411,6,,,493411000.0
2013,22,Vaud,Y76T80,76-80 years,517.829,6,,,517828999.99999994
2014,22,Vaud,Y76T80,76-80 years,526.478,6,,,526477999.99999994
2015,22,Vaud,Y76T80,76-80 years,535.664,6,,,535664000.0
2016,22,Vaud,Y76T80,76-80 years,556.133,6,,,556133000.0
2017,22,Vaud,Y76T80,76-80 years,566.527,6,,,566527000.0
2018,22,Vaud,Y76T80,76-80 years,599.091,6,,,599091000.0
2019,22,Vaud,Y76T80,76-80 years,641.264,6,,,641264000.0
2020,22,Vaud,Y76T80,76-80 years,691.825,6,,,691825000.0
2021,22,Vaud,Y76T80,76-80 years,744.971,6,,,744971000.0
2022,22,Vaud,Y76T80,76-80 years,794.156,6,,,794156000.0
2023,22,Vaud,Y76T80,76-80 years,819.078,6,,,819078000.0
2024,22,Vaud,Y76T80,76-80 years,894.75,6,,,894750000.0
2011,23,Valais,Y76T80,76-80 years,195.23,6,,,195230000.0
2012,23,Valais,Y76T80,76-80 years,206.052,6,,,206052000.0
2013,23,Valais,Y76T80,76-80 years,213.122,6,,,213122000.0
2014,23,Valais,Y76T80,76-80 years,221.668,6,,,221668000.0
2015,23,Valais,Y76T80,76-80 years,222.045,6,,,222045000.0
2016,23,Valais,Y76T80,76-80 years,230.454,6,,,230454000.0
2017,23,Valais,Y76T80,76-80 years,237.955,6,,,237955000.0
2018,23,Valais,Y76T80,76-80 years,247.076,6,,,247076000.0
2019,23,Valais,Y76T80,76-80 years,279.599,6,,,279599000.0
2020,23,Valais,Y76T80,76-80 years,286.532,6,,,286532000.0
2021,23,Valais,Y76T80,76-80 years,308.038,6,,,308038000.0
2022,23,Valais,Y76T80,76-80 years,329.646,6,,,329646000.0
2023,23,Valais,Y76T80,76-80 years,352.322,6,,,352322000.0
2024,23,Valais,Y76T80,76-80 years,307.66,6,,,307660000.0
2011,24,Neuchâtel,Y76T80,76-80 years,123.915,6,,,123915000.0
2012,24,Neuchâtel,Y76T80,76-80 years,130.723,6,,,130723000.00000001
2013,24,Neuchâtel,Y76T80,76-80 years,135.543,6,,,135543000.0
2014,24,Neuchâtel,Y76T80,76-80 years,138.897,6,,,138897000.0
2015,24,Neuchâtel,Y76T80,76-80 years,141.378,6,,,141378000.0
2016,24,Neuchâtel,Y76T80,76-80 years,144.709,6,,,144709000.0
2017,24,Neuchâtel,Y76T80,76-80 years,149.56,6,,,149560000.0
2018,24,Neuchâtel,Y76T80,76-80 years,161.062,6,,,161062000.0
2019,24,Neuchâtel,Y76T80,76-80 years,157.141,6,,,157141000.0
2020,24,Neuchâtel,Y76T80,76-80 years,168.705,6,,,168705000.0
2021,24,Neuchâtel,Y76T80,76-80 years,186.296,6,,,186296000.0
2022,24,Neuchâtel,Y76T80,76-80 years,203.308,6,,,203308000.0
2023,24,Neuchâtel,Y76T80,76-80 years,212.41,6,,,212410000.0
2024,24,Neuchâtel,Y76T80,76-80 years,229.191,6,,,229191000.0
2011,25,Genève,Y76T80,76-80 years,310.175,6,,,310175000.0
2012,25,Genève,Y76T80,76-80 years,336.072,6,,,336072000.0
2013,25,Genève,Y76T80,76-80 years,345.741,6,,,345741000.0
2014,25,Genève,Y76T80,76-80 years,355.037,6,,,355037000.0
2015,25,Genève,Y76T80,76-80 years,363.04,6,,,363040000.0
2016,25,Genève,Y76T80,76-80 years,370.289,6,,,370289000.0
2017,25,Genève,Y76T80,76-80 years,374.38,6,,,374380000.0
2018,25,Genève,Y76T80,76-80 years,380.642,6,,,380642000.0
2019,25,Genève,Y76T80,76-80 years,410.696,6,,,410696000.0
2020,25,Genève,Y76T80,76-80 years,430.499,6,,,430499000.0
2021,25,Genève,Y76T80,76-80 years,450.808,6,,,450808000.0
2022,25,Genève,Y76T80,76-80 years,489.266,6,,,489266000.0
2023,25,Genève,Y76T80,76-80 years,500.459,6,,,500459000.0
2024,25,Genève,Y76T80,76-80 years,532.569,6,,,532568999.99999994
2011,26,Jura,Y76T80,76-80 years,53.635,6,,,53635000.0
2012,26,Jura,Y76T80,76-80 years,57.891,6,,,57891000.0
2013,26,Jura,Y76T80,76-80 years,61.802,6,,,61802000.0
2014,26,Jura,Y76T80,76-80 years,62.618,6,,,62618000.0
2015,26,Jura,Y76T80,76-80 years,65.135,6,,,65135000.00000001
2016,26,Jura,Y76T80,76-80 years,66.481,6,,,66480999.99999999
2017,26,Jura,Y76T80,76-80 years,66.472,6,,,66471999.99999999
2018,26,Jura,Y76T80,76-80 years,67.362,6,,,67362000.0
2019,26,Jura,Y76T80,76-80 years,71.79,6,,,71790000.0
2020,26,Jura,Y76T80,76-80 years,76.709,6,,,76709000.0
2021,26,Jura,Y76T80,76-80 years,79.394,6,,,79394000.0
2022,26,Jura,Y76T80,76-80 years,88.22,6,,,88220000.0
2023,26,Jura,Y76T80,76-80 years,88.064,6,,,88064000.0
2024,26,Jura,Y76T80,76-80 years,95.69,6,,,95690000.0
2011,_T,Total,Y81T85,81-85 years,5309.748,6,,,5309748000.0
2012,_T,Total,Y81T85,81-85 years,5582.868,6,,,5582868000.0
2013,_T,Total,Y81T85,81-85 years,5763.327,6,,,5763327000.0
2014,_T,Total,Y81T85,81-85 years,5930.192,6,,,5930192000.0
2015,_T,Total,Y81T85,81-85 years,6100.151,6,,,6100151000.0
2016,_T,Total,Y81T85,81-85 years,6213.734,6,,,6213734000.0
2017,_T,Total,Y81T85,81-85 years,6314.854,6,,,6314854000.0
2018,_T,Total,Y81T85,81-85 years,6396.094,6,,,6396094000.0
2019,_T,Total,Y81T85,81-85 years,6550.204,6,,,6550204000.0
2020,_T,Total,Y81T85,81-85 years,6598.896,6,,,6598896000.0
2021,_T,Total,Y81T85,81-85 years,6759.889,6,,,6759889000.0
2022,_T,Total,Y81T85,81-85 years,7221.515,6,,,7221515000.0
2023,_T,Total,Y81T85,81-85 years,7631.736,6,,,7631736000.0
2024,_T,Total,Y81T85,81-85 years,8320.458,6,,,8320458000.000001
2011,1,Zürich,Y81T85,81-85 years,902.974,6,,,902974000.0
2012,1,Zürich,Y81T85,81-85 years,948.266,6,,,948266000.0
2013,1,Zürich,Y81T85,81-85 years,970.479,6,,,970479000.0
2014,1,Zürich,Y81T85,81-85 years,996.984,6,,,996984000.0
2015,1,Zürich,Y81T85,81-85 years,1007.077,6,,,1007077000.0
2016,1,Zürich,Y81T85,81-85 years,1026.449,6,,,1026449000.0000001
2017,1,Zürich,Y81T85,81-85 years,1046.969,6,,,1046969000.0
2018,1,Zürich,Y81T85,81-85 years,1045.702,6,,,1045702000.0
2019,1,Zürich,Y81T85,81-85 years,1078.898,6,,,1078898000.0
2020,1,Zürich,Y81T85,81-85 years,1075.551,6,,,1075551000.0
2021,1,Zürich,Y81T85,81-85 years,1098.486,6,,,1098486000.0
2022,1,Zürich,Y81T85,81-85 years,1189.338,6,,,1189338000.0
2023,1,Zürich,Y81T85,81-85 years,1251.25,6,,,1251250000.0
2024,1,Zürich,Y81T85,81-85 years,1388.241,6,,,1388241000.0
2011,2,Bern,Y81T85,81-85 years,756.536,6,,,756536000.0
2012,2,Bern,Y81T85,81-85 years,785.3,6,,,785300000.0
2013,2,Bern,Y81T85,81-85 years,797.979,6,,,797979000.0
2014,2,Bern,Y81T85,81-85 years,825.18,6,,,825180000.0
2015,2,Bern,Y81T85,81-85 years,861.85,6,,,861850000.0
2016,2,Bern,Y81T85,81-85 years,872.482,6,,,872482000.0
2017,2,Bern,Y81T85,81-85 years,868.16,6,,,868160000.0
2018,2,Bern,Y81T85,81-85 years,882.517,6,,,882517000.0
2019,2,Bern,Y81T85,81-85 years,869.604,6,,,869604000.0
2020,2,Bern,Y81T85,81-85 years,880.657,6,,,880657000.0
2021,2,Bern,Y81T85,81-85 years,899.936,6,,,899936000.0
2022,2,Bern,Y81T85,81-85 years,934.542,6,,,934542000.0
2023,2,Bern,Y81T85,81-85 years,996.18,6,,,996180000.0
2024,2,Bern,Y81T85,81-85 years,1071.813,6,,,1071813000.0000001
2011,3,Luzern,Y81T85,81-85 years,229.23,6,,,229230000.0
2012,3,Luzern,Y81T85,81-85 years,240.238,6,,,240238000.0
2013,3,Luzern,Y81T85,81-85 years,248.043,6,,,248043000.0
2014,3,Luzern,Y81T85,81-85 years,255.183,6,,,255183000.0
2015,3,Luzern,Y81T85,81-85 years,264.196,6,,,264196000.00000003
2016,3,Luzern,Y81T85,81-85 years,272.629,6,,,272629000.0
2017,3,Luzern,Y81T85,81-85 years,276.477,6,,,276477000.0
2018,3,Luzern,Y81T85,81-85 years,275.632,6,,,275632000.0
2019,3,Luzern,Y81T85,81-85 years,290.995,6,,,290995000.0
2020,3,Luzern,Y81T85,81-85 years,283.475,6,,,283475000.0
2021,3,Luzern,Y81T85,81-85 years,291.577,6,,,291577000.0
2022,3,Luzern,Y81T85,81-85 years,306.936,6,,,306936000.0
2023,3,Luzern,Y81T85,81-85 years,315.576,6,,,315576000.0
2024,3,Luzern,Y81T85,81-85 years,347.352,6,,,347352000.0
2011,4,Uri,Y81T85,81-85 years,24.488,6,,,24488000.0
2012,4,Uri,Y81T85,81-85 years,24.717,6,,,24717000.0
2013,4,Uri,Y81T85,81-85 years,23.924,6,,,23924000.0
2014,4,Uri,Y81T85,81-85 years,25.343,6,,,25343000.0
2015,4,Uri,Y81T85,81-85 years,23.983,6,,,23983000.0
2016,4,Uri,Y81T85,81-85 years,24.851,6,,,24851000.0
2017,4,Uri,Y81T85,81-85 years,24.982,6,,,24982000.0
2018,4,Uri,Y81T85,81-85 years,25.222,6,,,25222000.0
2019,4,Uri,Y81T85,81-85 years,26.964,6,,,26964000.0
2020,4,Uri,Y81T85,81-85 years,26.12,6,,,26120000.0
2021,4,Uri,Y81T85,81-85 years,27.336,6,,,27336000.0
2022,4,Uri,Y81T85,81-85 years,28.692,6,,,28692000.0
2023,4,Uri,Y81T85,81-85 years,29.431,6,,,29431000.0
2024,4,Uri,Y81T85,81-85 years,33.736,6,,,33736000.0
2011,5,Schwyz,Y81T85,81-85 years,83.42,6,,,83420000.0
2012,5,Schwyz,Y81T85,81-85 years,96.271,6,,,96271000.0
2013,5,Schwyz,Y81T85,81-85 years,102.002,6,,,102002000.0
2014,5,Schwyz,Y81T85,81-85 years,103.299,6,,,103299000.0
2015,5,Schwyz,Y81T85,81-85 years,105.967,6,,,105967000.0
2016,5,Schwyz,Y81T85,81-85 years,106.331,6,,,106331000.0
2017,5,Schwyz,Y81T85,81-85 years,112.222,6,,,112222000.0
2018,5,Schwyz,Y81T85,81-85 years,116.979,6,,,116979000.0
2019,5,Schwyz,Y81T85,81-85 years,118.469,6,,,118469000.0
2020,5,Schwyz,Y81T85,81-85 years,112.016,6,,,112016000.0
2021,5,Schwyz,Y81T85,81-85 years,111.625,6,,,111625000.0
2022,5,Schwyz,Y81T85,81-85 years,113.991,6,,,113991000.0
2023,5,Schwyz,Y81T85,81-85 years,123.321,6,,,123321000.0
2024,5,Schwyz,Y81T85,81-85 years,138.875,6,,,138875000.0
2011,6,Obwalden,Y81T85,81-85 years,20.556,6,,,20556000.0
2012,6,Obwalden,Y81T85,81-85 years,21.956,6,,,21956000.0
2013,6,Obwalden,Y81T85,81-85 years,21.438,6,,,21438000.0
2014,6,Obwalden,Y81T85,81-85 years,23.946,6,,,23946000.0
2015,6,Obwalden,Y81T85,81-85 years,24.172,6,,,24172000.0
2016,6,Obwalden,Y81T85,81-85 years,24.353,6,,,24353000.0
2017,6,Obwalden,Y81T85,81-85 years,24.34,6,,,24340000.0
2018,6,Obwalden,Y81T85,81-85 years,25.726,6,,,25726000.0
2019,6,Obwalden,Y81T85,81-85 years,25.532,6,,,25532000.0
2020,6,Obwalden,Y81T85,81-85 years,24.658,6,,,24658000.0
2021,6,Obwalden,Y81T85,81-85 years,25.071,6,,,25071000.0
2022,6,Obwalden,Y81T85,81-85 years,26.135,6,,,26135000.0
2023,6,Obwalden,Y81T85,81-85 years,27.334,6,,,27334000.0
2024,6,Obwalden,Y81T85,81-85 years,28.565,6,,,28565000.0
2011,7,Nidwalden,Y81T85,81-85 years,20.904,6,,,20904000.0
2012,7,Nidwalden,Y81T85,81-85 years,20.83,6,,,20830000.0
2013,7,Nidwalden,Y81T85,81-85 years,20.908,6,,,20908000.0
2014,7,Nidwalden,Y81T85,81-85 years,21.373,6,,,21373000.0
2015,7,Nidwalden,Y81T85,81-85 years,21.728,6,,,21728000.0
2016,7,Nidwalden,Y81T85,81-85 years,22.248,6,,,22248000.0
2017,7,Nidwalden,Y81T85,81-85 years,23.933,6,,,23933000.0
2018,7,Nidwalden,Y81T85,81-85 years,25.167,6,,,25167000.0
2019,7,Nidwalden,Y81T85,81-85 years,28.285,6,,,28285000.0
2020,7,Nidwalden,Y81T85,81-85 years,27.745,6,,,27745000.0
2021,7,Nidwalden,Y81T85,81-85 years,28.26,6,,,28260000.0
2022,7,Nidwalden,Y81T85,81-85 years,30.169,6,,,30169000.0
2023,7,Nidwalden,Y81T85,81-85 years,30.953,6,,,30953000.0
2024,7,Nidwalden,Y81T85,81-85 years,36.159,6,,,36159000.0
2011,8,Glarus,Y81T85,81-85 years,29.031,6,,,29031000.0
2012,8,Glarus,Y81T85,81-85 years,31.444,6,,,31444000.0
2013,8,Glarus,Y81T85,81-85 years,31.805,6,,,31805000.0
2014,8,Glarus,Y81T85,81-85 years,34.222,6,,,34222000.0
2015,8,Glarus,Y81T85,81-85 years,33.561,6,,,33561000.0
2016,8,Glarus,Y81T85,81-85 years,32.625,6,,,32625000.0
2017,8,Glarus,Y81T85,81-85 years,32.095,6,,,32095000.0
2018,8,Glarus,Y81T85,81-85 years,30.37,6,,,30370000.0
2019,8,Glarus,Y81T85,81-85 years,28.097,6,,,28097000.0
2020,8,Glarus,Y81T85,81-85 years,50.617,6,,,50617000.0
2021,8,Glarus,Y81T85,81-85 years,31.016,6,,,31016000.0
2022,8,Glarus,Y81T85,81-85 years,38.707,6,,,38707000.0
2023,8,Glarus,Y81T85,81-85 years,40.021,6,,,40021000.0
2024,8,Glarus,Y81T85,81-85 years,45.856,6,,,45856000.0
2011,9,Zug,Y81T85,81-85 years,56.224,6,,,56224000.0
2012,9,Zug,Y81T85,81-85 years,59.73,6,,,59730000.0
2013,9,Zug,Y81T85,81-85 years,65.271,6,,,65271000.0
2014,9,Zug,Y81T85,81-85 years,66.283,6,,,66283000.0
2015,9,Zug,Y81T85,81-85 years,68.576,6,,,68576000.0
2016,9,Zug,Y81T85,81-85 years,70.309,6,,,70309000.0
2017,9,Zug,Y81T85,81-85 years,69.646,6,,,69646000.0
2018,9,Zug,Y81T85,81-85 years,76.727,6,,,76727000.0
2019,9,Zug,Y81T85,81-85 years,76.214,6,,,76214000.0
2020,9,Zug,Y81T85,81-85 years,83.233,6,,,83233000.0
2021,9,Zug,Y81T85,81-85 years,85.979,6,,,85979000.0
2022,9,Zug,Y81T85,81-85 years,94.764,6,,,94764000.0
2023,9,Zug,Y81T85,81-85 years,98.471,6,,,98471000.0
2024,9,Zug,Y81T85,81-85 years,106.46,6,,,106460000.0
2011,10,Fribourg,Y81T85,81-85 years,156.849,6,,,156849000.0
2012,10,Fribourg,Y81T85,81-85 years,162.244,6,,,162244000.0
2013,10,Fribourg,Y81T85,81-85 years,169.877,6,,,169877000.0
2014,10,Fribourg,Y81T85,81-85 years,171.417,6,,,171417000.0
2015,10,Fribourg,Y81T85,81-85 years,176.386,6,,,176386000.0
2016,10,Fribourg,Y81T85,81-85 years,179.711,6,,,179711000.0
2017,10,Fribourg,Y81T85,81-85 years,188.165,6,,,188165000.0
2018,10,Fribourg,Y81T85,81-85 years,186.469,6,,,186469000.0
2019,10,Fribourg,Y81T85,81-85 years,196.768,6,,,196768000.0
2020,10,Fribourg,Y81T85,81-85 years,195.202,6,,,195202000.0
2021,10,Fribourg,Y81T85,81-85 years,199.089,6,,,199089000.0
2022,10,Fribourg,Y81T85,81-85 years,213.199,6,,,213199000.0
2023,10,Fribourg,Y81T85,81-85 years,230.489,6,,,230489000.0
2024,10,Fribourg,Y81T85,81-85 years,269.981,6,,,269981000.0
2011,11,Solothurn,Y81T85,81-85 years,157.564,6,,,157564000.0
2012,11,Solothurn,Y81T85,81-85 years,168.975,6,,,168975000.0
2013,11,Solothurn,Y81T85,81-85 years,176.039,6,,,176039000.0
2014,11,Solothurn,Y81T85,81-85 years,186.49,6,,,186490000.0
2015,11,Solothurn,Y81T85,81-85 years,191.951,6,,,191951000.0
2016,11,Solothurn,Y81T85,81-85 years,191.792,6,,,191792000.0
2017,11,Solothurn,Y81T85,81-85 years,196.517,6,,,196517000.0
2018,11,Solothurn,Y81T85,81-85 years,201.362,6,,,201362000.0
2019,11,Solothurn,Y81T85,81-85 years,202.954,6,,,202954000.0
2020,11,Solothurn,Y81T85,81-85 years,204.651,6,,,204651000.0
2021,11,Solothurn,Y81T85,81-85 years,202.888,6,,,202888000.0
2022,11,Solothurn,Y81T85,81-85 years,211.775,6,,,211775000.0
2023,11,Solothurn,Y81T85,81-85 years,230.361,6,,,230361000.0
2024,11,Solothurn,Y81T85,81-85 years,265.333,6,,,265333000.00000003
2011,12,Basel-Stadt,Y81T85,81-85 years,204.904,6,,,204904000.0
2012,12,Basel-Stadt,Y81T85,81-85 years,209.593,6,,,209593000.0
2013,12,Basel-Stadt,Y81T85,81-85 years,208.302,6,,,208302000.0
2014,12,Basel-Stadt,Y81T85,81-85 years,210.991,6,,,210991000.0
2015,12,Basel-Stadt,Y81T85,81-85 years,217.076,6,,,217076000.0
2016,12,Basel-Stadt,Y81T85,81-85 years,218.865,6,,,218865000.0
2017,12,Basel-Stadt,Y81T85,81-85 years,218.245,6,,,218245000.0
2018,12,Basel-Stadt,Y81T85,81-85 years,215.209,6,,,215209000.0
2019,12,Basel-Stadt,Y81T85,81-85 years,217.378,6,,,217378000.0
2020,12,Basel-Stadt,Y81T85,81-85 years,211.576,6,,,211576000.0
2021,12,Basel-Stadt,Y81T85,81-85 years,215.98,6,,,215980000.0
2022,12,Basel-Stadt,Y81T85,81-85 years,235.125,6,,,235125000.0
2023,12,Basel-Stadt,Y81T85,81-85 years,220.424,6,,,220424000.0
2024,12,Basel-Stadt,Y81T85,81-85 years,245.937,6,,,245937000.0
2011,13,Basel-Landschaft,Y81T85,81-85 years,206.521,6,,,206521000.0
2012,13,Basel-Landschaft,Y81T85,81-85 years,219.883,6,,,219883000.0
2013,13,Basel-Landschaft,Y81T85,81-85 years,235.342,6,,,235342000.0
2014,13,Basel-Landschaft,Y81T85,81-85 years,235.936,6,,,235936000.0
2015,13,Basel-Landschaft,Y81T85,81-85 years,251.967,6,,,251967000.0
2016,13,Basel-Landschaft,Y81T85,81-85 years,255.186,6,,,255186000.0
2017,13,Basel-Landschaft,Y81T85,81-85 years,261.922,6,,,261922000.00000003
2018,13,Basel-Landschaft,Y81T85,81-85 years,271.045,6,,,271045000.0
2019,13,Basel-Landschaft,Y81T85,81-85 years,286.235,6,,,286235000.0
2020,13,Basel-Landschaft,Y81T85,81-85 years,270.874,6,,,270874000.0
2021,13,Basel-Landschaft,Y81T85,81-85 years,290.874,6,,,290874000.0
2022,13,Basel-Landschaft,Y81T85,81-85 years,315.571,6,,,315571000.0
2023,13,Basel-Landschaft,Y81T85,81-85 years,321.862,6,,,321862000.0
2024,13,Basel-Landschaft,Y81T85,81-85 years,357.61,6,,,357610000.0
2011,14,Schaffhausen,Y81T85,81-85 years,62.479,6,,,62479000.0
2012,14,Schaffhausen,Y81T85,81-85 years,65.695,6,,,65694999.99999999
2013,14,Schaffhausen,Y81T85,81-85 years,68.171,6,,,68171000.0
2014,14,Schaffhausen,Y81T85,81-85 years,67.452,6,,,67452000.0
2015,14,Schaffhausen,Y81T85,81-85 years,68.65,6,,,68650000.0
2016,14,Schaffhausen,Y81T85,81-85 years,64.045,6,,,64045000.0
2017,14,Schaffhausen,Y81T85,81-85 years,63.795,6,,,63795000.0
2018,14,Schaffhausen,Y81T85,81-85 years,65.361,6,,,65361000.00000001
2019,14,Schaffhausen,Y81T85,81-85 years,70.715,6,,,70715000.0
2020,14,Schaffhausen,Y81T85,81-85 years,71.041,6,,,71041000.0
2021,14,Schaffhausen,Y81T85,81-85 years,77.545,6,,,77545000.0
2022,14,Schaffhausen,Y81T85,81-85 years,83.408,6,,,83408000.0
2023,14,Schaffhausen,Y81T85,81-85 years,90.629,6,,,90629000.0
2024,14,Schaffhausen,Y81T85,81-85 years,87.936,6,,,87936000.0
2011,15,Appenzell Ausserrhoden,Y81T85,81-85 years,31.839,6,,,31839000.0
2012,15,Appenzell Ausserrhoden,Y81T85,81-85 years,36.065,6,,,36065000.0
2013,15,Appenzell Ausserrhoden,Y81T85,81-85 years,38.566,6,,,38566000.0
2014,15,Appenzell Ausserrhoden,Y81T85,81-85 years,37.368,6,,,37368000.0
2015,15,Appenzell Ausserrhoden,Y81T85,81-85 years,39.196,6,,,39196000.0
2016,15,Appenzell Ausserrhoden,Y81T85,81-85 years,40.428,6,,,40428000.0
2017,15,Appenzell Ausserrhoden,Y81T85,81-85 years,38.74,6,,,38740000.0
2018,15,Appenzell Ausserrhoden,Y81T85,81-85 years,41.967,6,,,41967000.0
2019,15,Appenzell Ausserrhoden,Y81T85,81-85 years,39.633,6,,,39633000.0
2020,15,Appenzell Ausserrhoden,Y81T85,81-85 years,38.644,6,,,38644000.0
2021,15,Appenzell Ausserrhoden,Y81T85,81-85 years,38.229,6,,,38229000.0
2022,15,Appenzell Ausserrhoden,Y81T85,81-85 years,40.662,6,,,40662000.0
2023,15,Appenzell Ausserrhoden,Y81T85,81-85 years,44.119,6,,,44119000.0
2024,15,Appenzell Ausserrhoden,Y81T85,81-85 years,47.267,6,,,47267000.0
2011,16,Appenzell Innerrhoden,Y81T85,81-85 years,8.409,6,,,8409000.0
2012,16,Appenzell Innerrhoden,Y81T85,81-85 years,10.574,6,,,10574000.0
2013,16,Appenzell Innerrhoden,Y81T85,81-85 years,11.05,6,,,11050000.0
2014,16,Appenzell Innerrhoden,Y81T85,81-85 years,11.859,6,,,11859000.0
2015,16,Appenzell Innerrhoden,Y81T85,81-85 years,11.635,6,,,11635000.0
2016,16,Appenzell Innerrhoden,Y81T85,81-85 years,11.722,6,,,11722000.0
2017,16,Appenzell Innerrhoden,Y81T85,81-85 years,11.185,6,,,11185000.0
2018,16,Appenzell Innerrhoden,Y81T85,81-85 years,11.733,6,,,11733000.0
2019,16,Appenzell Innerrhoden,Y81T85,81-85 years,11.331,6,,,11331000.0
2020,16,Appenzell Innerrhoden,Y81T85,81-85 years,12.45,6,,,12450000.0
2021,16,Appenzell Innerrhoden,Y81T85,81-85 years,14.333,6,,,14333000.0
2022,16,Appenzell Innerrhoden,Y81T85,81-85 years,15.968,6,,,15968000.0
2023,16,Appenzell Innerrhoden,Y81T85,81-85 years,15.762,6,,,15762000.0
2024,16,Appenzell Innerrhoden,Y81T85,81-85 years,14.98,6,,,14980000.0
2011,17,St. Gallen,Y81T85,81-85 years,280.54,6,,,280540000.0
2012,17,St. Gallen,Y81T85,81-85 years,297.614,6,,,297614000.0
2013,17,St. Gallen,Y81T85,81-85 years,311.953,6,,,311953000.0
2014,17,St. Gallen,Y81T85,81-85 years,325.775,6,,,325775000.0
2015,17,St. Gallen,Y81T85,81-85 years,336.428,6,,,336428000.0
2016,17,St. Gallen,Y81T85,81-85 years,348.291,6,,,348291000.0
2017,17,St. Gallen,Y81T85,81-85 years,353.515,6,,,353515000.0
2018,17,St. Gallen,Y81T85,81-85 years,351.716,6,,,351716000.0
2019,17,St. Gallen,Y81T85,81-85 years,364.095,6,,,364095000.0
2020,17,St. Gallen,Y81T85,81-85 years,376.39,6,,,376390000.0
2021,17,St. Gallen,Y81T85,81-85 years,379.287,6,,,379287000.0
2022,17,St. Gallen,Y81T85,81-85 years,395.518,6,,,395518000.0
2023,17,St. Gallen,Y81T85,81-85 years,425.206,6,,,425206000.0
2024,17,St. Gallen,Y81T85,81-85 years,454.484,6,,,454484000.0
2011,18,Graubünden,Y81T85,81-85 years,135.846,6,,,135846000.0
2012,18,Graubünden,Y81T85,81-85 years,137.805,6,,,137805000.0
2013,18,Graubünden,Y81T85,81-85 years,139.827,6,,,139827000.0
2014,18,Graubünden,Y81T85,81-85 years,146.196,6,,,146196000.0
2015,18,Graubünden,Y81T85,81-85 years,149.592,6,,,149592000.0
2016,18,Graubünden,Y81T85,81-85 years,146.99,6,,,146990000.0
2017,18,Graubünden,Y81T85,81-85 years,149.517,6,,,149517000.0
2018,18,Graubünden,Y81T85,81-85 years,149.673,6,,,149673000.0
2019,18,Graubünden,Y81T85,81-85 years,151.424,6,,,151424000.0
2020,18,Graubünden,Y81T85,81-85 years,148.888,6,,,148888000.0
2021,18,Graubünden,Y81T85,81-85 years,157.397,6,,,157397000.0
2022,18,Graubünden,Y81T85,81-85 years,176.452,6,,,176452000.0
2023,18,Graubünden,Y81T85,81-85 years,195.315,6,,,195315000.0
2024,18,Graubünden,Y81T85,81-85 years,196.608,6,,,196608000.0
2011,19,Aargau,Y81T85,81-85 years,354.417,6,,,354417000.0
2012,19,Aargau,Y81T85,81-85 years,375.713,6,,,375713000.0
2013,19,Aargau,Y81T85,81-85 years,382.732,6,,,382732000.0
2014,19,Aargau,Y81T85,81-85 years,395.953,6,,,395953000.0
2015,19,Aargau,Y81T85,81-85 years,407.975,6,,,407975000.0
2016,19,Aargau,Y81T85,81-85 years,413.441,6,,,413441000.0
2017,19,Aargau,Y81T85,81-85 years,414.962,6,,,414962000.0
2018,19,Aargau,Y81T85,81-85 years,417.645,6,,,417645000.0
2019,19,Aargau,Y81T85,81-85 years,440.087,6,,,440087000.0
2020,19,Aargau,Y81T85,81-85 years,449.455,6,,,449455000.0
2021,19,Aargau,Y81T85,81-85 years,462.814,6,,,462814000.0
2022,19,Aargau,Y81T85,81-85 years,488.922,6,,,488922000.0
2023,19,Aargau,Y81T85,81-85 years,527.801,6,,,527801000.00000006
2024,19,Aargau,Y81T85,81-85 years,587.466,6,,,587466000.0
2011,20,Thurgau,Y81T85,81-85 years,141.996,6,,,141996000.0
2012,20,Thurgau,Y81T85,81-85 years,148.442,6,,,148442000.0
2013,20,Thurgau,Y81T85,81-85 years,152.224,6,,,152224000.0
2014,20,Thurgau,Y81T85,81-85 years,154.035,6,,,154035000.0
2015,20,Thurgau,Y81T85,81-85 years,158.834,6,,,158834000.0
2016,20,Thurgau,Y81T85,81-85 years,160.729,6,,,160729000.0
2017,20,Thurgau,Y81T85,81-85 years,170.055,6,,,170055000.0
2018,20,Thurgau,Y81T85,81-85 years,185.137,6,,,185137000.0
2019,20,Thurgau,Y81T85,81-85 years,187.122,6,,,187122000.0
2020,20,Thurgau,Y81T85,81-85 years,184.509,6,,,184509000.0
2021,20,Thurgau,Y81T85,81-85 years,193.552,6,,,193552000.0
2022,20,Thurgau,Y81T85,81-85 years,204.57,6,,,204570000.0
2023,20,Thurgau,Y81T85,81-85 years,224.005,6,,,224005000.0
2024,20,Thurgau,Y81T85,81-85 years,236.8,6,,,236800000.0
2011,21,Ticino,Y81T85,81-85 years,274.791,6,,,274791000.0
2012,21,Ticino,Y81T85,81-85 years,291.253,6,,,291253000.0
2013,21,Ticino,Y81T85,81-85 years,299.025,6,,,299025000.0
2014,21,Ticino,Y81T85,81-85 years,316.426,6,,,316426000.0
2015,21,Ticino,Y81T85,81-85 years,325.296,6,,,325296000.0
2016,21,Ticino,Y81T85,81-85 years,338.115,6,,,338115000.0
2017,21,Ticino,Y81T85,81-85 years,356.313,6,,,356313000.0
2018,21,Ticino,Y81T85,81-85 years,368.543,6,,,368543000.0
2019,21,Ticino,Y81T85,81-85 years,383.011,6,,,383011000.0
2020,21,Ticino,Y81T85,81-85 years,390.104,6,,,390104000.0
2021,21,Ticino,Y81T85,81-85 years,405.567,6,,,405567000.0
2022,21,Ticino,Y81T85,81-85 years,440.628,6,,,440628000.0
2023,21,Ticino,Y81T85,81-85 years,461.235,6,,,461235000.0
2024,21,Ticino,Y81T85,81-85 years,484.547,6,,,484547000.0
2011,22,Vaud,Y81T85,81-85 years,473.235,6,,,473235000.0
2012,22,Vaud,Y81T85,81-85 years,496.105,6,,,496105000.0
2013,22,Vaud,Y81T85,81-85 years,514.295,6,,,514294999.99999994
2014,22,Vaud,Y81T85,81-85 years,523.275,6,,,523275000.0
2015,22,Vaud,Y81T85,81-85 years,538.165,6,,,538165000.0
2016,22,Vaud,Y81T85,81-85 years,552.6,6,,,552600000.0
2017,22,Vaud,Y81T85,81-85 years,562.822,6,,,562822000.0
2018,22,Vaud,Y81T85,81-85 years,565.914,6,,,565914000.0
2019,22,Vaud,Y81T85,81-85 years,586.504,6,,,586504000.0
2020,22,Vaud,Y81T85,81-85 years,597.576,6,,,597576000.0
2021,22,Vaud,Y81T85,81-85 years,615.584,6,,,615584000.0
2022,22,Vaud,Y81T85,81-85 years,669.29,6,,,669290000.0
2023,22,Vaud,Y81T85,81-85 years,707.157,6,,,707157000.0
2024,22,Vaud,Y81T85,81-85 years,798.023,6,,,798023000.0
2011,23,Valais,Y81T85,81-85 years,187.141,6,,,187141000.0
2012,23,Valais,Y81T85,81-85 years,197.475,6,,,197475000.0
2013,23,Valais,Y81T85,81-85 years,208.838,6,,,208838000.0
2014,23,Valais,Y81T85,81-85 years,215.714,6,,,215714000.0
2015,23,Valais,Y81T85,81-85 years,223.089,6,,,223089000.0
2016,23,Valais,Y81T85,81-85 years,231.331,6,,,231331000.0
2017,23,Valais,Y81T85,81-85 years,237.36,6,,,237360000.0
2018,23,Valais,Y81T85,81-85 years,242.593,6,,,242593000.0
2019,23,Valais,Y81T85,81-85 years,250.375,6,,,250375000.0
2020,23,Valais,Y81T85,81-85 years,247.877,6,,,247877000.0
2021,23,Valais,Y81T85,81-85 years,264.198,6,,,264197999.99999997
2022,23,Valais,Y81T85,81-85 years,280.8,6,,,280800000.0
2023,23,Valais,Y81T85,81-85 years,297.429,6,,,297429000.0
2024,23,Valais,Y81T85,81-85 years,265.935,6,,,265935000.0
2011,24,Neuchâtel,Y81T85,81-85 years,134.936,6,,,134936000.0
2012,24,Neuchâtel,Y81T85,81-85 years,139.937,6,,,139937000.0
2013,24,Neuchâtel,Y81T85,81-85 years,150.254,6,,,150254000.0
2014,24,Neuchâtel,Y81T85,81-85 years,151.846,6,,,151846000.0
2015,24,Neuchâtel,Y81T85,81-85 years,156.591,6,,,156591000.0
2016,24,Neuchâtel,Y81T85,81-85 years,162.11,6,,,162110000.0
2017,24,Neuchâtel,Y81T85,81-85 years,163.572,6,,,163572000.0
2018,24,Neuchâtel,Y81T85,81-85 years,163.375,6,,,163375000.0
2019,24,Neuchâtel,Y81T85,81-85 years,153.752,6,,,153752000.0
2020,24,Neuchâtel,Y81T85,81-85 years,155.652,6,,,155652000.0
2021,24,Neuchâtel,Y81T85,81-85 years,161.658,6,,,161658000.0
2022,24,Neuchâtel,Y81T85,81-85 years,168.222,6,,,168222000.0
2023,24,Neuchâtel,Y81T85,81-85 years,179.38,6,,,179380000.0
2024,24,Neuchâtel,Y81T85,81-85 years,204.967,6,,,204967000.0
2011,25,Genève,Y81T85,81-85 years,314.105,6,,,314105000.0
2012,25,Genève,Y81T85,81-85 years,334.322,6,,,334322000.0
2013,25,Genève,Y81T85,81-85 years,351.201,6,,,351201000.0
2014,25,Genève,Y81T85,81-85 years,364.853,6,,,364853000.0
2015,25,Genève,Y81T85,81-85 years,372.74,6,,,372740000.0
2016,25,Genève,Y81T85,81-85 years,379.409,6,,,379409000.0
2017,25,Genève,Y81T85,81-85 years,384.554,6,,,384554000.0
2018,25,Genève,Y81T85,81-85 years,387.154,6,,,387154000.0
2019,25,Genève,Y81T85,81-85 years,399.98,6,,,399980000.0
2020,25,Genève,Y81T85,81-85 years,406.706,6,,,406706000.0
2021,25,Genève,Y81T85,81-85 years,408.855,6,,,408855000.0
2022,25,Genève,Y81T85,81-85 years,441.573,6,,,441573000.0
2023,25,Genève,Y81T85,81-85 years,469.767,6,,,469767000.0
2024,25,Genève,Y81T85,81-85 years,516.799,6,,,516799000.0
2011,26,Jura,Y81T85,81-85 years,60.814,6,,,60814000.0
2012,26,Jura,Y81T85,81-85 years,62.421,6,,,62421000.0
2013,26,Jura,Y81T85,81-85 years,63.782,6,,,63782000.0
2014,26,Jura,Y81T85,81-85 years,62.79,6,,,62790000.0
2015,26,Jura,Y81T85,81-85 years,63.47,6,,,63470000.0
2016,26,Jura,Y81T85,81-85 years,66.691,6,,,66691000.0
2017,26,Jura,Y81T85,81-85 years,64.794,6,,,64794000.0
2018,26,Jura,Y81T85,81-85 years,67.157,6,,,67157000.0
2019,26,Jura,Y81T85,81-85 years,65.784,6,,,65784000.00000001
2020,26,Jura,Y81T85,81-85 years,73.228,6,,,73228000.0
2021,26,Jura,Y81T85,81-85 years,72.752,6,,,72752000.0
2022,26,Jura,Y81T85,81-85 years,76.559,6,,,76559000.0
2023,26,Jura,Y81T85,81-85 years,78.261,6,,,78261000.0
2024,26,Jura,Y81T85,81-85 years,88.728,6,,,88728000.0
2011,_T,Total,Y86T90,86-90 years,4799.806,6,,,4799806000.0
2012,_T,Total,Y86T90,86-90 years,5029.518,6,,,5029518000.0
2013,_T,Total,Y86T90,86-90 years,5173.508,6,,,5173508000.0
2014,_T,Total,Y86T90,86-90 years,5273.993,6,,,5273993000.0
2015,_T,Total,Y86T90,86-90 years,5387.536,6,,,5387536000.0
2016,_T,Total,Y86T90,86-90 years,5523.368,6,,,5523368000.0
2017,_T,Total,Y86T90,86-90 years,5678.584,6,,,5678584000.0
2018,_T,Total,Y86T90,86-90 years,5802.88,6,,,5802880000.0
2019,_T,Total,Y86T90,86-90 years,6021.533,6,,,6021533000.0
2020,_T,Total,Y86T90,86-90 years,6097.16,6,,,6097160000.0
2021,_T,Total,Y86T90,86-90 years,6152.936,6,,,6152936000.0
2022,_T,Total,Y86T90,86-90 years,6525.635,6,,,6525635000.0
2023,_T,Total,Y86T90,86-90 years,6734.111,6,,,6734111000.0
2024,_T,Total,Y86T90,86-90 years,7184.527,6,,,7184527000.0
2011,1,Zürich,Y86T90,86-90 years,822.316,6,,,822316000.0
2012,1,Zürich,Y86T90,86-90 years,856.246,6,,,856246000.0
2013,1,Zürich,Y86T90,86-90 years,880.031,6,,,880031000.0
2014,1,Zürich,Y86T90,86-90 years,901.465,6,,,901465000.0
2015,1,Zürich,Y86T90,86-90 years,927.69,6,,,927690000.0
2016,1,Zürich,Y86T90,86-90 years,947.731,6,,,947731000.0
2017,1,Zürich,Y86T90,86-90 years,956.987,6,,,956987000.0
2018,1,Zürich,Y86T90,86-90 years,959.774,6,,,959774000.0
2019,1,Zürich,Y86T90,86-90 years,984.451,6,,,984451000.0
2020,1,Zürich,Y86T90,86-90 years,980.016,6,,,980016000.0
2021,1,Zürich,Y86T90,86-90 years,991.466,6,,,991466000.0
2022,1,Zürich,Y86T90,86-90 years,1047.159,6,,,1047159000.0000001
2023,1,Zürich,Y86T90,86-90 years,1075.459,6,,,1075459000.0
2024,1,Zürich,Y86T90,86-90 years,1185.948,6,,,1185948000.0
2011,2,Bern,Y86T90,86-90 years,693.508,6,,,693508000.0
2012,2,Bern,Y86T90,86-90 years,724.116,6,,,724116000.0
2013,2,Bern,Y86T90,86-90 years,741.965,6,,,741965000.0
2014,2,Bern,Y86T90,86-90 years,750.121,6,,,750121000.0
2015,2,Bern,Y86T90,86-90 years,759.107,6,,,759107000.0
2016,2,Bern,Y86T90,86-90 years,779.232,6,,,779232000.0
2017,2,Bern,Y86T90,86-90 years,798.209,6,,,798209000.0
2018,2,Bern,Y86T90,86-90 years,813.998,6,,,813998000.0
2019,2,Bern,Y86T90,86-90 years,830.007,6,,,830007000.0
2020,2,Bern,Y86T90,86-90 years,836.808,6,,,836808000.0
2021,2,Bern,Y86T90,86-90 years,841.395,6,,,841395000.0
2022,2,Bern,Y86T90,86-90 years,883.811,6,,,883811000.0
2023,2,Bern,Y86T90,86-90 years,918.938,6,,,918938000.0
2024,2,Bern,Y86T90,86-90 years,952.824,6,,,952824000.0
2011,3,Luzern,Y86T90,86-90 years,201.677,6,,,201677000.0
2012,3,Luzern,Y86T90,86-90 years,214.101,6,,,214101000.0
2013,3,Luzern,Y86T90,86-90 years,221.308,6,,,221308000.0
2014,3,Luzern,Y86T90,86-90 years,225.79,6,,,225790000.0
2015,3,Luzern,Y86T90,86-90 years,227.562,6,,,227562000.0
2016,3,Luzern,Y86T90,86-90 years,233.37,6,,,233370000.0
2017,3,Luzern,Y86T90,86-90 years,246.726,6,,,246726000.0
2018,3,Luzern,Y86T90,86-90 years,250.154,6,,,250154000.0
2019,3,Luzern,Y86T90,86-90 years,260.283,6,,,260283000.00000003
2020,3,Luzern,Y86T90,86-90 years,269.218,6,,,269218000.0
2021,3,Luzern,Y86T90,86-90 years,275.304,6,,,275304000.0
2022,3,Luzern,Y86T90,86-90 years,287.205,6,,,287205000.0
2023,3,Luzern,Y86T90,86-90 years,297.28,6,,,297280000.0
2024,3,Luzern,Y86T90,86-90 years,322.688,6,,,322688000.0
2011,4,Uri,Y86T90,86-90 years,26.64,6,,,26640000.0
2012,4,Uri,Y86T90,86-90 years,26.984,6,,,26984000.0
2013,4,Uri,Y86T90,86-90 years,28.154,6,,,28154000.0
2014,4,Uri,Y86T90,86-90 years,26.361,6,,,26361000.0
2015,4,Uri,Y86T90,86-90 years,26.338,6,,,26338000.0
2016,4,Uri,Y86T90,86-90 years,24.704,6,,,24704000.0
2017,4,Uri,Y86T90,86-90 years,22.562,6,,,22562000.0
2018,4,Uri,Y86T90,86-90 years,24.102,6,,,24102000.0
2019,4,Uri,Y86T90,86-90 years,25.688,6,,,25688000.0
2020,4,Uri,Y86T90,86-90 years,25.984,6,,,25984000.0
2021,4,Uri,Y86T90,86-90 years,27.81,6,,,27810000.0
2022,4,Uri,Y86T90,86-90 years,27.939,6,,,27939000.0
2023,4,Uri,Y86T90,86-90 years,28.924,6,,,28924000.0
2024,4,Uri,Y86T90,86-90 years,30.495,6,,,30495000.0
2011,5,Schwyz,Y86T90,86-90 years,68.194,6,,,68194000.0
2012,5,Schwyz,Y86T90,86-90 years,78.596,6,,,78596000.0
2013,5,Schwyz,Y86T90,86-90 years,80.252,6,,,80252000.0
2014,5,Schwyz,Y86T90,86-90 years,83.764,6,,,83764000.0
2015,5,Schwyz,Y86T90,86-90 years,84.826,6,,,84826000.0
2016,5,Schwyz,Y86T90,86-90 years,87.162,6,,,87162000.0
2017,5,Schwyz,Y86T90,86-90 years,93.63,6,,,93630000.0
2018,5,Schwyz,Y86T90,86-90 years,95.388,6,,,95388000.0
2019,5,Schwyz,Y86T90,86-90 years,100.71,6,,,100710000.0
2020,5,Schwyz,Y86T90,86-90 years,109.389,6,,,109389000.0
2021,5,Schwyz,Y86T90,86-90 years,111.821,6,,,111821000.0
2022,5,Schwyz,Y86T90,86-90 years,119.822,6,,,119822000.0
2023,5,Schwyz,Y86T90,86-90 years,118.056,6,,,118056000.0
2024,5,Schwyz,Y86T90,86-90 years,119.309,6,,,119309000.0
2011,6,Obwalden,Y86T90,86-90 years,18.13,6,,,18130000.0
2012,6,Obwalden,Y86T90,86-90 years,17.568,6,,,17568000.0
2013,6,Obwalden,Y86T90,86-90 years,18.518,6,,,18518000.0
2014,6,Obwalden,Y86T90,86-90 years,19.232,6,,,19232000.0
2015,6,Obwalden,Y86T90,86-90 years,21.5,6,,,21500000.0
2016,6,Obwalden,Y86T90,86-90 years,23.416,6,,,23416000.0
2017,6,Obwalden,Y86T90,86-90 years,23.833,6,,,23833000.0
2018,6,Obwalden,Y86T90,86-90 years,21.91,6,,,21910000.0
2019,6,Obwalden,Y86T90,86-90 years,24.177,6,,,24177000.0
2020,6,Obwalden,Y86T90,86-90 years,25.16,6,,,25160000.0
2021,6,Obwalden,Y86T90,86-90 years,24.672,6,,,24672000.0
2022,6,Obwalden,Y86T90,86-90 years,24.466,6,,,24466000.0
2023,6,Obwalden,Y86T90,86-90 years,26.332,6,,,26332000.0
2024,6,Obwalden,Y86T90,86-90 years,26.449,6,,,26449000.0
2011,7,Nidwalden,Y86T90,86-90 years,18.485,6,,,18485000.0
2012,7,Nidwalden,Y86T90,86-90 years,20.324,6,,,20324000.0
2013,7,Nidwalden,Y86T90,86-90 years,21.836,6,,,21836000.0
2014,7,Nidwalden,Y86T90,86-90 years,21.758,6,,,21758000.0
2015,7,Nidwalden,Y86T90,86-90 years,23.45,6,,,23450000.0
2016,7,Nidwalden,Y86T90,86-90 years,23.493,6,,,23493000.0
2017,7,Nidwalden,Y86T90,86-90 years,23.421,6,,,23421000.0
2018,7,Nidwalden,Y86T90,86-90 years,23.25,6,,,23250000.0
2019,7,Nidwalden,Y86T90,86-90 years,25.271,6,,,25271000.0
2020,7,Nidwalden,Y86T90,86-90 years,25.528,6,,,25528000.0
2021,7,Nidwalden,Y86T90,86-90 years,25.625,6,,,25625000.0
2022,7,Nidwalden,Y86T90,86-90 years,26.865,6,,,26865000.0
2023,7,Nidwalden,Y86T90,86-90 years,27.713,6,,,27713000.0
2024,7,Nidwalden,Y86T90,86-90 years,27.465,6,,,27465000.0
2011,8,Glarus,Y86T90,86-90 years,26.821,6,,,26821000.0
2012,8,Glarus,Y86T90,86-90 years,31.341,6,,,31341000.0
2013,8,Glarus,Y86T90,86-90 years,31.06,6,,,31060000.0
2014,8,Glarus,Y86T90,86-90 years,31.904,6,,,31904000.0
2015,8,Glarus,Y86T90,86-90 years,30.251,6,,,30251000.0
2016,8,Glarus,Y86T90,86-90 years,29.619,6,,,29619000.0
2017,8,Glarus,Y86T90,86-90 years,30.182,6,,,30182000.0
2018,8,Glarus,Y86T90,86-90 years,31.05,6,,,31050000.0
2019,8,Glarus,Y86T90,86-90 years,32.585,6,,,32585000.0
2020,8,Glarus,Y86T90,86-90 years,32.253,6,,,32253000.0
2021,8,Glarus,Y86T90,86-90 years,30.145,6,,,30145000.0
2022,8,Glarus,Y86T90,86-90 years,30.677,6,,,30677000.0
2023,8,Glarus,Y86T90,86-90 years,33.972,6,,,33972000.0
2024,8,Glarus,Y86T90,86-90 years,40.926,6,,,40926000.0
2011,9,Zug,Y86T90,86-90 years,47.187,6,,,47187000.0
2012,9,Zug,Y86T90,86-90 years,50.161,6,,,50161000.0
2013,9,Zug,Y86T90,86-90 years,56.647,6,,,56647000.0
2014,9,Zug,Y86T90,86-90 years,57.79,6,,,57790000.0
2015,9,Zug,Y86T90,86-90 years,60.666,6,,,60666000.0
2016,9,Zug,Y86T90,86-90 years,61.917,6,,,61917000.0
2017,9,Zug,Y86T90,86-90 years,60.464,6,,,60464000.0
2018,9,Zug,Y86T90,86-90 years,60.685,6,,,60685000.0
2019,9,Zug,Y86T90,86-90 years,64.221,6,,,64221000.0
2020,9,Zug,Y86T90,86-90 years,66.933,6,,,66933000.00000001
2021,9,Zug,Y86T90,86-90 years,67.638,6,,,67638000.0
2022,9,Zug,Y86T90,86-90 years,73.95,6,,,73950000.0
2023,9,Zug,Y86T90,86-90 years,80.894,6,,,80894000.0
2024,9,Zug,Y86T90,86-90 years,87.141,6,,,87141000.0
2011,10,Fribourg,Y86T90,86-90 years,137.975,6,,,137975000.0
2012,10,Fribourg,Y86T90,86-90 years,144.095,6,,,144095000.0
2013,10,Fribourg,Y86T90,86-90 years,147.805,6,,,147805000.0
2014,10,Fribourg,Y86T90,86-90 years,149.349,6,,,149349000.0
2015,10,Fribourg,Y86T90,86-90 years,151.348,6,,,151348000.0
2016,10,Fribourg,Y86T90,86-90 years,151.598,6,,,151598000.0
2017,10,Fribourg,Y86T90,86-90 years,154.068,6,,,154068000.0
2018,10,Fribourg,Y86T90,86-90 years,157.343,6,,,157343000.0
2019,10,Fribourg,Y86T90,86-90 years,165.935,6,,,165935000.0
2020,10,Fribourg,Y86T90,86-90 years,173.72,6,,,173720000.0
2021,10,Fribourg,Y86T90,86-90 years,173.735,6,,,173735000.0
2022,10,Fribourg,Y86T90,86-90 years,188.953,6,,,188953000.0
2023,10,Fribourg,Y86T90,86-90 years,193.528,6,,,193528000.0
2024,10,Fribourg,Y86T90,86-90 years,208.451,6,,,208451000.0
2011,11,Solothurn,Y86T90,86-90 years,140.197,6,,,140197000.0
2012,11,Solothurn,Y86T90,86-90 years,149.131,6,,,149131000.0
2013,11,Solothurn,Y86T90,86-90 years,151.141,6,,,151141000.0
2014,11,Solothurn,Y86T90,86-90 years,158.263,6,,,158263000.0
2015,11,Solothurn,Y86T90,86-90 years,162.863,6,,,162863000.0
2016,11,Solothurn,Y86T90,86-90 years,161.279,6,,,161279000.0
2017,11,Solothurn,Y86T90,86-90 years,165.628,6,,,165628000.0
2018,11,Solothurn,Y86T90,86-90 years,172.987,6,,,172987000.0
2019,11,Solothurn,Y86T90,86-90 years,189.746,6,,,189746000.0
2020,11,Solothurn,Y86T90,86-90 years,190.831,6,,,190831000.0
2021,11,Solothurn,Y86T90,86-90 years,188.772,6,,,188772000.0
2022,11,Solothurn,Y86T90,86-90 years,195.275,6,,,195275000.0
2023,11,Solothurn,Y86T90,86-90 years,204.445,6,,,204445000.0
2024,11,Solothurn,Y86T90,86-90 years,218.172,6,,,218172000.0
2011,12,Basel-Stadt,Y86T90,86-90 years,179.206,6,,,179206000.0
2012,12,Basel-Stadt,Y86T90,86-90 years,185.941,6,,,185941000.0
2013,12,Basel-Stadt,Y86T90,86-90 years,188.613,6,,,188613000.0
2014,12,Basel-Stadt,Y86T90,86-90 years,191.499,6,,,191499000.0
2015,12,Basel-Stadt,Y86T90,86-90 years,200.918,6,,,200918000.0
2016,12,Basel-Stadt,Y86T90,86-90 years,210.495,6,,,210495000.0
2017,12,Basel-Stadt,Y86T90,86-90 years,217.452,6,,,217452000.0
2018,12,Basel-Stadt,Y86T90,86-90 years,216.388,6,,,216388000.0
2019,12,Basel-Stadt,Y86T90,86-90 years,216.495,6,,,216495000.0
2020,12,Basel-Stadt,Y86T90,86-90 years,207.353,6,,,207353000.0
2021,12,Basel-Stadt,Y86T90,86-90 years,206.658,6,,,206658000.0
2022,12,Basel-Stadt,Y86T90,86-90 years,231.832,6,,,231832000.0
2023,12,Basel-Stadt,Y86T90,86-90 years,215.826,6,,,215826000.0
2024,12,Basel-Stadt,Y86T90,86-90 years,233.828,6,,,233828000.0
2011,13,Basel-Landschaft,Y86T90,86-90 years,171.685,6,,,171685000.0
2012,13,Basel-Landschaft,Y86T90,86-90 years,181.155,6,,,181155000.0
2013,13,Basel-Landschaft,Y86T90,86-90 years,185.226,6,,,185226000.0
2014,13,Basel-Landschaft,Y86T90,86-90 years,194.704,6,,,194704000.0
2015,13,Basel-Landschaft,Y86T90,86-90 years,206.157,6,,,206157000.0
2016,13,Basel-Landschaft,Y86T90,86-90 years,212.618,6,,,212618000.0
2017,13,Basel-Landschaft,Y86T90,86-90 years,218.585,6,,,218585000.0
2018,13,Basel-Landschaft,Y86T90,86-90 years,232.378,6,,,232378000.0
2019,13,Basel-Landschaft,Y86T90,86-90 years,247.751,6,,,247751000.0
2020,13,Basel-Landschaft,Y86T90,86-90 years,243.944,6,,,243944000.0
2021,13,Basel-Landschaft,Y86T90,86-90 years,248.634,6,,,248634000.0
2022,13,Basel-Landschaft,Y86T90,86-90 years,272.317,6,,,272317000.0
2023,13,Basel-Landschaft,Y86T90,86-90 years,280.206,6,,,280206000.0
2024,13,Basel-Landschaft,Y86T90,86-90 years,307.437,6,,,307437000.0
2011,14,Schaffhausen,Y86T90,86-90 years,63.171,6,,,63171000.0
2012,14,Schaffhausen,Y86T90,86-90 years,64.109,6,,,64108999.99999999
2013,14,Schaffhausen,Y86T90,86-90 years,64.838,6,,,64837999.99999999
2014,14,Schaffhausen,Y86T90,86-90 years,63.479,6,,,63479000.0
2015,14,Schaffhausen,Y86T90,86-90 years,65.028,6,,,65028000.00000001
2016,14,Schaffhausen,Y86T90,86-90 years,68.935,6,,,68935000.0
2017,14,Schaffhausen,Y86T90,86-90 years,68.922,6,,,68922000.0
2018,14,Schaffhausen,Y86T90,86-90 years,66.666,6,,,66666000.0
2019,14,Schaffhausen,Y86T90,86-90 years,67.33,6,,,67330000.0
2020,14,Schaffhausen,Y86T90,86-90 years,69.694,6,,,69694000.0
2021,14,Schaffhausen,Y86T90,86-90 years,68.016,6,,,68016000.0
2022,14,Schaffhausen,Y86T90,86-90 years,68.218,6,,,68218000.0
2023,14,Schaffhausen,Y86T90,86-90 years,73.823,6,,,73823000.0
2024,14,Schaffhausen,Y86T90,86-90 years,75.299,6,,,75299000.0
2011,15,Appenzell Ausserrhoden,Y86T90,86-90 years,34.228,6,,,34228000.0
2012,15,Appenzell Ausserrhoden,Y86T90,86-90 years,41.532,6,,,41532000.0
2013,15,Appenzell Ausserrhoden,Y86T90,86-90 years,39.092,6,,,39092000.0
2014,15,Appenzell Ausserrhoden,Y86T90,86-90 years,40.677,6,,,40677000.0
2015,15,Appenzell Ausserrhoden,Y86T90,86-90 years,37.617,6,,,37617000.0
2016,15,Appenzell Ausserrhoden,Y86T90,86-90 years,38.018,6,,,38018000.0
2017,15,Appenzell Ausserrhoden,Y86T90,86-90 years,38.094,6,,,38094000.0
2018,15,Appenzell Ausserrhoden,Y86T90,86-90 years,40.282,6,,,40282000.0
2019,15,Appenzell Ausserrhoden,Y86T90,86-90 years,42.016,6,,,42016000.0
2020,15,Appenzell Ausserrhoden,Y86T90,86-90 years,41.518,6,,,41518000.0
2021,15,Appenzell Ausserrhoden,Y86T90,86-90 years,41.056,6,,,41056000.0
2022,15,Appenzell Ausserrhoden,Y86T90,86-90 years,42.146,6,,,42146000.0
2023,15,Appenzell Ausserrhoden,Y86T90,86-90 years,41.109,6,,,41109000.0
2024,15,Appenzell Ausserrhoden,Y86T90,86-90 years,42.796,6,,,42796000.0
2011,16,Appenzell Innerrhoden,Y86T90,86-90 years,7.434,6,,,7434000.0
2012,16,Appenzell Innerrhoden,Y86T90,86-90 years,9.465,6,,,9465000.0
2013,16,Appenzell Innerrhoden,Y86T90,86-90 years,10.553,6,,,10553000.0
2014,16,Appenzell Innerrhoden,Y86T90,86-90 years,9.226,6,,,9226000.0
2015,16,Appenzell Innerrhoden,Y86T90,86-90 years,9.378,6,,,9378000.0
2016,16,Appenzell Innerrhoden,Y86T90,86-90 years,11.391,6,,,11391000.0
2017,16,Appenzell Innerrhoden,Y86T90,86-90 years,11.365,6,,,11365000.0
2018,16,Appenzell Innerrhoden,Y86T90,86-90 years,12.295,6,,,12295000.0
2019,16,Appenzell Innerrhoden,Y86T90,86-90 years,12.211,6,,,12211000.0
2020,16,Appenzell Innerrhoden,Y86T90,86-90 years,11.594,6,,,11594000.0
2021,16,Appenzell Innerrhoden,Y86T90,86-90 years,10.849,6,,,10849000.0
2022,16,Appenzell Innerrhoden,Y86T90,86-90 years,12.142,6,,,12142000.0
2023,16,Appenzell Innerrhoden,Y86T90,86-90 years,12.98,6,,,12980000.0
2024,16,Appenzell Innerrhoden,Y86T90,86-90 years,14.992,6,,,14992000.0
2011,17,St. Gallen,Y86T90,86-90 years,274.608,6,,,274608000.0
2012,17,St. Gallen,Y86T90,86-90 years,284.947,6,,,284947000.0
2013,17,St. Gallen,Y86T90,86-90 years,294.696,6,,,294696000.0
2014,17,St. Gallen,Y86T90,86-90 years,294.214,6,,,294214000.0
2015,17,St. Gallen,Y86T90,86-90 years,298.765,6,,,298765000.0
2016,17,St. Gallen,Y86T90,86-90 years,297.171,6,,,297171000.0
2017,17,St. Gallen,Y86T90,86-90 years,308.27,6,,,308270000.0
2018,17,St. Gallen,Y86T90,86-90 years,320.055,6,,,320055000.0
2019,17,St. Gallen,Y86T90,86-90 years,329.003,6,,,329003000.0
2020,17,St. Gallen,Y86T90,86-90 years,348.107,6,,,348107000.0
2021,17,St. Gallen,Y86T90,86-90 years,350.393,6,,,350393000.0
2022,17,St. Gallen,Y86T90,86-90 years,350.009,6,,,350009000.0
2023,17,St. Gallen,Y86T90,86-90 years,374.003,6,,,374003000.0
2024,17,St. Gallen,Y86T90,86-90 years,406.196,6,,,406196000.0
2011,18,Graubünden,Y86T90,86-90 years,118.966,6,,,118966000.0
2012,18,Graubünden,Y86T90,86-90 years,125.096,6,,,125096000.0
2013,18,Graubünden,Y86T90,86-90 years,131.482,6,,,131482000.0
2014,18,Graubünden,Y86T90,86-90 years,132.72,6,,,132720000.0
2015,18,Graubünden,Y86T90,86-90 years,129.673,6,,,129673000.0
2016,18,Graubünden,Y86T90,86-90 years,136.558,6,,,136558000.0
2017,18,Graubünden,Y86T90,86-90 years,136.718,6,,,136718000.0
2018,18,Graubünden,Y86T90,86-90 years,139.839,6,,,139839000.0
2019,18,Graubünden,Y86T90,86-90 years,149.835,6,,,149835000.0
2020,18,Graubünden,Y86T90,86-90 years,144.52,6,,,144520000.0
2021,18,Graubünden,Y86T90,86-90 years,147.004,6,,,147004000.0
2022,18,Graubünden,Y86T90,86-90 years,148.447,6,,,148447000.0
2023,18,Graubünden,Y86T90,86-90 years,154.371,6,,,154371000.0
2024,18,Graubünden,Y86T90,86-90 years,159.963,6,,,159963000.0
2011,19,Aargau,Y86T90,86-90 years,302.594,6,,,302594000.0
2012,19,Aargau,Y86T90,86-90 years,318.737,6,,,318737000.0
2013,19,Aargau,Y86T90,86-90 years,330.528,6,,,330528000.0
2014,19,Aargau,Y86T90,86-90 years,347.793,6,,,347793000.0
2015,19,Aargau,Y86T90,86-90 years,344.593,6,,,344593000.0
2016,19,Aargau,Y86T90,86-90 years,353.982,6,,,353982000.0
2017,19,Aargau,Y86T90,86-90 years,369.236,6,,,369236000.0
2018,19,Aargau,Y86T90,86-90 years,379.429,6,,,379429000.0
2019,19,Aargau,Y86T90,86-90 years,385.278,6,,,385278000.0
2020,19,Aargau,Y86T90,86-90 years,398.947,6,,,398947000.0
2021,19,Aargau,Y86T90,86-90 years,399.947,6,,,399947000.0
2022,19,Aargau,Y86T90,86-90 years,432.28,6,,,432280000.0
2023,19,Aargau,Y86T90,86-90 years,452.638,6,,,452638000.0
2024,19,Aargau,Y86T90,86-90 years,482.304,6,,,482304000.0
2011,20,Thurgau,Y86T90,86-90 years,128.984,6,,,128984000.00000001
2012,20,Thurgau,Y86T90,86-90 years,132.724,6,,,132723999.99999999
2013,20,Thurgau,Y86T90,86-90 years,140.02,6,,,140020000.0
2014,20,Thurgau,Y86T90,86-90 years,144.856,6,,,144856000.0
2015,20,Thurgau,Y86T90,86-90 years,152.31,6,,,152310000.0
2016,20,Thurgau,Y86T90,86-90 years,151.29,6,,,151290000.0
2017,20,Thurgau,Y86T90,86-90 years,151.126,6,,,151126000.0
2018,20,Thurgau,Y86T90,86-90 years,155.005,6,,,155005000.0
2019,20,Thurgau,Y86T90,86-90 years,164.937,6,,,164937000.0
2020,20,Thurgau,Y86T90,86-90 years,160.608,6,,,160608000.0
2021,20,Thurgau,Y86T90,86-90 years,167.789,6,,,167789000.0
2022,20,Thurgau,Y86T90,86-90 years,181.463,6,,,181463000.0
2023,20,Thurgau,Y86T90,86-90 years,191.773,6,,,191773000.0
2024,20,Thurgau,Y86T90,86-90 years,202.693,6,,,202693000.0
2011,21,Ticino,Y86T90,86-90 years,249.912,6,,,249912000.0
2012,21,Ticino,Y86T90,86-90 years,261.894,6,,,261894000.0
2013,21,Ticino,Y86T90,86-90 years,270.543,6,,,270543000.0
2014,21,Ticino,Y86T90,86-90 years,272.204,6,,,272204000.0
2015,21,Ticino,Y86T90,86-90 years,275.214,6,,,275214000.0
2016,21,Ticino,Y86T90,86-90 years,281.055,6,,,281055000.0
2017,21,Ticino,Y86T90,86-90 years,295.97,6,,,295970000.0
2018,21,Ticino,Y86T90,86-90 years,311.758,6,,,311758000.0
2019,21,Ticino,Y86T90,86-90 years,331.32,6,,,331320000.0
2020,21,Ticino,Y86T90,86-90 years,334.46,6,,,334460000.0
2021,21,Ticino,Y86T90,86-90 years,348.926,6,,,348926000.0
2022,21,Ticino,Y86T90,86-90 years,383.268,6,,,383268000.0
2023,21,Ticino,Y86T90,86-90 years,415.516,6,,,415516000.0
2024,21,Ticino,Y86T90,86-90 years,439.274,6,,,439274000.0
2011,22,Vaud,Y86T90,86-90 years,440.118,6,,,440118000.0
2012,22,Vaud,Y86T90,86-90 years,451.939,6,,,451939000.0
2013,22,Vaud,Y86T90,86-90 years,456.551,6,,,456551000.0
2014,22,Vaud,Y86T90,86-90 years,469.149,6,,,469149000.0
2015,22,Vaud,Y86T90,86-90 years,482.747,6,,,482747000.0
2016,22,Vaud,Y86T90,86-90 years,501.029,6,,,501029000.0
2017,22,Vaud,Y86T90,86-90 years,514.864,6,,,514864000.00000006
2018,22,Vaud,Y86T90,86-90 years,517.876,6,,,517876000.0
2019,22,Vaud,Y86T90,86-90 years,542.225,6,,,542225000.0
2020,22,Vaud,Y86T90,86-90 years,553.736,6,,,553736000.0
2021,22,Vaud,Y86T90,86-90 years,566.396,6,,,566396000.0
2022,22,Vaud,Y86T90,86-90 years,597.454,6,,,597454000.0
2023,22,Vaud,Y86T90,86-90 years,608.388,6,,,608388000.0
2024,22,Vaud,Y86T90,86-90 years,662.524,6,,,662524000.0
2011,23,Valais,Y86T90,86-90 years,155.323,6,,,155323000.0
2012,23,Valais,Y86T90,86-90 years,165.389,6,,,165389000.0
2013,23,Valais,Y86T90,86-90 years,168.844,6,,,168844000.0
2014,23,Valais,Y86T90,86-90 years,171.288,6,,,171288000.0
2015,23,Valais,Y86T90,86-90 years,178.651,6,,,178651000.0
2016,23,Valais,Y86T90,86-90 years,188.871,6,,,188871000.0
2017,23,Valais,Y86T90,86-90 years,195.626,6,,,195626000.0
2018,23,Valais,Y86T90,86-90 years,214.0,6,,,214000000.0
2019,23,Valais,Y86T90,86-90 years,223.37,6,,,223370000.0
2020,23,Valais,Y86T90,86-90 years,235.045,6,,,235045000.0
2021,23,Valais,Y86T90,86-90 years,227.716,6,,,227716000.0
2022,23,Valais,Y86T90,86-90 years,254.324,6,,,254324000.0
2023,23,Valais,Y86T90,86-90 years,268.711,6,,,268711000.0
2024,23,Valais,Y86T90,86-90 years,236.898,6,,,236898000.0
2011,24,Neuchâtel,Y86T90,86-90 years,129.946,6,,,129946000.0
2012,24,Neuchâtel,Y86T90,86-90 years,133.709,6,,,133709000.0
2013,24,Neuchâtel,Y86T90,86-90 years,136.604,6,,,136604000.0
2014,24,Neuchâtel,Y86T90,86-90 years,135.785,6,,,135785000.0
2015,24,Neuchâtel,Y86T90,86-90 years,138.948,6,,,138948000.0
2016,24,Neuchâtel,Y86T90,86-90 years,146.702,6,,,146702000.0
2017,24,Neuchâtel,Y86T90,86-90 years,150.545,6,,,150545000.0
2018,24,Neuchâtel,Y86T90,86-90 years,158.767,6,,,158767000.0
2019,24,Neuchâtel,Y86T90,86-90 years,152.656,6,,,152656000.0
2020,24,Neuchâtel,Y86T90,86-90 years,148.803,6,,,148803000.0
2021,24,Neuchâtel,Y86T90,86-90 years,148.033,6,,,148033000.0
2022,24,Neuchâtel,Y86T90,86-90 years,157.045,6,,,157045000.0
2023,24,Neuchâtel,Y86T90,86-90 years,154.878,6,,,154878000.0
2024,24,Neuchâtel,Y86T90,86-90 years,165.393,6,,,165393000.0
2011,25,Genève,Y86T90,86-90 years,291.068,6,,,291068000.0
2012,25,Genève,Y86T90,86-90 years,306.67,6,,,306670000.0
2013,25,Genève,Y86T90,86-90 years,320.476,6,,,320476000.0
2014,25,Genève,Y86T90,86-90 years,322.353,6,,,322353000.0
2015,25,Genève,Y86T90,86-90 years,331.944,6,,,331944000.0
2016,25,Genève,Y86T90,86-90 years,340.737,6,,,340737000.0
2017,25,Genève,Y86T90,86-90 years,363.974,6,,,363974000.0
2018,25,Genève,Y86T90,86-90 years,365.916,6,,,365916000.0
2019,25,Genève,Y86T90,86-90 years,387.038,6,,,387038000.0
2020,25,Genève,Y86T90,86-90 years,399.236,6,,,399236000.0
2021,25,Genève,Y86T90,86-90 years,395.734,6,,,395734000.0
2022,25,Genève,Y86T90,86-90 years,419.278,6,,,419278000.0
2023,25,Genève,Y86T90,86-90 years,413.945,6,,,413945000.0
2024,25,Genève,Y86T90,86-90 years,459.619,6,,,459619000.0
2011,26,Jura,Y86T90,86-90 years,51.432,6,,,51432000.0
2012,26,Jura,Y86T90,86-90 years,53.547,6,,,53547000.0
2013,26,Jura,Y86T90,86-90 years,56.725,6,,,56725000.0
2014,26,Jura,Y86T90,86-90 years,58.25,6,,,58250000.0
2015,26,Jura,Y86T90,86-90 years,59.99,6,,,59990000.0
2016,26,Jura,Y86T90,86-90 years,60.994,6,,,60994000.0
2017,26,Jura,Y86T90,86-90 years,62.126,6,,,62126000.0
2018,26,Jura,Y86T90,86-90 years,61.585,6,,,61585000.0
2019,26,Jura,Y86T90,86-90 years,66.995,6,,,66995000.00000001
2020,26,Jura,Y86T90,86-90 years,63.756,6,,,63756000.0
2021,26,Jura,Y86T90,86-90 years,67.402,6,,,67402000.0
2022,26,Jura,Y86T90,86-90 years,69.291,6,,,69291000.0
2023,26,Jura,Y86T90,86-90 years,70.403,6,,,70403000.0
2024,26,Jura,Y86T90,86-90 years,75.441,6,,,75441000.0
2011,_T,Total,Y91T95,91-95 years,2524.598,6,,,2524598000.0
2012,_T,Total,Y91T95,91-95 years,2748.379,6,,,2748379000.0
2013,_T,Total,Y91T95,91-95 years,2925.906,6,,,2925906000.0
2014,_T,Total,Y91T95,91-95 years,3082.241,6,,,3082241000.0
2015,_T,Total,Y91T95,91-95 years,3236.788,6,,,3236788000.0
2016,_T,Total,Y91T95,91-95 years,3330.482,6,,,3330482000.0
2017,_T,Total,Y91T95,91-95 years,3516.703,6,,,3516703000.0
2018,_T,Total,Y91T95,91-95 years,3502.812,6,,,3502812000.0
2019,_T,Total,Y91T95,91-95 years,3650.762,6,,,3650762000.0
2020,_T,Total,Y91T95,91-95 years,3768.48,6,,,3768480000.0
2021,_T,Total,Y91T95,91-95 years,3818.55,6,,,3818550000.0
2022,_T,Total,Y91T95,91-95 years,4051.724,6,,,4051724000.0
2023,_T,Total,Y91T95,91-95 years,4229.177,6,,,4229176999.9999995
2024,_T,Total,Y91T95,91-95 years,4525.662,6,,,4525662000.0
2011,1,Zürich,Y91T95,91-95 years,424.112,6,,,424112000.0
2012,1,Zürich,Y91T95,91-95 years,456.857,6,,,456857000.0
2013,1,Zürich,Y91T95,91-95 years,488.403,6,,,488403000.0
2014,1,Zürich,Y91T95,91-95 years,515.933,6,,,515933000.0
2015,1,Zürich,Y91T95,91-95 years,532.309,6,,,532308999.99999994
2016,1,Zürich,Y91T95,91-95 years,548.871,6,,,548871000.0
2017,1,Zürich,Y91T95,91-95 years,560.891,6,,,560891000.0
2018,1,Zürich,Y91T95,91-95 years,579.338,6,,,579338000.0
2019,1,Zürich,Y91T95,91-95 years,598.025,6,,,598025000.0
2020,1,Zürich,Y91T95,91-95 years,611.97,6,,,611970000.0
2021,1,Zürich,Y91T95,91-95 years,624.41,6,,,624410000.0
2022,1,Zürich,Y91T95,91-95 years,662.139,6,,,662139000.0
2023,1,Zürich,Y91T95,91-95 years,683.99,6,,,683990000.0
2024,1,Zürich,Y91T95,91-95 years,742.399,6,,,742399000.0
2011,2,Bern,Y91T95,91-95 years,380.402,6,,,380402000.0
2012,2,Bern,Y91T95,91-95 years,412.926,6,,,412926000.0
2013,2,Bern,Y91T95,91-95 years,425.591,6,,,425591000.0
2014,2,Bern,Y91T95,91-95 years,444.584,6,,,444584000.0
2015,2,Bern,Y91T95,91-95 years,468.364,6,,,468364000.0
2016,2,Bern,Y91T95,91-95 years,477.342,6,,,477342000.0
2017,2,Bern,Y91T95,91-95 years,582.899,6,,,582899000.0
2018,2,Bern,Y91T95,91-95 years,494.611,6,,,494611000.0
2019,2,Bern,Y91T95,91-95 years,512.052,6,,,512052000.0
2020,2,Bern,Y91T95,91-95 years,528.724,6,,,528724000.00000006
2021,2,Bern,Y91T95,91-95 years,532.045,6,,,532044999.99999994
2022,2,Bern,Y91T95,91-95 years,549.539,6,,,549539000.0
2023,2,Bern,Y91T95,91-95 years,570.882,6,,,570882000.0
2024,2,Bern,Y91T95,91-95 years,590.745,6,,,590745000.0
2011,3,Luzern,Y91T95,91-95 years,104.93,6,,,104930000.0
2012,3,Luzern,Y91T95,91-95 years,114.371,6,,,114371000.0
2013,3,Luzern,Y91T95,91-95 years,120.028,6,,,120028000.0
2014,3,Luzern,Y91T95,91-95 years,126.545,6,,,126545000.0
2015,3,Luzern,Y91T95,91-95 years,136.2,6,,,136200000.0
2016,3,Luzern,Y91T95,91-95 years,141.507,6,,,141507000.0
2017,3,Luzern,Y91T95,91-95 years,144.891,6,,,144891000.0
2018,3,Luzern,Y91T95,91-95 years,147.353,6,,,147353000.0
2019,3,Luzern,Y91T95,91-95 years,150.401,6,,,150401000.0
2020,3,Luzern,Y91T95,91-95 years,158.114,6,,,158114000.0
2021,3,Luzern,Y91T95,91-95 years,164.23,6,,,164230000.0
2022,3,Luzern,Y91T95,91-95 years,173.037,6,,,173037000.0
2023,3,Luzern,Y91T95,91-95 years,183.505,6,,,183505000.0
2024,3,Luzern,Y91T95,91-95 years,203.202,6,,,203202000.0
2011,4,Uri,Y91T95,91-95 years,13.086,6,,,13086000.0
2012,4,Uri,Y91T95,91-95 years,15.176,6,,,15176000.0
2013,4,Uri,Y91T95,91-95 years,15.362,6,,,15362000.0
2014,4,Uri,Y91T95,91-95 years,18.318,6,,,18318000.0
2015,4,Uri,Y91T95,91-95 years,17.872,6,,,17872000.0
2016,4,Uri,Y91T95,91-95 years,18.359,6,,,18359000.0
2017,4,Uri,Y91T95,91-95 years,19.417,6,,,19417000.0
2018,4,Uri,Y91T95,91-95 years,17.726,6,,,17726000.0
2019,4,Uri,Y91T95,91-95 years,16.453,6,,,16453000.0
2020,4,Uri,Y91T95,91-95 years,16.288,6,,,16288000.0
2021,4,Uri,Y91T95,91-95 years,16.791,6,,,16791000.0
2022,4,Uri,Y91T95,91-95 years,17.433,6,,,17433000.0
2023,4,Uri,Y91T95,91-95 years,20.275,6,,,20275000.0
2024,4,Uri,Y91T95,91-95 years,22.31,6,,,22310000.0
2011,5,Schwyz,Y91T95,91-95 years,32.216,6,,,32216000.0
2012,5,Schwyz,Y91T95,91-95 years,38.075,6,,,38075000.0
2013,5,Schwyz,Y91T95,91-95 years,40.457,6,,,40457000.0
2014,5,Schwyz,Y91T95,91-95 years,40.838,6,,,40838000.0
2015,5,Schwyz,Y91T95,91-95 years,44.509,6,,,44509000.0
2016,5,Schwyz,Y91T95,91-95 years,44.157,6,,,44157000.0
2017,5,Schwyz,Y91T95,91-95 years,44.243,6,,,44243000.0
2018,5,Schwyz,Y91T95,91-95 years,50.64,6,,,50640000.0
2019,5,Schwyz,Y91T95,91-95 years,53.718,6,,,53718000.0
2020,5,Schwyz,Y91T95,91-95 years,55.472,6,,,55472000.0
2021,5,Schwyz,Y91T95,91-95 years,57.55,6,,,57550000.0
2022,5,Schwyz,Y91T95,91-95 years,57.858,6,,,57858000.0
2023,5,Schwyz,Y91T95,91-95 years,63.566,6,,,63566000.0
2024,5,Schwyz,Y91T95,91-95 years,71.06,6,,,71060000.0
2011,6,Obwalden,Y91T95,91-95 years,10.586,6,,,10586000.0
2012,6,Obwalden,Y91T95,91-95 years,11.17,6,,,11170000.0
2013,6,Obwalden,Y91T95,91-95 years,12.17,6,,,12170000.0
2014,6,Obwalden,Y91T95,91-95 years,12.107,6,,,12107000.0
2015,6,Obwalden,Y91T95,91-95 years,11.67,6,,,11670000.0
2016,6,Obwalden,Y91T95,91-95 years,10.936,6,,,10936000.0
2017,6,Obwalden,Y91T95,91-95 years,12.604,6,,,12604000.0
2018,6,Obwalden,Y91T95,91-95 years,13.261,6,,,13261000.0
2019,6,Obwalden,Y91T95,91-95 years,13.731,6,,,13731000.0
2020,6,Obwalden,Y91T95,91-95 years,13.449,6,,,13449000.0
2021,6,Obwalden,Y91T95,91-95 years,13.844,6,,,13844000.0
2022,6,Obwalden,Y91T95,91-95 years,14.307,6,,,14307000.0
2023,6,Obwalden,Y91T95,91-95 years,14.983,6,,,14983000.0
2024,6,Obwalden,Y91T95,91-95 years,18.815,6,,,18815000.0
2011,7,Nidwalden,Y91T95,91-95 years,8.956,6,,,8956000.0
2012,7,Nidwalden,Y91T95,91-95 years,9.465,6,,,9465000.0
2013,7,Nidwalden,Y91T95,91-95 years,10.245,6,,,10245000.0
2014,7,Nidwalden,Y91T95,91-95 years,12.403,6,,,12403000.0
2015,7,Nidwalden,Y91T95,91-95 years,12.717,6,,,12717000.0
2016,7,Nidwalden,Y91T95,91-95 years,12.938,6,,,12938000.0
2017,7,Nidwalden,Y91T95,91-95 years,14.199,6,,,14199000.0
2018,7,Nidwalden,Y91T95,91-95 years,14.775,6,,,14775000.0
2019,7,Nidwalden,Y91T95,91-95 years,15.45,6,,,15450000.0
2020,7,Nidwalden,Y91T95,91-95 years,15.471,6,,,15471000.0
2021,7,Nidwalden,Y91T95,91-95 years,17.113,6,,,17113000.0
2022,7,Nidwalden,Y91T95,91-95 years,17.601,6,,,17601000.0
2023,7,Nidwalden,Y91T95,91-95 years,17.654,6,,,17654000.0
2024,7,Nidwalden,Y91T95,91-95 years,19.334,6,,,19334000.0
2011,8,Glarus,Y91T95,91-95 years,14.17,6,,,14170000.0
2012,8,Glarus,Y91T95,91-95 years,17.451,6,,,17451000.0
2013,8,Glarus,Y91T95,91-95 years,17.097,6,,,17097000.0
2014,8,Glarus,Y91T95,91-95 years,17.021,6,,,17021000.0
2015,8,Glarus,Y91T95,91-95 years,19.594,6,,,19594000.0
2016,8,Glarus,Y91T95,91-95 years,19.809,6,,,19809000.0
2017,8,Glarus,Y91T95,91-95 years,20.221,6,,,20221000.0
2018,8,Glarus,Y91T95,91-95 years,20.558,6,,,20558000.0
2019,8,Glarus,Y91T95,91-95 years,20.312,6,,,20312000.0
2020,8,Glarus,Y91T95,91-95 years,19.691,6,,,19691000.0
2021,8,Glarus,Y91T95,91-95 years,20.192,6,,,20192000.0
2022,8,Glarus,Y91T95,91-95 years,22.771,6,,,22771000.0
2023,8,Glarus,Y91T95,91-95 years,22.72,6,,,22720000.0
2024,8,Glarus,Y91T95,91-95 years,25.611,6,,,25611000.0
2011,9,Zug,Y91T95,91-95 years,25.133,6,,,25133000.0
2012,9,Zug,Y91T95,91-95 years,24.725,6,,,24725000.0
2013,9,Zug,Y91T95,91-95 years,26.286,6,,,26286000.0
2014,9,Zug,Y91T95,91-95 years,27.512,6,,,27512000.0
2015,9,Zug,Y91T95,91-95 years,30.563,6,,,30563000.0
2016,9,Zug,Y91T95,91-95 years,31.515,6,,,31515000.0
2017,9,Zug,Y91T95,91-95 years,30.849,6,,,30849000.0
2018,9,Zug,Y91T95,91-95 years,33.772,6,,,33772000.0
2019,9,Zug,Y91T95,91-95 years,36.233,6,,,36233000.0
2020,9,Zug,Y91T95,91-95 years,38.942,6,,,38942000.0
2021,9,Zug,Y91T95,91-95 years,37.619,6,,,37619000.0
2022,9,Zug,Y91T95,91-95 years,40.091,6,,,40091000.0
2023,9,Zug,Y91T95,91-95 years,46.514,6,,,46514000.0
2024,9,Zug,Y91T95,91-95 years,53.277,6,,,53277000.0
2011,10,Fribourg,Y91T95,91-95 years,67.821,6,,,67821000.0
2012,10,Fribourg,Y91T95,91-95 years,74.561,6,,,74561000.0
2013,10,Fribourg,Y91T95,91-95 years,84.818,6,,,84818000.0
2014,10,Fribourg,Y91T95,91-95 years,88.288,6,,,88288000.0
2015,10,Fribourg,Y91T95,91-95 years,91.91,6,,,91910000.0
2016,10,Fribourg,Y91T95,91-95 years,92.868,6,,,92868000.0
2017,10,Fribourg,Y91T95,91-95 years,94.741,6,,,94741000.0
2018,10,Fribourg,Y91T95,91-95 years,99.008,6,,,99008000.0
2019,10,Fribourg,Y91T95,91-95 years,100.133,6,,,100133000.0
2020,10,Fribourg,Y91T95,91-95 years,101.442,6,,,101442000.0
2021,10,Fribourg,Y91T95,91-95 years,99.426,6,,,99426000.0
2022,10,Fribourg,Y91T95,91-95 years,105.219,6,,,105219000.0
2023,10,Fribourg,Y91T95,91-95 years,110.33,6,,,110330000.0
2024,10,Fribourg,Y91T95,91-95 years,125.422,6,,,125422000.0
2011,11,Solothurn,Y91T95,91-95 years,80.139,6,,,80139000.0
2012,11,Solothurn,Y91T95,91-95 years,83.041,6,,,83041000.0
2013,11,Solothurn,Y91T95,91-95 years,88.708,6,,,88708000.0
2014,11,Solothurn,Y91T95,91-95 years,90.777,6,,,90777000.0
2015,11,Solothurn,Y91T95,91-95 years,96.747,6,,,96747000.0
2016,11,Solothurn,Y91T95,91-95 years,97.034,6,,,97034000.0
2017,11,Solothurn,Y91T95,91-95 years,95.731,6,,,95731000.0
2018,11,Solothurn,Y91T95,91-95 years,96.128,6,,,96128000.0
2019,11,Solothurn,Y91T95,91-95 years,103.896,6,,,103896000.0
2020,11,Solothurn,Y91T95,91-95 years,114.253,6,,,114253000.0
2021,11,Solothurn,Y91T95,91-95 years,111.044,6,,,111044000.0
2022,11,Solothurn,Y91T95,91-95 years,117.396,6,,,117396000.0
2023,11,Solothurn,Y91T95,91-95 years,125.493,6,,,125493000.0
2024,11,Solothurn,Y91T95,91-95 years,137.308,6,,,137308000.0
2011,12,Basel-Stadt,Y91T95,91-95 years,101.417,6,,,101417000.0
2012,12,Basel-Stadt,Y91T95,91-95 years,110.489,6,,,110489000.0
2013,12,Basel-Stadt,Y91T95,91-95 years,116.036,6,,,116036000.0
2014,12,Basel-Stadt,Y91T95,91-95 years,121.99,6,,,121990000.0
2015,12,Basel-Stadt,Y91T95,91-95 years,131.061,6,,,131061000.0
2016,12,Basel-Stadt,Y91T95,91-95 years,135.25,6,,,135250000.0
2017,12,Basel-Stadt,Y91T95,91-95 years,141.453,6,,,141453000.0
2018,12,Basel-Stadt,Y91T95,91-95 years,145.504,6,,,145504000.0
2019,12,Basel-Stadt,Y91T95,91-95 years,151.258,6,,,151258000.0
2020,12,Basel-Stadt,Y91T95,91-95 years,151.893,6,,,151893000.0
2021,12,Basel-Stadt,Y91T95,91-95 years,154.27,6,,,154270000.0
2022,12,Basel-Stadt,Y91T95,91-95 years,162.292,6,,,162292000.0
2023,12,Basel-Stadt,Y91T95,91-95 years,154.003,6,,,154003000.0
2024,12,Basel-Stadt,Y91T95,91-95 years,162.469,6,,,162469000.0
2011,13,Basel-Landschaft,Y91T95,91-95 years,80.41,6,,,80410000.0
2012,13,Basel-Landschaft,Y91T95,91-95 years,92.651,6,,,92651000.0
2013,13,Basel-Landschaft,Y91T95,91-95 years,100.54,6,,,100540000.0
2014,13,Basel-Landschaft,Y91T95,91-95 years,104.393,6,,,104393000.0
2015,13,Basel-Landschaft,Y91T95,91-95 years,111.854,6,,,111854000.0
2016,13,Basel-Landschaft,Y91T95,91-95 years,116.824,6,,,116824000.0
2017,13,Basel-Landschaft,Y91T95,91-95 years,122.111,6,,,122111000.0
2018,13,Basel-Landschaft,Y91T95,91-95 years,126.146,6,,,126146000.0
2019,13,Basel-Landschaft,Y91T95,91-95 years,137.64,6,,,137640000.0
2020,13,Basel-Landschaft,Y91T95,91-95 years,147.422,6,,,147422000.0
2021,13,Basel-Landschaft,Y91T95,91-95 years,152.896,6,,,152896000.0
2022,13,Basel-Landschaft,Y91T95,91-95 years,161.584,6,,,161584000.0
2023,13,Basel-Landschaft,Y91T95,91-95 years,171.967,6,,,171967000.0
2024,13,Basel-Landschaft,Y91T95,91-95 years,186.081,6,,,186081000.0
2011,14,Schaffhausen,Y91T95,91-95 years,34.211,6,,,34211000.0
2012,14,Schaffhausen,Y91T95,91-95 years,37.383,6,,,37383000.0
2013,14,Schaffhausen,Y91T95,91-95 years,37.992,6,,,37992000.0
2014,14,Schaffhausen,Y91T95,91-95 years,38.039,6,,,38039000.0
2015,14,Schaffhausen,Y91T95,91-95 years,39.775,6,,,39775000.0
2016,14,Schaffhausen,Y91T95,91-95 years,40.812,6,,,40812000.0
2017,14,Schaffhausen,Y91T95,91-95 years,41.068,6,,,41068000.0
2018,14,Schaffhausen,Y91T95,91-95 years,43.531,6,,,43531000.0
2019,14,Schaffhausen,Y91T95,91-95 years,48.024,6,,,48024000.0
2020,14,Schaffhausen,Y91T95,91-95 years,48.602,6,,,48602000.0
2021,14,Schaffhausen,Y91T95,91-95 years,48.666,6,,,48666000.0
2022,14,Schaffhausen,Y91T95,91-95 years,50.0,6,,,50000000.0
2023,14,Schaffhausen,Y91T95,91-95 years,52.5,6,,,52500000.0
2024,14,Schaffhausen,Y91T95,91-95 years,53.647,6,,,53647000.0
2011,15,Appenzell Ausserrhoden,Y91T95,91-95 years,20.582,6,,,20582000.0
2012,15,Appenzell Ausserrhoden,Y91T95,91-95 years,25.918,6,,,25918000.0
2013,15,Appenzell Ausserrhoden,Y91T95,91-95 years,26.193,6,,,26193000.0
2014,15,Appenzell Ausserrhoden,Y91T95,91-95 years,26.737,6,,,26737000.0
2015,15,Appenzell Ausserrhoden,Y91T95,91-95 years,28.179,6,,,28179000.0
2016,15,Appenzell Ausserrhoden,Y91T95,91-95 years,25.784,6,,,25784000.0
2017,15,Appenzell Ausserrhoden,Y91T95,91-95 years,25.542,6,,,25542000.0
2018,15,Appenzell Ausserrhoden,Y91T95,91-95 years,26.684,6,,,26684000.0
2019,15,Appenzell Ausserrhoden,Y91T95,91-95 years,24.448,6,,,24448000.0
2020,15,Appenzell Ausserrhoden,Y91T95,91-95 years,26.745,6,,,26745000.0
2021,15,Appenzell Ausserrhoden,Y91T95,91-95 years,28.597,6,,,28597000.0
2022,15,Appenzell Ausserrhoden,Y91T95,91-95 years,27.453,6,,,27453000.0
2023,15,Appenzell Ausserrhoden,Y91T95,91-95 years,30.742,6,,,30742000.0
2024,15,Appenzell Ausserrhoden,Y91T95,91-95 years,33.777,6,,,33777000.0
2011,16,Appenzell Innerrhoden,Y91T95,91-95 years,3.413,6,,,3413000.0
2012,16,Appenzell Innerrhoden,Y91T95,91-95 years,4.934,6,,,4934000.0
2013,16,Appenzell Innerrhoden,Y91T95,91-95 years,4.923,6,,,4923000.0
2014,16,Appenzell Innerrhoden,Y91T95,91-95 years,5.11,6,,,5110000.0
2015,16,Appenzell Innerrhoden,Y91T95,91-95 years,5.754,6,,,5754000.0
2016,16,Appenzell Innerrhoden,Y91T95,91-95 years,5.423,6,,,5423000.0
2017,16,Appenzell Innerrhoden,Y91T95,91-95 years,5.708,6,,,5708000.0
2018,16,Appenzell Innerrhoden,Y91T95,91-95 years,5.424,6,,,5424000.0
2019,16,Appenzell Innerrhoden,Y91T95,91-95 years,5.717,6,,,5717000.0
2020,16,Appenzell Innerrhoden,Y91T95,91-95 years,6.826,6,,,6826000.0
2021,16,Appenzell Innerrhoden,Y91T95,91-95 years,7.112,6,,,7112000.0
2022,16,Appenzell Innerrhoden,Y91T95,91-95 years,6.803,6,,,6803000.0
2023,16,Appenzell Innerrhoden,Y91T95,91-95 years,6.795,6,,,6795000.0
2024,16,Appenzell Innerrhoden,Y91T95,91-95 years,7.117,6,,,7117000.0
2011,17,St. Gallen,Y91T95,91-95 years,142.801,6,,,142801000.0
2012,17,St. Gallen,Y91T95,91-95 years,152.119,6,,,152119000.0
2013,17,St. Gallen,Y91T95,91-95 years,162.772,6,,,162772000.0
2014,17,St. Gallen,Y91T95,91-95 years,173.92,6,,,173920000.0
2015,17,St. Gallen,Y91T95,91-95 years,181.18,6,,,181180000.0
2016,17,St. Gallen,Y91T95,91-95 years,192.503,6,,,192503000.0
2017,17,St. Gallen,Y91T95,91-95 years,194.464,6,,,194464000.0
2018,17,St. Gallen,Y91T95,91-95 years,199.265,6,,,199265000.0
2019,17,St. Gallen,Y91T95,91-95 years,205.867,6,,,205867000.0
2020,17,St. Gallen,Y91T95,91-95 years,208.734,6,,,208734000.0
2021,17,St. Gallen,Y91T95,91-95 years,202.36,6,,,202360000.0
2022,17,St. Gallen,Y91T95,91-95 years,204.416,6,,,204416000.0
2023,17,St. Gallen,Y91T95,91-95 years,226.855,6,,,226855000.0
2024,17,St. Gallen,Y91T95,91-95 years,241.963,6,,,241963000.0
2011,18,Graubünden,Y91T95,91-95 years,62.441,6,,,62441000.0
2012,18,Graubünden,Y91T95,91-95 years,64.876,6,,,64876000.00000001
2013,18,Graubünden,Y91T95,91-95 years,68.435,6,,,68435000.0
2014,18,Graubünden,Y91T95,91-95 years,72.653,6,,,72653000.0
2015,18,Graubünden,Y91T95,91-95 years,75.218,6,,,75218000.0
2016,18,Graubünden,Y91T95,91-95 years,77.337,6,,,77337000.0
2017,18,Graubünden,Y91T95,91-95 years,81.441,6,,,81441000.0
2018,18,Graubünden,Y91T95,91-95 years,82.564,6,,,82564000.0
2019,18,Graubünden,Y91T95,91-95 years,85.125,6,,,85125000.0
2020,18,Graubünden,Y91T95,91-95 years,84.838,6,,,84838000.0
2021,18,Graubünden,Y91T95,91-95 years,91.012,6,,,91012000.0
2022,18,Graubünden,Y91T95,91-95 years,100.587,6,,,100587000.0
2023,18,Graubünden,Y91T95,91-95 years,106.675,6,,,106675000.0
2024,18,Graubünden,Y91T95,91-95 years,104.638,6,,,104638000.0
2011,19,Aargau,Y91T95,91-95 years,151.362,6,,,151362000.0
2012,19,Aargau,Y91T95,91-95 years,162.153,6,,,162153000.0
2013,19,Aargau,Y91T95,91-95 years,168.977,6,,,168977000.0
2014,19,Aargau,Y91T95,91-95 years,175.859,6,,,175859000.0
2015,19,Aargau,Y91T95,91-95 years,183.147,6,,,183147000.0
2016,19,Aargau,Y91T95,91-95 years,191.019,6,,,191019000.0
2017,19,Aargau,Y91T95,91-95 years,198.961,6,,,198961000.0
2018,19,Aargau,Y91T95,91-95 years,206.234,6,,,206234000.0
2019,19,Aargau,Y91T95,91-95 years,222.877,6,,,222877000.0
2020,19,Aargau,Y91T95,91-95 years,233.181,6,,,233181000.0
2021,19,Aargau,Y91T95,91-95 years,235.31,6,,,235310000.0
2022,19,Aargau,Y91T95,91-95 years,257.886,6,,,257886000.00000003
2023,19,Aargau,Y91T95,91-95 years,266.808,6,,,266808000.0
2024,19,Aargau,Y91T95,91-95 years,281.74,6,,,281740000.0
2011,20,Thurgau,Y91T95,91-95 years,68.828,6,,,68828000.0
2012,20,Thurgau,Y91T95,91-95 years,68.77,6,,,68770000.0
2013,20,Thurgau,Y91T95,91-95 years,75.847,6,,,75847000.0
2014,20,Thurgau,Y91T95,91-95 years,81.738,6,,,81738000.0
2015,20,Thurgau,Y91T95,91-95 years,83.607,6,,,83607000.0
2016,20,Thurgau,Y91T95,91-95 years,88.071,6,,,88071000.0
2017,20,Thurgau,Y91T95,91-95 years,91.264,6,,,91264000.0
2018,20,Thurgau,Y91T95,91-95 years,93.658,6,,,93658000.0
2019,20,Thurgau,Y91T95,91-95 years,98.581,6,,,98581000.0
2020,20,Thurgau,Y91T95,91-95 years,101.473,6,,,101473000.0
2021,20,Thurgau,Y91T95,91-95 years,102.029,6,,,102029000.0
2022,20,Thurgau,Y91T95,91-95 years,109.569,6,,,109569000.0
2023,20,Thurgau,Y91T95,91-95 years,119.465,6,,,119465000.0
2024,20,Thurgau,Y91T95,91-95 years,124.418,6,,,124418000.0
2011,21,Ticino,Y91T95,91-95 years,132.18,6,,,132180000.0
2012,21,Ticino,Y91T95,91-95 years,145.66,6,,,145660000.0
2013,21,Ticino,Y91T95,91-95 years,160.696,6,,,160696000.0
2014,21,Ticino,Y91T95,91-95 years,171.765,6,,,171765000.0
2015,21,Ticino,Y91T95,91-95 years,179.693,6,,,179693000.0
2016,21,Ticino,Y91T95,91-95 years,187.378,6,,,187378000.0
2017,21,Ticino,Y91T95,91-95 years,189.547,6,,,189547000.0
2018,21,Ticino,Y91T95,91-95 years,199.845,6,,,199845000.0
2019,21,Ticino,Y91T95,91-95 years,203.252,6,,,203252000.0
2020,21,Ticino,Y91T95,91-95 years,205.73,6,,,205730000.0
2021,21,Ticino,Y91T95,91-95 years,204.055,6,,,204055000.0
2022,21,Ticino,Y91T95,91-95 years,222.741,6,,,222741000.0
2023,21,Ticino,Y91T95,91-95 years,243.301,6,,,243301000.0
2024,21,Ticino,Y91T95,91-95 years,263.122,6,,,263122000.0
2011,22,Vaud,Y91T95,91-95 years,234.474,6,,,234474000.0
2012,22,Vaud,Y91T95,91-95 years,254.326,6,,,254326000.0
2013,22,Vaud,Y91T95,91-95 years,278.618,6,,,278618000.0
2014,22,Vaud,Y91T95,91-95 years,296.409,6,,,296409000.0
2015,22,Vaud,Y91T95,91-95 years,312.48,6,,,312480000.0
2016,22,Vaud,Y91T95,91-95 years,323.847,6,,,323847000.0
2017,22,Vaud,Y91T95,91-95 years,341.433,6,,,341433000.0
2018,22,Vaud,Y91T95,91-95 years,334.354,6,,,334354000.0
2019,22,Vaud,Y91T95,91-95 years,354.555,6,,,354555000.0
2020,22,Vaud,Y91T95,91-95 years,359.178,6,,,359178000.0
2021,22,Vaud,Y91T95,91-95 years,370.642,6,,,370642000.0
2022,22,Vaud,Y91T95,91-95 years,400.564,6,,,400564000.0
2023,22,Vaud,Y91T95,91-95 years,401.312,6,,,401312000.0
2024,22,Vaud,Y91T95,91-95 years,430.992,6,,,430992000.0
2011,23,Valais,Y91T95,91-95 years,74.486,6,,,74486000.0
2012,23,Valais,Y91T95,91-95 years,82.087,6,,,82087000.0
2013,23,Valais,Y91T95,91-95 years,89.167,6,,,89167000.0
2014,23,Valais,Y91T95,91-95 years,96.13,6,,,96130000.0
2015,23,Valais,Y91T95,91-95 years,101.696,6,,,101696000.0
2016,23,Valais,Y91T95,91-95 years,107.237,6,,,107237000.0
2017,23,Valais,Y91T95,91-95 years,110.795,6,,,110795000.0
2018,23,Valais,Y91T95,91-95 years,115.069,6,,,115069000.0
2019,23,Valais,Y91T95,91-95 years,121.119,6,,,121119000.0
2020,23,Valais,Y91T95,91-95 years,127.395,6,,,127395000.0
2021,23,Valais,Y91T95,91-95 years,135.8,6,,,135800000.0
2022,23,Valais,Y91T95,91-95 years,151.538,6,,,151538000.0
2023,23,Valais,Y91T95,91-95 years,162.177,6,,,162177000.0
2024,23,Valais,Y91T95,91-95 years,158.725,6,,,158725000.0
2011,24,Neuchâtel,Y91T95,91-95 years,68.686,6,,,68686000.0
2012,24,Neuchâtel,Y91T95,91-95 years,74.84,6,,,74840000.0
2013,24,Neuchâtel,Y91T95,91-95 years,83.376,6,,,83376000.0
2014,24,Neuchâtel,Y91T95,91-95 years,86.328,6,,,86328000.0
2015,24,Neuchâtel,Y91T95,91-95 years,92.57,6,,,92570000.0
2016,24,Neuchâtel,Y91T95,91-95 years,92.95,6,,,92950000.0
2017,24,Neuchâtel,Y91T95,91-95 years,94.126,6,,,94126000.0
2018,24,Neuchâtel,Y91T95,91-95 years,91.423,6,,,91423000.0
2019,24,Neuchâtel,Y91T95,91-95 years,91.755,6,,,91755000.0
2020,24,Neuchâtel,Y91T95,91-95 years,97.03,6,,,97030000.0
2021,24,Neuchâtel,Y91T95,91-95 years,99.611,6,,,99611000.0
2022,24,Neuchâtel,Y91T95,91-95 years,109.509,6,,,109509000.0
2023,24,Neuchâtel,Y91T95,91-95 years,106.225,6,,,106225000.0
2024,24,Neuchâtel,Y91T95,91-95 years,111.149,6,,,111149000.0
2011,25,Genève,Y91T95,91-95 years,161.862,6,,,161862000.0
2012,25,Genève,Y91T95,91-95 years,184.319,6,,,184319000.0
2013,25,Genève,Y91T95,91-95 years,192.456,6,,,192456000.0
2014,25,Genève,Y91T95,91-95 years,204.089,6,,,204089000.0
2015,25,Genève,Y91T95,91-95 years,211.592,6,,,211592000.0
2016,25,Genève,Y91T95,91-95 years,214.928,6,,,214928000.0
2017,25,Genève,Y91T95,91-95 years,219.471,6,,,219471000.0
2018,25,Genève,Y91T95,91-95 years,227.725,6,,,227725000.0
2019,25,Genève,Y91T95,91-95 years,239.0,6,,,239000000.0
2020,25,Genève,Y91T95,91-95 years,250.602,6,,,250602000.0
2021,25,Genève,Y91T95,91-95 years,250.389,6,,,250389000.0
2022,25,Genève,Y91T95,91-95 years,266.851,6,,,266851000.0
2023,25,Genève,Y91T95,91-95 years,274.258,6,,,274258000.0
2024,25,Genève,Y91T95,91-95 years,303.711,6,,,303711000.0
2011,26,Jura,Y91T95,91-95 years,25.891,6,,,25891000.0
2012,26,Jura,Y91T95,91-95 years,30.038,6,,,30038000.0
2013,26,Jura,Y91T95,91-95 years,30.712,6,,,30712000.0
2014,26,Jura,Y91T95,91-95 years,32.757,6,,,32756999.999999996
2015,26,Jura,Y91T95,91-95 years,36.529,6,,,36529000.0
2016,26,Jura,Y91T95,91-95 years,35.784,6,,,35784000.0
2017,26,Jura,Y91T95,91-95 years,38.631,6,,,38631000.0
2018,26,Jura,Y91T95,91-95 years,38.216,6,,,38216000.0
2019,26,Jura,Y91T95,91-95 years,41.141,6,,,41141000.0
2020,26,Jura,Y91T95,91-95 years,45.016,6,,,45016000.0
2021,26,Jura,Y91T95,91-95 years,41.537,6,,,41537000.0
2022,26,Jura,Y91T95,91-95 years,42.538,6,,,42538000.0
2023,26,Jura,Y91T95,91-95 years,46.18,6,,,46180000.0
2024,26,Jura,Y91T95,91-95 years,52.632,6,,,52632000.0
2011,_T,Total,Y_GE96,96 years or older,829.362,6,,,829362000.0
2012,_T,Total,Y_GE96,96 years or older,839.959,6,,,839959000.0
2013,_T,Total,Y_GE96,96 years or older,852.926,6,,,852926000.0
2014,_T,Total,Y_GE96,96 years or older,876.768,6,,,876768000.0
2015,_T,Total,Y_GE96,96 years or older,892.027,6,,,892027000.0
2016,_T,Total,Y_GE96,96 years or older,968.551,6,,,968551000.0
2017,_T,Total,Y_GE96,96 years or older,1056.17,6,,,1056170000.0000001
2018,_T,Total,Y_GE96,96 years or older,1125.173,6,,,1125173000.0
2019,_T,Total,Y_GE96,96 years or older,1214.913,6,,,1214913000.0
2020,_T,Total,Y_GE96,96 years or older,1297.486,6,,,1297486000.0
2021,_T,Total,Y_GE96,96 years or older,1331.963,6,,,1331963000.0
2022,_T,Total,Y_GE96,96 years or older,1402.397,6,,,1402397000.0
2023,_T,Total,Y_GE96,96 years or older,1450.073,6,,,1450073000.0
2024,_T,Total,Y_GE96,96 years or older,1555.34,6,,,1555340000.0
2011,1,Zürich,Y_GE96,96 years or older,140.971,6,,,140971000.0
2012,1,Zürich,Y_GE96,96 years or older,139.89,6,,,139890000.0
2013,1,Zürich,Y_GE96,96 years or older,141.053,6,,,141053000.0
2014,1,Zürich,Y_GE96,96 years or older,144.206,6,,,144206000.0
2015,1,Zürich,Y_GE96,96 years or older,145.523,6,,,145523000.0
2016,1,Zürich,Y_GE96,96 years or older,155.343,6,,,155343000.0
2017,1,Zürich,Y_GE96,96 years or older,170.405,6,,,170405000.0
2018,1,Zürich,Y_GE96,96 years or older,183.66,6,,,183660000.0
2019,1,Zürich,Y_GE96,96 years or older,193.239,6,,,193239000.0
2020,1,Zürich,Y_GE96,96 years or older,205.666,6,,,205666000.0
2021,1,Zürich,Y_GE96,96 years or older,207.705,6,,,207705000.0
2022,1,Zürich,Y_GE96,96 years or older,214.779,6,,,214779000.0
2023,1,Zürich,Y_GE96,96 years or older,225.066,6,,,225066000.0
2024,1,Zürich,Y_GE96,96 years or older,241.85,6,,,241850000.0
2011,2,Bern,Y_GE96,96 years or older,116.181,6,,,116181000.0
2012,2,Bern,Y_GE96,96 years or older,122.283,6,,,122283000.0
2013,2,Bern,Y_GE96,96 years or older,127.193,6,,,127193000.0
2014,2,Bern,Y_GE96,96 years or older,129.761,6,,,129761000.0
2015,2,Bern,Y_GE96,96 years or older,130.755,6,,,130755000.0
2016,2,Bern,Y_GE96,96 years or older,143.543,6,,,143543000.0
2017,2,Bern,Y_GE96,96 years or older,149.163,6,,,149163000.0
2018,2,Bern,Y_GE96,96 years or older,154.651,6,,,154651000.0
2019,2,Bern,Y_GE96,96 years or older,163.476,6,,,163476000.0
2020,2,Bern,Y_GE96,96 years or older,174.135,6,,,174135000.0
2021,2,Bern,Y_GE96,96 years or older,182.284,6,,,182284000.0
2022,2,Bern,Y_GE96,96 years or older,188.204,6,,,188204000.0
2023,2,Bern,Y_GE96,96 years or older,195.42,6,,,195420000.0
2024,2,Bern,Y_GE96,96 years or older,204.355,6,,,204355000.0
2011,3,Luzern,Y_GE96,96 years or older,34.219,6,,,34219000.0
2012,3,Luzern,Y_GE96,96 years or older,32.956,6,,,32956000.000000004
2013,3,Luzern,Y_GE96,96 years or older,34.03,6,,,34030000.0
2014,3,Luzern,Y_GE96,96 years or older,35.044,6,,,35044000.0
2015,3,Luzern,Y_GE96,96 years or older,35.22,6,,,35220000.0
2016,3,Luzern,Y_GE96,96 years or older,37.407,6,,,37407000.0
2017,3,Luzern,Y_GE96,96 years or older,41.885,6,,,41885000.0
2018,3,Luzern,Y_GE96,96 years or older,45.362,6,,,45362000.0
2019,3,Luzern,Y_GE96,96 years or older,49.85,6,,,49850000.0
2020,3,Luzern,Y_GE96,96 years or older,54.283,6,,,54283000.0
2021,3,Luzern,Y_GE96,96 years or older,55.212,6,,,55212000.0
2022,3,Luzern,Y_GE96,96 years or older,60.044,6,,,60044000.0
2023,3,Luzern,Y_GE96,96 years or older,60.998,6,,,60998000.0
2024,3,Luzern,Y_GE96,96 years or older,66.328,6,,,66328000.0
2011,4,Uri,Y_GE96,96 years or older,3.631,6,,,3631000.0
2012,4,Uri,Y_GE96,96 years or older,3.238,6,,,3238000.0
2013,4,Uri,Y_GE96,96 years or older,3.719,6,,,3719000.0
2014,4,Uri,Y_GE96,96 years or older,3.481,6,,,3481000.0
2015,4,Uri,Y_GE96,96 years or older,4.197,6,,,4197000.0
2016,4,Uri,Y_GE96,96 years or older,4.356,6,,,4356000.0
2017,4,Uri,Y_GE96,96 years or older,4.613,6,,,4613000.0
2018,4,Uri,Y_GE96,96 years or older,5.563,6,,,5563000.0
2019,4,Uri,Y_GE96,96 years or older,6.095,6,,,6095000.0
2020,4,Uri,Y_GE96,96 years or older,6.631,6,,,6631000.0
2021,4,Uri,Y_GE96,96 years or older,6.664,6,,,6664000.0
2022,4,Uri,Y_GE96,96 years or older,6.199,6,,,6199000.0
2023,4,Uri,Y_GE96,96 years or older,6.488,6,,,6488000.0
2024,4,Uri,Y_GE96,96 years or older,6.178,6,,,6178000.0
2011,5,Schwyz,Y_GE96,96 years or older,10.966,6,,,10966000.0
2012,5,Schwyz,Y_GE96,96 years or older,11.628,6,,,11628000.0
2013,5,Schwyz,Y_GE96,96 years or older,10.738,6,,,10738000.0
2014,5,Schwyz,Y_GE96,96 years or older,10.257,6,,,10257000.0
2015,5,Schwyz,Y_GE96,96 years or older,9.76,6,,,9760000.0
2016,5,Schwyz,Y_GE96,96 years or older,10.813,6,,,10813000.0
2017,5,Schwyz,Y_GE96,96 years or older,11.756,6,,,11756000.0
2018,5,Schwyz,Y_GE96,96 years or older,13.15,6,,,13150000.0
2019,5,Schwyz,Y_GE96,96 years or older,15.016,6,,,15016000.0
2020,5,Schwyz,Y_GE96,96 years or older,17.044,6,,,17044000.0
2021,5,Schwyz,Y_GE96,96 years or older,17.614,6,,,17614000.0
2022,5,Schwyz,Y_GE96,96 years or older,17.813,6,,,17813000.0
2023,5,Schwyz,Y_GE96,96 years or older,21.399,6,,,21399000.0
2024,5,Schwyz,Y_GE96,96 years or older,22.632,6,,,22632000.0
2011,6,Obwalden,Y_GE96,96 years or older,2.308,6,,,2308000.0
2012,6,Obwalden,Y_GE96,96 years or older,2.821,6,,,2821000.0
2013,6,Obwalden,Y_GE96,96 years or older,3.493,6,,,3493000.0
2014,6,Obwalden,Y_GE96,96 years or older,3.711,6,,,3711000.0
2015,6,Obwalden,Y_GE96,96 years or older,2.744,6,,,2744000.0
2016,6,Obwalden,Y_GE96,96 years or older,2.606,6,,,2606000.0
2017,6,Obwalden,Y_GE96,96 years or older,2.166,6,,,2166000.0
2018,6,Obwalden,Y_GE96,96 years or older,2.387,6,,,2387000.0
2019,6,Obwalden,Y_GE96,96 years or older,3.345,6,,,3345000.0
2020,6,Obwalden,Y_GE96,96 years or older,4.646,6,,,4646000.0
2021,6,Obwalden,Y_GE96,96 years or older,4.647,6,,,4647000.0
2022,6,Obwalden,Y_GE96,96 years or older,5.006,6,,,5006000.0
2023,6,Obwalden,Y_GE96,96 years or older,5.299,6,,,5299000.0
2024,6,Obwalden,Y_GE96,96 years or older,5.773,6,,,5773000.0
2011,7,Nidwalden,Y_GE96,96 years or older,2.936,6,,,2936000.0
2012,7,Nidwalden,Y_GE96,96 years or older,3.072,6,,,3072000.0
2013,7,Nidwalden,Y_GE96,96 years or older,2.854,6,,,2854000.0
2014,7,Nidwalden,Y_GE96,96 years or older,2.778,6,,,2778000.0
2015,7,Nidwalden,Y_GE96,96 years or older,2.426,6,,,2426000.0
2016,7,Nidwalden,Y_GE96,96 years or older,2.878,6,,,2878000.0
2017,7,Nidwalden,Y_GE96,96 years or older,4.456,6,,,4456000.0
2018,7,Nidwalden,Y_GE96,96 years or older,5.422,6,,,5422000.0
2019,7,Nidwalden,Y_GE96,96 years or older,6.037,6,,,6037000.0
2020,7,Nidwalden,Y_GE96,96 years or older,6.57,6,,,6570000.0
2021,7,Nidwalden,Y_GE96,96 years or older,5.308,6,,,5308000.0
2022,7,Nidwalden,Y_GE96,96 years or older,4.971,6,,,4971000.0
2023,7,Nidwalden,Y_GE96,96 years or older,5.175,6,,,5175000.0
2024,7,Nidwalden,Y_GE96,96 years or older,6.042,6,,,6042000.0
2011,8,Glarus,Y_GE96,96 years or older,4.057,6,,,4057000.0000000005
2012,8,Glarus,Y_GE96,96 years or older,4.674,6,,,4674000.0
2013,8,Glarus,Y_GE96,96 years or older,4.743,6,,,4743000.0
2014,8,Glarus,Y_GE96,96 years or older,5.244,6,,,5244000.0
2015,8,Glarus,Y_GE96,96 years or older,4.842,6,,,4842000.0
2016,8,Glarus,Y_GE96,96 years or older,5.362,6,,,5362000.0
2017,8,Glarus,Y_GE96,96 years or older,5.641,6,,,5641000.0
2018,8,Glarus,Y_GE96,96 years or older,5.937,6,,,5937000.0
2019,8,Glarus,Y_GE96,96 years or older,6.146,6,,,6146000.0
2020,8,Glarus,Y_GE96,96 years or older,6.449,6,,,6449000.0
2021,8,Glarus,Y_GE96,96 years or older,6.716,6,,,6716000.0
2022,8,Glarus,Y_GE96,96 years or older,7.037,6,,,7037000.0
2023,8,Glarus,Y_GE96,96 years or older,7.666,6,,,7666000.0
2024,8,Glarus,Y_GE96,96 years or older,8.046,6,,,8045999.999999999
2011,9,Zug,Y_GE96,96 years or older,7.632,6,,,7632000.0
2012,9,Zug,Y_GE96,96 years or older,8.068,6,,,8068000.0
2013,9,Zug,Y_GE96,96 years or older,8.895,6,,,8895000.0
2014,9,Zug,Y_GE96,96 years or older,7.994,6,,,7994000.0
2015,9,Zug,Y_GE96,96 years or older,8.003,6,,,8003000.0
2016,9,Zug,Y_GE96,96 years or older,8.695,6,,,8695000.0
2017,9,Zug,Y_GE96,96 years or older,6.472,6,,,6472000.0
2018,9,Zug,Y_GE96,96 years or older,7.242,6,,,7242000.0
2019,9,Zug,Y_GE96,96 years or older,8.488,6,,,8488000.0
2020,9,Zug,Y_GE96,96 years or older,10.098,6,,,10098000.0
2021,9,Zug,Y_GE96,96 years or older,11.605,6,,,11605000.0
2022,9,Zug,Y_GE96,96 years or older,12.002,6,,,12002000.0
2023,9,Zug,Y_GE96,96 years or older,13.58,6,,,13580000.0
2024,9,Zug,Y_GE96,96 years or older,16.218,6,,,16218000.0
2011,10,Fribourg,Y_GE96,96 years or older,18.923,6,,,18923000.0
2012,10,Fribourg,Y_GE96,96 years or older,17.759,6,,,17759000.0
2013,10,Fribourg,Y_GE96,96 years or older,18.704,6,,,18704000.0
2014,10,Fribourg,Y_GE96,96 years or older,21.544,6,,,21544000.0
2015,10,Fribourg,Y_GE96,96 years or older,23.991,6,,,23991000.0
2016,10,Fribourg,Y_GE96,96 years or older,25.594,6,,,25594000.0
2017,10,Fribourg,Y_GE96,96 years or older,28.992,6,,,28992000.0
2018,10,Fribourg,Y_GE96,96 years or older,29.895,6,,,29895000.0
2019,10,Fribourg,Y_GE96,96 years or older,34.527,6,,,34527000.0
2020,10,Fribourg,Y_GE96,96 years or older,37.859,6,,,37859000.0
2021,10,Fribourg,Y_GE96,96 years or older,36.951,6,,,36951000.0
2022,10,Fribourg,Y_GE96,96 years or older,39.667,6,,,39667000.0
2023,10,Fribourg,Y_GE96,96 years or older,39.155,6,,,39155000.0
2024,10,Fribourg,Y_GE96,96 years or older,38.258,6,,,38258000.0
2011,11,Solothurn,Y_GE96,96 years or older,23.138,6,,,23138000.0
2012,11,Solothurn,Y_GE96,96 years or older,24.72,6,,,24720000.0
2013,11,Solothurn,Y_GE96,96 years or older,24.265,6,,,24265000.0
2014,11,Solothurn,Y_GE96,96 years or older,25.507,6,,,25507000.0
2015,11,Solothurn,Y_GE96,96 years or older,23.796,6,,,23796000.0
2016,11,Solothurn,Y_GE96,96 years or older,25.721,6,,,25721000.0
2017,11,Solothurn,Y_GE96,96 years or older,30.009,6,,,30009000.0
2018,11,Solothurn,Y_GE96,96 years or older,31.984,6,,,31984000.0
2019,11,Solothurn,Y_GE96,96 years or older,29.903,6,,,29903000.0
2020,11,Solothurn,Y_GE96,96 years or older,31.186,6,,,31186000.0
2021,11,Solothurn,Y_GE96,96 years or older,36.459,6,,,36459000.0
2022,11,Solothurn,Y_GE96,96 years or older,41.738,6,,,41738000.0
2023,11,Solothurn,Y_GE96,96 years or older,38.799,6,,,38799000.0
2024,11,Solothurn,Y_GE96,96 years or older,41.979,6,,,41979000.0
2011,12,Basel-Stadt,Y_GE96,96 years or older,43.877,6,,,43877000.0
2012,12,Basel-Stadt,Y_GE96,96 years or older,45.269,6,,,45269000.0
2013,12,Basel-Stadt,Y_GE96,96 years or older,42.143,6,,,42143000.0
2014,12,Basel-Stadt,Y_GE96,96 years or older,40.017,6,,,40017000.0
2015,12,Basel-Stadt,Y_GE96,96 years or older,39.585,6,,,39585000.0
2016,12,Basel-Stadt,Y_GE96,96 years or older,43.669,6,,,43669000.0
2017,12,Basel-Stadt,Y_GE96,96 years or older,48.12,6,,,48120000.0
2018,12,Basel-Stadt,Y_GE96,96 years or older,51.188,6,,,51188000.0
2019,12,Basel-Stadt,Y_GE96,96 years or older,53.861,6,,,53861000.0
2020,12,Basel-Stadt,Y_GE96,96 years or older,56.289,6,,,56289000.0
2021,12,Basel-Stadt,Y_GE96,96 years or older,55.548,6,,,55548000.0
2022,12,Basel-Stadt,Y_GE96,96 years or older,59.829,6,,,59829000.0
2023,12,Basel-Stadt,Y_GE96,96 years or older,58.928,6,,,58928000.0
2024,12,Basel-Stadt,Y_GE96,96 years or older,65.853,6,,,65852999.99999999
2011,13,Basel-Landschaft,Y_GE96,96 years or older,26.509,6,,,26509000.0
2012,13,Basel-Landschaft,Y_GE96,96 years or older,26.135,6,,,26135000.0
2013,13,Basel-Landschaft,Y_GE96,96 years or older,27.714,6,,,27714000.0
2014,13,Basel-Landschaft,Y_GE96,96 years or older,27.966,6,,,27966000.0
2015,13,Basel-Landschaft,Y_GE96,96 years or older,26.599,6,,,26599000.0
2016,13,Basel-Landschaft,Y_GE96,96 years or older,28.357,6,,,28357000.0
2017,13,Basel-Landschaft,Y_GE96,96 years or older,31.304,6,,,31304000.0
2018,13,Basel-Landschaft,Y_GE96,96 years or older,35.034,6,,,35034000.0
2019,13,Basel-Landschaft,Y_GE96,96 years or older,41.002,6,,,41002000.0
2020,13,Basel-Landschaft,Y_GE96,96 years or older,43.409,6,,,43409000.0
2021,13,Basel-Landschaft,Y_GE96,96 years or older,47.462,6,,,47462000.0
2022,13,Basel-Landschaft,Y_GE96,96 years or older,48.662,6,,,48662000.0
2023,13,Basel-Landschaft,Y_GE96,96 years or older,54.321,6,,,54321000.0
2024,13,Basel-Landschaft,Y_GE96,96 years or older,58.176,6,,,58176000.0
2011,14,Schaffhausen,Y_GE96,96 years or older,10.592,6,,,10592000.0
2012,14,Schaffhausen,Y_GE96,96 years or older,10.466,6,,,10466000.0
2013,14,Schaffhausen,Y_GE96,96 years or older,10.837,6,,,10837000.0
2014,14,Schaffhausen,Y_GE96,96 years or older,11.159,6,,,11159000.0
2015,14,Schaffhausen,Y_GE96,96 years or older,12.065,6,,,12065000.0
2016,14,Schaffhausen,Y_GE96,96 years or older,13.668,6,,,13668000.0
2017,14,Schaffhausen,Y_GE96,96 years or older,14.158,6,,,14158000.0
2018,14,Schaffhausen,Y_GE96,96 years or older,15.352,6,,,15352000.0
2019,14,Schaffhausen,Y_GE96,96 years or older,15.681,6,,,15681000.0
2020,14,Schaffhausen,Y_GE96,96 years or older,17.543,6,,,17543000.0
2021,14,Schaffhausen,Y_GE96,96 years or older,17.903,6,,,17903000.0
2022,14,Schaffhausen,Y_GE96,96 years or older,16.328,6,,,16328000.0
2023,14,Schaffhausen,Y_GE96,96 years or older,16.292,6,,,16292000.000000002
2024,14,Schaffhausen,Y_GE96,96 years or older,17.595,6,,,17595000.0
2011,15,Appenzell Ausserrhoden,Y_GE96,96 years or older,6.18,6,,,6180000.0
2012,15,Appenzell Ausserrhoden,Y_GE96,96 years or older,7.09,6,,,7090000.0
2013,15,Appenzell Ausserrhoden,Y_GE96,96 years or older,6.469,6,,,6469000.0
2014,15,Appenzell Ausserrhoden,Y_GE96,96 years or older,7.17,6,,,7170000.0
2015,15,Appenzell Ausserrhoden,Y_GE96,96 years or older,7.295,6,,,7295000.0
2016,15,Appenzell Ausserrhoden,Y_GE96,96 years or older,8.187,6,,,8186999.999999999
2017,15,Appenzell Ausserrhoden,Y_GE96,96 years or older,7.541,6,,,7541000.0
2018,15,Appenzell Ausserrhoden,Y_GE96,96 years or older,8.543,6,,,8543000.0
2019,15,Appenzell Ausserrhoden,Y_GE96,96 years or older,8.791,6,,,8791000.0
2020,15,Appenzell Ausserrhoden,Y_GE96,96 years or older,8.225,6,,,8225000.0
2021,15,Appenzell Ausserrhoden,Y_GE96,96 years or older,7.956,6,,,7956000.0
2022,15,Appenzell Ausserrhoden,Y_GE96,96 years or older,9.388,6,,,9388000.0
2023,15,Appenzell Ausserrhoden,Y_GE96,96 years or older,9.567,6,,,9567000.0
2024,15,Appenzell Ausserrhoden,Y_GE96,96 years or older,10.346,6,,,10346000.0
2011,16,Appenzell Innerrhoden,Y_GE96,96 years or older,0.828,6,,,828000.0
2012,16,Appenzell Innerrhoden,Y_GE96,96 years or older,1.249,6,,,1249000.0
2013,16,Appenzell Innerrhoden,Y_GE96,96 years or older,0.89,6,,,890000.0
2014,16,Appenzell Innerrhoden,Y_GE96,96 years or older,1.429,6,,,1429000.0
2015,16,Appenzell Innerrhoden,Y_GE96,96 years or older,1.083,6,,,1083000.0
2016,16,Appenzell Innerrhoden,Y_GE96,96 years or older,1.628,6,,,1628000.0
2017,16,Appenzell Innerrhoden,Y_GE96,96 years or older,1.514,6,,,1514000.0
2018,16,Appenzell Innerrhoden,Y_GE96,96 years or older,1.143,6,,,1143000.0
2019,16,Appenzell Innerrhoden,Y_GE96,96 years or older,1.539,6,,,1539000.0
2020,16,Appenzell Innerrhoden,Y_GE96,96 years or older,1.744,6,,,1744000.0
2021,16,Appenzell Innerrhoden,Y_GE96,96 years or older,2.468,6,,,2468000.0
2022,16,Appenzell Innerrhoden,Y_GE96,96 years or older,1.974,6,,,1974000.0
2023,16,Appenzell Innerrhoden,Y_GE96,96 years or older,1.737,6,,,1737000.0
2024,16,Appenzell Innerrhoden,Y_GE96,96 years or older,2.056,6,,,2056000.0
2011,17,St. Gallen,Y_GE96,96 years or older,42.88,6,,,42880000.0
2012,17,St. Gallen,Y_GE96,96 years or older,44.626,6,,,44626000.0
2013,17,St. Gallen,Y_GE96,96 years or older,45.351,6,,,45351000.0
2014,17,St. Gallen,Y_GE96,96 years or older,47.255,6,,,47255000.0
2015,17,St. Gallen,Y_GE96,96 years or older,47.936,6,,,47936000.0
2016,17,St. Gallen,Y_GE96,96 years or older,50.356,6,,,50356000.0
2017,17,St. Gallen,Y_GE96,96 years or older,56.415,6,,,56415000.0
2018,17,St. Gallen,Y_GE96,96 years or older,62.198,6,,,62198000.0
2019,17,St. Gallen,Y_GE96,96 years or older,67.738,6,,,67738000.0
2020,17,St. Gallen,Y_GE96,96 years or older,73.571,6,,,73571000.0
2021,17,St. Gallen,Y_GE96,96 years or older,71.207,6,,,71207000.0
2022,17,St. Gallen,Y_GE96,96 years or older,75.133,6,,,75133000.0
2023,17,St. Gallen,Y_GE96,96 years or older,78.721,6,,,78721000.0
2024,17,St. Gallen,Y_GE96,96 years or older,81.748,6,,,81748000.0
2011,18,Graubünden,Y_GE96,96 years or older,17.897,6,,,17897000.0
2012,18,Graubünden,Y_GE96,96 years or older,16.589,6,,,16588999.999999998
2013,18,Graubünden,Y_GE96,96 years or older,16.381,6,,,16381000.0
2014,18,Graubünden,Y_GE96,96 years or older,18.859,6,,,18859000.0
2015,18,Graubünden,Y_GE96,96 years or older,19.813,6,,,19813000.0
2016,18,Graubünden,Y_GE96,96 years or older,20.873,6,,,20873000.0
2017,18,Graubünden,Y_GE96,96 years or older,22.669,6,,,22669000.0
2018,18,Graubünden,Y_GE96,96 years or older,23.987,6,,,23987000.0
2019,18,Graubünden,Y_GE96,96 years or older,24.501,6,,,24501000.0
2020,18,Graubünden,Y_GE96,96 years or older,28.442,6,,,28442000.0
2021,18,Graubünden,Y_GE96,96 years or older,28.227,6,,,28227000.0
2022,18,Graubünden,Y_GE96,96 years or older,28.559,6,,,28559000.0
2023,18,Graubünden,Y_GE96,96 years or older,30.531,6,,,30531000.0
2024,18,Graubünden,Y_GE96,96 years or older,34.968,6,,,34968000.0
2011,19,Aargau,Y_GE96,96 years or older,43.22,6,,,43220000.0
2012,19,Aargau,Y_GE96,96 years or older,42.217,6,,,42217000.0
2013,19,Aargau,Y_GE96,96 years or older,43.779,6,,,43779000.0
2014,19,Aargau,Y_GE96,96 years or older,44.424,6,,,44424000.0
2015,19,Aargau,Y_GE96,96 years or older,43.023,6,,,43023000.0
2016,19,Aargau,Y_GE96,96 years or older,47.01,6,,,47010000.0
2017,19,Aargau,Y_GE96,96 years or older,52.2,6,,,52200000.0
2018,19,Aargau,Y_GE96,96 years or older,58.346,6,,,58346000.0
2019,19,Aargau,Y_GE96,96 years or older,66.025,6,,,66025000.00000001
2020,19,Aargau,Y_GE96,96 years or older,75.835,6,,,75835000.0
2021,19,Aargau,Y_GE96,96 years or older,73.687,6,,,73687000.0
2022,19,Aargau,Y_GE96,96 years or older,77.24,6,,,77240000.0
2023,19,Aargau,Y_GE96,96 years or older,84.234,6,,,84234000.0
2024,19,Aargau,Y_GE96,96 years or older,90.115,6,,,90115000.0
2011,20,Thurgau,Y_GE96,96 years or older,21.718,6,,,21718000.0
2012,20,Thurgau,Y_GE96,96 years or older,23.21,6,,,23210000.0
2013,20,Thurgau,Y_GE96,96 years or older,23.028,6,,,23028000.0
2014,20,Thurgau,Y_GE96,96 years or older,21.969,6,,,21969000.0
2015,20,Thurgau,Y_GE96,96 years or older,24.039,6,,,24039000.0
2016,20,Thurgau,Y_GE96,96 years or older,25.904,6,,,25904000.0
2017,20,Thurgau,Y_GE96,96 years or older,26.258,6,,,26258000.0
2018,20,Thurgau,Y_GE96,96 years or older,26.661,6,,,26661000.0
2019,20,Thurgau,Y_GE96,96 years or older,27.986,6,,,27986000.0
2020,20,Thurgau,Y_GE96,96 years or older,32.088,6,,,32088000.0
2021,20,Thurgau,Y_GE96,96 years or older,34.584,6,,,34584000.0
2022,20,Thurgau,Y_GE96,96 years or older,36.052,6,,,36052000.0
2023,20,Thurgau,Y_GE96,96 years or older,38.93,6,,,38930000.0
2024,20,Thurgau,Y_GE96,96 years or older,43.094,6,,,43094000.0
2011,21,Ticino,Y_GE96,96 years or older,58.268,6,,,58268000.0
2012,21,Ticino,Y_GE96,96 years or older,57.253,6,,,57253000.0
2013,21,Ticino,Y_GE96,96 years or older,56.606,6,,,56606000.0
2014,21,Ticino,Y_GE96,96 years or older,57.605,6,,,57605000.0
2015,21,Ticino,Y_GE96,96 years or older,58.025,6,,,58025000.0
2016,21,Ticino,Y_GE96,96 years or older,61.277,6,,,61277000.0
2017,21,Ticino,Y_GE96,96 years or older,68.032,6,,,68032000.0
2018,21,Ticino,Y_GE96,96 years or older,71.713,6,,,71713000.0
2019,21,Ticino,Y_GE96,96 years or older,78.128,6,,,78128000.0
2020,21,Ticino,Y_GE96,96 years or older,82.581,6,,,82581000.0
2021,21,Ticino,Y_GE96,96 years or older,84.504,6,,,84504000.0
2022,21,Ticino,Y_GE96,96 years or older,93.634,6,,,93634000.0
2023,21,Ticino,Y_GE96,96 years or older,94.619,6,,,94619000.0
2024,21,Ticino,Y_GE96,96 years or older,96.668,6,,,96668000.0
2011,22,Vaud,Y_GE96,96 years or older,77.559,6,,,77559000.0
2012,22,Vaud,Y_GE96,96 years or older,80.28,6,,,80280000.0
2013,22,Vaud,Y_GE96,96 years or older,80.946,6,,,80946000.0
2014,22,Vaud,Y_GE96,96 years or older,82.791,6,,,82791000.0
2015,22,Vaud,Y_GE96,96 years or older,90.153,6,,,90153000.0
2016,22,Vaud,Y_GE96,96 years or older,103.695,6,,,103695000.0
2017,22,Vaud,Y_GE96,96 years or older,114.76,6,,,114760000.0
2018,22,Vaud,Y_GE96,96 years or older,119.432,6,,,119432000.0
2019,22,Vaud,Y_GE96,96 years or older,126.482,6,,,126482000.0
2020,22,Vaud,Y_GE96,96 years or older,132.452,6,,,132452000.0
2021,22,Vaud,Y_GE96,96 years or older,142.424,6,,,142424000.0
2022,22,Vaud,Y_GE96,96 years or older,151.587,6,,,151587000.0
2023,22,Vaud,Y_GE96,96 years or older,155.514,6,,,155514000.0
2024,22,Vaud,Y_GE96,96 years or older,164.996,6,,,164996000.0
2011,23,Valais,Y_GE96,96 years or older,22.256,6,,,22256000.0
2012,23,Valais,Y_GE96,96 years or older,23.145,6,,,23145000.0
2013,23,Valais,Y_GE96,96 years or older,25.489,6,,,25489000.0
2014,23,Valais,Y_GE96,96 years or older,26.891,6,,,26891000.0
2015,23,Valais,Y_GE96,96 years or older,27.175,6,,,27175000.0
2016,23,Valais,Y_GE96,96 years or older,30.105,6,,,30105000.0
2017,23,Valais,Y_GE96,96 years or older,32.194,6,,,32194000.000000004
2018,23,Valais,Y_GE96,96 years or older,35.66,6,,,35660000.0
2019,23,Valais,Y_GE96,96 years or older,39.345,6,,,39345000.0
2020,23,Valais,Y_GE96,96 years or older,38.625,6,,,38625000.0
2021,23,Valais,Y_GE96,96 years or older,38.844,6,,,38844000.0
2022,23,Valais,Y_GE96,96 years or older,44.263,6,,,44263000.0
2023,23,Valais,Y_GE96,96 years or older,43.11,6,,,43110000.0
2024,23,Valais,Y_GE96,96 years or older,46.874,6,,,46874000.0
2011,24,Neuchâtel,Y_GE96,96 years or older,22.794,6,,,22794000.0
2012,24,Neuchâtel,Y_GE96,96 years or older,22.972,6,,,22972000.0
2013,24,Neuchâtel,Y_GE96,96 years or older,22.78,6,,,22780000.0
2014,24,Neuchâtel,Y_GE96,96 years or older,25.779,6,,,25779000.0
2015,24,Neuchâtel,Y_GE96,96 years or older,27.2,6,,,27200000.0
2016,24,Neuchâtel,Y_GE96,96 years or older,29.54,6,,,29540000.0
2017,24,Neuchâtel,Y_GE96,96 years or older,32.383,6,,,32383000.000000004
2018,24,Neuchâtel,Y_GE96,96 years or older,34.097,6,,,34097000.0
2019,24,Neuchâtel,Y_GE96,96 years or older,36.268,6,,,36268000.0
2020,24,Neuchâtel,Y_GE96,96 years or older,34.984,6,,,34984000.0
2021,24,Neuchâtel,Y_GE96,96 years or older,39.484,6,,,39484000.0
2022,24,Neuchâtel,Y_GE96,96 years or older,41.609,6,,,41609000.0
2023,24,Neuchâtel,Y_GE96,96 years or older,41.415,6,,,41415000.0
2024,24,Neuchâtel,Y_GE96,96 years or older,44.367,6,,,44367000.0
2011,25,Genève,Y_GE96,96 years or older,61.663,6,,,61663000.0
2012,25,Genève,Y_GE96,96 years or older,60.728,6,,,60728000.0
2013,25,Genève,Y_GE96,96 years or older,63.116,6,,,63116000.0
2014,25,Genève,Y_GE96,96 years or older,63.63,6,,,63630000.0
2015,25,Genève,Y_GE96,96 years or older,66.084,6,,,66084000.0
2016,25,Genève,Y_GE96,96 years or older,69.457,6,,,69457000.0
2017,25,Genève,Y_GE96,96 years or older,79.511,6,,,79511000.0
2018,25,Genève,Y_GE96,96 years or older,83.209,6,,,83209000.0
2019,25,Genève,Y_GE96,96 years or older,95.521,6,,,95521000.0
2020,25,Genève,Y_GE96,96 years or older,100.62,6,,,100620000.0
2021,25,Genève,Y_GE96,96 years or older,101.869,6,,,101869000.0
2022,25,Genève,Y_GE96,96 years or older,105.952,6,,,105952000.0
2023,25,Genève,Y_GE96,96 years or older,106.706,6,,,106706000.0
2024,25,Genève,Y_GE96,96 years or older,118.519,6,,,118519000.0
2011,26,Jura,Y_GE96,96 years or older,8.161,6,,,8161000.0
2012,26,Jura,Y_GE96,96 years or older,7.622,6,,,7622000.0
2013,26,Jura,Y_GE96,96 years or older,7.709,6,,,7709000.0
2014,26,Jura,Y_GE96,96 years or older,10.296,6,,,10296000.0
2015,26,Jura,Y_GE96,96 years or older,10.7,6,,,10700000.0
2016,26,Jura,Y_GE96,96 years or older,12.506,6,,,12506000.0
2017,26,Jura,Y_GE96,96 years or older,13.552,6,,,13552000.0
2018,26,Jura,Y_GE96,96 years or older,13.357,6,,,13357000.0
2019,26,Jura,Y_GE96,96 years or older,15.921,6,,,15921000.0
2020,26,Jura,Y_GE96,96 years or older,16.512,6,,,16512000.0
2021,26,Jura,Y_GE96,96 years or older,14.631,6,,,14631000.0
2022,26,Jura,Y_GE96,96 years or older,14.726,6,,,14726000.0
2023,26,Jura,Y_GE96,96 years or older,16.402,6,,,16402000.000000002
2024,26,Jura,Y_GE96,96 years or older,22.307,6,,,22307000.0
