{
"type": "FeatureCollection",
"name": "cantons",
"crs": { "type": "name", "properties": { "name": "urn:ogc:def:crs:OGC:1.3:CRS84" } },
"features": [
{ "type": "Feature", "properties": { "uuid": "{C0A13B16-7F38-4093-AE0D-D3483C1C6C34}", "datum_aenderung": "2025-11-19T00:00:00", "datum_erstellung": "2012-10-26T00:00:00", "erstellung_jahr": 2012, "erstellung_monat": 10, "grund_aenderung": "Verbessert", "herkunft": "swisstopo", "herkunft_jahr": 2026, "herkunft_monat": 1, "revision_jahr": 2026, "revision_monat": 1, "revision_qualitaet": "TGMG_2026_Akt", "objektart": "Kanton", "kantonsnummer": 25, "see_flaeche": 3661.0, "kantonsflaeche": 28249.0, "name": "Genève", "icc": "CH", "einwohnerzahl": 531102 }, "geometry": { "type": "MultiPolygon", "coordinates": [ [ [ [ 6.125789513968735, 46.317469980662359, 460.303 ], [ 6.140736700450035, 46.304736170539535, 443.012 ], [ 6.198742733885511, 46.28442905481576, 372.13 ], [ 6.219551060940476, 46.311884482479883, 372.13 ], [ 6.244700667156676, 46.304040836382519, 373.439 ], [ 6.253001768062594, 46.290503217444041, 399.091 ], [ 6.237583067304269, 46.277553663148467, 419.644 ], [ 6.260151951897665, 46.251679247662196, 458.982 ], [ 6.278703880360331, 46.251264520877378, 466.337 ], [ 6.295595661693913, 46.264480817582417, 457.05 ], [ 6.295016327443515, 46.256059638595467, 471.52 ], [ 6.30975512578953, 46.256225466805681, 499.458 ], [ 6.310282375243037, 46.243975038715845, 512.945 ], [ 6.276973502077459, 46.215521666968044, 493.827 ], [ 6.205190420973099, 46.191762741734941, 412.451 ], [ 6.187057570864969, 46.180364001974702, 392.542 ], [ 6.188776217671998, 46.166387954323959, 421.171 ], [ 6.136440499517148, 46.141589452821982, 482.723 ], [ 6.098493990750008, 46.143819919658732, 465.29 ], [ 6.091811572213839, 46.151946481984929, 445.542 ], [ 6.052263180938049, 46.151342904408857, 451.247 ], [ 6.035393814910662, 46.134333148832816, 444.527 ], [ 5.99410129249086, 46.144569450280052, 365.38 ], [ 5.956846346610299, 46.128756771917395, 339.575 ], [ 5.981934376780726, 46.173216217599986, 347.12 ], [ 5.988037225504045, 46.170773892953484, 347.426 ], [ 5.994911957918096, 46.181839439844516, 372.482 ], [ 5.963727617482182, 46.197006588766492, 458.396 ], [ 5.973429983032856, 46.202575313412062, 435.14 ], [ 5.973357965766414, 46.213715673846629, 472.759 ], [ 5.992775221967872, 46.215221415673611, 399.367 ], [ 5.990187516799739, 46.221719045973309, 445.654 ], [ 6.001539241701114, 46.220500146544587, 401.943 ], [ 6.033652884773154, 46.238551450056455, 441.777 ], [ 6.046111359297683, 46.231393623221308, 442.294 ], [ 6.063345995713178, 46.245801553694484, 456.454 ], [ 6.108827496103118, 46.239870376028293, 419.555 ], [ 6.124457454984077, 46.252592599502073, 401.941 ], [ 6.102389888357231, 46.284939887856282, 481.025 ], [ 6.11963710357332, 46.294317333814433, 433.973 ], [ 6.125789513968735, 46.317469980662359, 460.303 ] ] ], [ [ [ 6.232321812065893, 46.330435296258322, 372.13 ], [ 6.20357637969105, 46.338820640527182, 379.264 ], [ 6.171099146232656, 46.358400975292064, 467.185 ], [ 6.18024836765802, 46.364578549997468, 471.851 ], [ 6.241432138979665, 46.343667939238749, 372.13 ], [ 6.232321812065893, 46.330435296258322, 372.13 ] ] ], [ [ [ 6.166785581046581, 46.343087573691108, 472.609 ], [ 6.175563953847909, 46.351326352747186, 461.711 ], [ 6.184428047080724, 46.345845753612707, 441.454 ], [ 6.17130333993183, 46.340565819741144, 455.204 ], [ 6.166785581046581, 46.343087573691108, 472.609 ] ] ] ] } },
{ "type": "Feature", "properties": { "uuid": "{87370D3F-DBBE-4D05-AF85-C358C3924B3D}", "datum_aenderung": "2025-11-19T00:00:00", "datum_erstellung": "2012-10-26T00:00:00", "erstellung_jahr": 2012, "erstellung_monat": 10, "grund_aenderung": "Verbessert", "herkunft": "swisstopo", "herkunft_jahr": 2026, "herkunft_monat": 1, "revision_jahr": 2026, "revision_monat": 1, "revision_qualitaet": "TGMG_2026_Akt", "objektart": "Kanton", "kantonsnummer": 20, "see_flaeche": 13119.0, "kantonsflaeche": 99433.0, "name": "Thurgau", "icc": "CH", "einwohnerzahl": 299509 }, "geometry": { "type": "MultiPolygon", "coordinates": [ [ [ [ 8.875400920768719, 47.654948857636377, 395.02 ], [ 8.898216495568194, 47.648164713225938, 395.15 ], [ 8.941065807486384, 47.656163872144788, 395.268 ], [ 9.023823909410412, 47.686860737733127, 395.298 ], [ 9.094203151664269, 47.679421833964639, 395.15 ], [ 9.139215581922416, 47.664167501355493, 395.15 ], [ 9.150776844381696, 47.6676409808464, 395.216 ], [ 9.17597022244574, 47.653986619476612, 399.467 ], [ 9.256560967743665, 47.658707775597307, 395.46 ], [ 9.394713961313718, 47.62032619994708, 395.46 ], [ 9.506947519573172, 47.549739482877193, 395.46 ], [ 9.421280501296959, 47.496171662182768, 407.921 ], [ 9.4065052881494, 47.494059242087665, 460.077 ], [ 9.396990288844593, 47.474976446399026, 576.563 ], [ 9.380831719310573, 47.487305510884603, 557.839 ], [ 9.366529290428524, 47.48545623523632, 569.645 ], [ 9.374047649470562, 47.500382518030143, 492.648 ], [ 9.336923639222665, 47.501279254710695, 533.788 ], [ 9.356404297534242, 47.519496117623511, 452.997 ], [ 9.343819694104081, 47.519968098473818, 463.789 ], [ 9.339580996952995, 47.531450753526599, 451.915 ], [ 9.318491090056462, 47.531702533335149, 493.992 ], [ 9.31276358522207, 47.522122954371326, 479.401 ], [ 9.302755476476218, 47.526428479678465, 513.705 ], [ 9.282295428546732, 47.520680294663379, 511.559 ], [ 9.280365138187056, 47.510077004475121, 523.553 ], [ 9.26877096595465, 47.511665176144845, 509.098 ], [ 9.291569084285792, 47.506660376810608, 541.497 ], [ 9.303360735120357, 47.515658092258626, 522.658 ], [ 9.316615438971009, 47.50959196216624, 535.495 ], [ 9.308133780612422, 47.4982258924774, 493.56 ], [ 9.317423301704094, 47.500423716180094, 496.917 ], [ 9.320971329843148, 47.490828584099155, 500.841 ], [ 9.298653629380313, 47.477228881810355, 592.394 ], [ 9.281185756169419, 47.483068508291964, 574.17 ], [ 9.251163113229447, 47.474491958190484, 557.456 ], [ 9.224711142672376, 47.484554327840534, 508.311 ], [ 9.213198891671997, 47.478905501820556, 482.829 ], [ 9.206379896271994, 47.482474186755425, 533.318 ], [ 9.20989565129396, 47.489323453289629, 516.43 ], [ 9.173720025798181, 47.494511376096035, 580.057 ], [ 9.169220649750471, 47.503995482825736, 590.833 ], [ 9.155399525308088, 47.487653643966944, 678.023 ], [ 9.118467950331155, 47.479723752938249, 670.915 ], [ 9.089869395622879, 47.482768301859849, 619.633 ], [ 9.082365757063517, 47.495236098753175, 765.931 ], [ 9.055828391017389, 47.487410232860626, 663.977 ], [ 9.042096538577473, 47.495789902304665, 698.056 ], [ 9.012488118265326, 47.489971018579141, 534.274 ], [ 9.003591273925766, 47.481191219652629, 507.201 ], [ 9.008223251688207, 47.472366403141606, 521.018 ], [ 9.062562324703919, 47.446240928453918, 533.356 ], [ 8.987478630036513, 47.42970584151773, 714.592 ], [ 8.994253366033446, 47.42233341146472, 744.792 ], [ 8.988733969652053, 47.411261370762688, 774.15 ], [ 8.976576032062736, 47.41067388108528, 753.682 ], [ 8.966356986633825, 47.38570205481691, 990.872 ], [ 8.943535280085763, 47.3759153013687, 990.602 ], [ 8.941556627194387, 47.387315113538328, 751.881 ], [ 8.903475874901021, 47.402054955865964, 652.41 ], [ 8.913938467398152, 47.418273740667679, 823.321 ], [ 8.907754698947551, 47.431330730414551, 829.02 ], [ 8.932726947285188, 47.435541597769223, 768.505 ], [ 8.906825813523893, 47.438788256174931, 805.497 ], [ 8.902662369594131, 47.444240954784597, 814.702 ], [ 8.908815398541515, 47.448337596234317, 810.271 ], [ 8.880993645247059, 47.474752947510261, 581.477 ], [ 8.897705094399473, 47.485109694871738, 547.712 ], [ 8.892589258001333, 47.497515606516068, 514.094 ], [ 8.898343840520585, 47.524171564545746, 537.879 ], [ 8.84077390238583, 47.532708139976911, 545.495 ], [ 8.82789675644138, 47.555980421949265, 408.518 ], [ 8.850977836336815, 47.563607607181808, 388.372 ], [ 8.831235200525382, 47.573395483457311, 379.342 ], [ 8.80741886282515, 47.571573971627465, 376.009 ], [ 8.801073346868735, 47.580538068114819, 375.867 ], [ 8.806051290451046, 47.583146794428693, 375.734 ], [ 8.748232439220866, 47.592308077049488, 368.217 ], [ 8.739406318911994, 47.608039586490605, 444.101 ], [ 8.74813155316666, 47.623041810954049, 463.55 ], [ 8.80282901313814, 47.60113896131935, 517.012 ], [ 8.826449492025432, 47.646746400565107, 570.958 ], [ 8.804865217130052, 47.652232326746628, 620.596 ], [ 8.80526384239122, 47.664724256112002, 440.845 ], [ 8.788544173914564, 47.665361352192946, 438.072 ], [ 8.782281235295242, 47.652361382946793, 420.895 ], [ 8.747209001192999, 47.638644166520308, 447.117 ], [ 8.70866359145381, 47.641914417484465, 477.398 ], [ 8.688070336027303, 47.649976007957541, 512.131 ], [ 8.667987796406909, 47.677137233400416, 547.313 ], [ 8.689535484634968, 47.695279835783452, 390.943 ], [ 8.734769657705424, 47.69279181686516, 391.606 ], [ 8.789343412688453, 47.675310541732308, 392.79 ], [ 8.830677361243819, 47.674425813471622, 394.434 ], [ 8.854573332923465, 47.660673963246232, 394.943 ], [ 8.849379678488287, 47.651008033836348, 424.419 ], [ 8.875400920768719, 47.654948857636377, 395.02 ] ], [ [ 9.359100801361228, 47.510531432742887, 464.262 ], [ 9.35461383352756, 47.509377275940686, 470.066 ], [ 9.358537122214843, 47.508555663744261, 478.254 ], [ 9.359100801361228, 47.510531432742887, 464.262 ] ] ], [ [ [ 9.449432084240124, 47.492195189951367, 407.265 ], [ 9.457563406553355, 47.507250508089001, 395.424 ], [ 9.483546499055368, 47.493765614266053, 395.389 ], [ 9.46438426538692, 47.484143320190107, 403.788 ], [ 9.449432084240124, 47.492195189951367, 407.265 ] ] ] ] } },
{ "type": "Feature", "properties": { "uuid": "{54B25E50-30A7-4995-ADE3-5FFF6E13A995}", "datum_aenderung": "2025-11-19T00:00:00", "datum_erstellung": "2012-10-26T00:00:00", "erstellung_jahr": 2012, "erstellung_monat": 10, "grund_aenderung": "Verbessert", "herkunft": "swisstopo", "herkunft_jahr": 2026, "herkunft_monat": 1, "revision_jahr": 2026, "revision_monat": 1, "revision_qualitaet": "TGMG_2026_Akt", "objektart": "Kanton", "kantonsnummer": 23, "see_flaeche": 1060.0, "kantonsflaeche": 522464.0, "name": "Valais", "icc": "CH", "einwohnerzahl": 371288 }, "geometry": { "type": "Polygon", "coordinates": [ [ [ 8.477640569273641, 46.527614673499706, 3024.646000000000186 ], [ 8.443071194624491, 46.495384892416659, 2875.531 ], [ 8.392378569641863, 46.494647345489213, 3042.333 ], [ 8.394290348752785, 46.483701846807271, 2783.163 ], [ 8.385991451497658, 46.475676189800055, 2501.313000000000102 ], [ 8.392468946669453, 46.467968021008325, 2846.523000000000138 ], [ 8.382328901540511, 46.459918651377613, 2541.344 ], [ 8.383325140315465, 46.451258032132777, 2829.612999999999829 ], [ 8.366935776950582, 46.451922418907898, 2472.393 ], [ 8.325441332603599, 46.425714756925231, 3176.529 ], [ 8.303768758813542, 46.423342018614029, 3252.708999999999833 ], [ 8.288934441914982, 46.408110340002665, 3093.181999999999789 ], [ 8.315732884454258, 46.398966280898534, 2995.784000000000106 ], [ 8.312899998799862, 46.377066758345741, 2791.717 ], [ 8.284282725632858, 46.363631172146015, 2868.389000000000124 ], [ 8.263772822063084, 46.36402368901576, 2826.859 ], [ 8.262883918609205, 46.345966960266338, 2758.764000000000124 ], [ 8.223995971348026, 46.334448758603507, 3106.949 ], [ 8.21201220787354, 46.309277471655193, 2742.181999999999789 ], [ 8.178897760871422, 46.297390328613197, 3048.420999999999822 ], [ 8.137375940518343, 46.301705826875839, 3075.666000000000167 ], [ 8.08592841469614, 46.266618367707714, 3234.141 ], [ 8.082614309611555, 46.256538540163397, 2800.965000000000146 ], [ 8.110155312575241, 46.249505353619725, 3553.232 ], [ 8.11532820938608, 46.23600381206284, 2973.549 ], [ 8.138878216243278, 46.226148691757167, 2857.199 ], [ 8.153294938564487, 46.191103539429513, 1488.902 ], [ 8.1655100386477, 46.182227829531861, 2236.451 ], [ 8.149878940590215, 46.162503275207307, 2204.137000000000171 ], [ 8.15534494058252, 46.147631514554234, 2431.779 ], [ 8.144389663596401, 46.136823565420471, 2446.125 ], [ 8.115415962255961, 46.130346345537703, 2548.639999999999873 ], [ 8.108233506704597, 46.111629108138892, 2609.447000000000116 ], [ 8.034763725167835, 46.100837139171468, 3654.416000000000167 ], [ 8.021662315987136, 46.06936652855331, 3414.7199999999998 ], [ 8.035415129264033, 46.044045655421499, 3194.458 ], [ 8.011892117971902, 46.03121054927918, 3227.768 ], [ 8.017501287092392, 46.024704983709597, 3093.813000000000102 ], [ 8.012413268764899, 46.01197059375648, 3059.114999999999782 ], [ 8.001084582445154, 46.012211790056035, 3189.643999999999778 ], [ 7.98908853708331, 45.995932201857954, 3036.175000000000182 ], [ 7.908679852948122, 45.996937295698217, 3610.036 ], [ 7.893849607770269, 45.978635591633463, 3717.042 ], [ 7.877425589350651, 45.973860598316925, 3604.898000000000138 ], [ 7.881811598777277, 45.964009093463815, 3657.288 ], [ 7.868408851743765, 45.936714349973506, 4615.402 ], [ 7.877052523576364, 45.927195966236631, 4555.506000000000313 ], [ 7.864076506485323, 45.916750663001693, 4283.845999999999549 ], [ 7.821765492847621, 45.926960714571059, 4452.367000000000189 ], [ 7.799517827997448, 45.917126607996146, 4128.850000000000364 ], [ 7.769267992496938, 45.93711770751451, 4066.202000000000226 ], [ 7.747751577238796, 45.941008415385788, 4159.105999999999767 ], [ 7.735093473668149, 45.923972894539425, 3900.0949999999998 ], [ 7.720480377920159, 45.923790247569507, 3717.146000000000186 ], [ 7.707321404392492, 45.934894305392426, 3474.920999999999822 ], [ 7.709879167691119, 45.948095448153992, 3396.35 ], [ 7.681015578344564, 45.956999265484733, 3475.878000000000156 ], [ 7.664274256491211, 45.975658657528768, 3850.357 ], [ 7.588631952254257, 45.970505079371506, 3595.253000000000156 ], [ 7.578607759844316, 45.986012476060097, 3549.587 ], [ 7.550134067846745, 45.986556403381698, 3366.802999999999884 ], [ 7.541478189761051, 45.976166276287437, 3610.414000000000215 ], [ 7.542717920137409, 45.956963263076197, 3295.077000000000226 ], [ 7.499186023445363, 45.962418711112925, 3392.648000000000138 ], [ 7.471380880702027, 45.947194968050468, 3656.552999999999884 ], [ 7.474727310844123, 45.935836101349224, 3669.975 ], [ 7.444372288546602, 45.93160173241673, 3470.012000000000171 ], [ 7.427138005717445, 45.915452545693753, 3390.487999999999829 ], [ 7.401752928440756, 45.911513421960024, 3247.413 ], [ 7.386333846735035, 45.897146351614381, 2985.719 ], [ 7.344303054569676, 45.915240551625814, 3344.982 ], [ 7.323903741442895, 45.91021084451944, 3301.344 ], [ 7.294435253170007, 45.921820518608911, 3577.018 ], [ 7.256833450346893, 45.888156460003081, 3615.232 ], [ 7.216381902661891, 45.888801366397757, 2952.844 ], [ 7.200118174588668, 45.875513723374077, 2805.034000000000106 ], [ 7.196489476927768, 45.86026022460117, 2775.712 ], [ 7.175322753241457, 45.862904573922172, 2803.246999999999844 ], [ 7.153542329437595, 45.879253209465801, 2860.996999999999844 ], [ 7.118454130636507, 45.859442247405944, 3008.685 ], [ 7.101501773784758, 45.859184219502602, 3237.094 ], [ 7.095432480413057, 45.875863565382971, 2760.063000000000102 ], [ 7.043735043420011, 45.923161163222261, 3636.177999999999884 ], [ 7.037439461592963, 45.954874524187176, 3639.313000000000102 ], [ 7.008490217669316, 45.969030836797387, 3680.559000000000196 ], [ 7.023623942306358, 45.979053108830371, 3463.646000000000186 ], [ 7.010542648412886, 45.99735851031334, 3439.125 ], [ 6.984983589881473, 46.004605213097499, 2935.292 ], [ 6.981319919745169, 46.019571775639143, 2679.915 ], [ 6.962888906046073, 46.030432157661188, 2270.389000000000124 ], [ 6.950140234921021, 46.051593107376704, 1123.354 ], [ 6.935049606023886, 46.055964810920884, 1362.857 ], [ 6.937321121662055, 46.064282059909324, 1685.256 ], [ 6.924588615261214, 46.065244497311568, 1973.715 ], [ 6.891272086389449, 46.042694370626371, 2723.6 ], [ 6.871727331396859, 46.05115078924284, 2824.563000000000102 ], [ 6.880286426893447, 46.069281591543579, 2762.725 ], [ 6.891799909972518, 46.073740257520093, 2837.813000000000102 ], [ 6.882218933681002, 46.095162273319794, 2953.853999999999814 ], [ 6.899934866809399, 46.123880060146107, 3035.016 ], [ 6.838189883646766, 46.132949370714201, 2727.101000000000113 ], [ 6.815114438916421, 46.12926615171898, 2634.217 ], [ 6.798102088288799, 46.136209578053389, 2352.654 ], [ 6.790267107202928, 46.154012171766368, 2093.77 ], [ 6.812566212660192, 46.181407260008413, 2124.202000000000226 ], [ 6.803547087294755, 46.204609927743746, 2203.523999999999887 ], [ 6.821589388463275, 46.223119191112559, 2095.15 ], [ 6.821206563593364, 46.232315460869515, 2126.389000000000124 ], [ 6.855414336030535, 46.255206543197374, 1727.003 ], [ 6.864936332964424, 46.280196775791055, 1981.155 ], [ 6.857783904347415, 46.291298428601337, 1972.854 ], [ 6.829958867138129, 46.300178423670737, 1894.7 ], [ 6.819810216831876, 46.315568362070138, 2014.798 ], [ 6.800371905143623, 46.320043303539137, 1918.542 ], [ 6.79639298677721, 46.333002526840922, 2276.031 ], [ 6.784314607756714, 46.332803495247461, 2420.268999999999778 ], [ 6.771018655735974, 46.353769112486589, 1430.44 ], [ 6.775536058449714, 46.36436926563249, 1099.904 ], [ 6.805536893791882, 46.378517359658346, 669.01 ], [ 6.801925225374181, 46.388892336665549, 438.393 ], [ 6.821069658830557, 46.427156883162603, 372.13 ], [ 6.884775017688331, 46.376068297230553, 372.09 ], [ 6.881822352562096, 46.354490444174075, 373.796 ], [ 6.894499478452388, 46.341598212598399, 375.255 ], [ 6.918359230092595, 46.339268573632559, 377.813 ], [ 6.930067666386733, 46.330021342397934, 379.712 ], [ 6.937024125083659, 46.297580488930549, 383.693 ], [ 6.959943108105376, 46.28399537727195, 387.009 ], [ 6.96557875325978, 46.268239583156841, 388.829 ], [ 7.002059043954178, 46.232958407084411, 397.083 ], [ 7.011790652346221, 46.205594159402899, 407.524 ], [ 7.033181164464201, 46.187071869693291, 436.973 ], [ 7.111091428622384, 46.213919844791647, 2643.503000000000156 ], [ 7.124172073996863, 46.235932313156709, 2963.143 ], [ 7.140960930721801, 46.237905074229126, 2853.496999999999844 ], [ 7.188418904512426, 46.270667739194309, 2547.826 ], [ 7.186307707250054, 46.282843625971765, 1970.7650000000001 ], [ 7.196948409607915, 46.289130053857065, 2030.864 ], [ 7.189058186201943, 46.303897140449649, 3210.626000000000204 ], [ 7.221488619696642, 46.329246364392382, 3122.839 ], [ 7.254538972316697, 46.331370233647483, 2854.134 ], [ 7.262720707738594, 46.338649722614122, 2916.110000000000127 ], [ 7.262303797306239, 46.35823894529959, 2579.52599999999984 ], [ 7.310285139958748, 46.375158906584716, 2806.777 ], [ 7.30783231942594, 46.35208764756495, 2907.98 ], [ 7.315834665166551, 46.343790425882709, 3029.538 ], [ 7.354921865968161, 46.350745411413335, 2943.005000000000109 ], [ 7.399399045371558, 46.376461519242518, 2830.438000000000102 ], [ 7.438630699969872, 46.386149326872946, 2685.598 ], [ 7.46213663081956, 46.376421244501614, 2950.514999999999873 ], [ 7.479401232993655, 46.385270336191411, 2898.112999999999829 ], [ 7.489264048778952, 46.370342948897452, 2877.06 ], [ 7.526958574864106, 46.374624656485658, 2968.065999999999804 ], [ 7.55526711682581, 46.388983964260582, 3178.382999999999811 ], [ 7.528608068860842, 46.400291931961291, 3243.574 ], [ 7.533896761138728, 46.409697820941375, 3237.839 ], [ 7.581554845237471, 46.417562937809102, 3109.65099999999984 ], [ 7.595749234130398, 46.411217766745672, 2817.800000000000182 ], [ 7.609650118259613, 46.436742890869347, 2591.688000000000102 ], [ 7.626085936801485, 46.445085800595919, 2377.049 ], [ 7.715595769847794, 46.41481724366713, 2693.837 ], [ 7.844661572893303, 46.478505279162448, 3440.616 ], [ 7.897657883752652, 46.48243148382231, 3324.110999999999876 ], [ 7.941770672004036, 46.507718699457079, 3807.862999999999829 ], [ 7.967589960947526, 46.512792367094896, 3980.606000000000222 ], [ 7.973058882220521, 46.523775328741728, 3665.783 ], [ 7.962996765193932, 46.539397167479095, 4075.235999999999876 ], [ 8.016073558017062, 46.563314457196206, 3566.735999999999876 ], [ 8.174507975900763, 46.531413888833129, 3631.210999999999785 ], [ 8.180721627060855, 46.520344103304652, 3477.145 ], [ 8.258060279395442, 46.529403185692374, 2853.833 ], [ 8.350645046250191, 46.568359291236305, 2472.491 ], [ 8.36467586521878, 46.582475942525299, 2661.219 ], [ 8.361384870609081, 46.598046197732501, 3161.257999999999811 ], [ 8.371421835333662, 46.63410950810384, 3366.146000000000186 ], [ 8.380149543456795, 46.634155112853861, 3214.4699999999998 ], [ 8.398978886762821, 46.654047836516533, 3398.434000000000196 ], [ 8.421991555761933, 46.647881145166338, 3608.241 ], [ 8.420406183724696, 46.616349571142742, 3416.514000000000124 ], [ 8.406144871495796, 46.585962169259794, 3018.158 ], [ 8.426320935881163, 46.547324912979327, 3035.702000000000226 ], [ 8.477640569273641, 46.527614673499706, 3024.646000000000186 ] ] ] } },
{ "type": "Feature", "properties": { "uuid": "{E11CD2CA-2E2D-415C-8789-C10D7C26E441}", "datum_aenderung": "2025-11-19T00:00:00", "datum_erstellung": "2012-10-26T00:00:00", "erstellung_jahr": 2012, "erstellung_monat": 10, "grund_aenderung": "Verbessert", "herkunft": "swisstopo", "herkunft_jahr": 2026, "herkunft_monat": 1, "revision_jahr": 2026, "revision_monat": 1, "revision_qualitaet": "TGMG_2026_Akt", "objektart": "Kanton", "kantonsnummer": 19, "see_flaeche": 870.0, "kantonsflaeche": 140380.0, "name": "Aargau", "icc": "CH", "einwohnerzahl": 735808 }, "geometry": { "type": "MultiPolygon", "coordinates": [ [ [ [ 8.41008400176834, 47.248374656647641, 386.012 ], [ 8.394845653866982, 47.225734791962708, 389.366 ], [ 8.405302701929401, 47.195726588982204, 393.374 ], [ 8.402135418930998, 47.177302840770629, 396.393 ], [ 8.415314356338474, 47.164128434592527, 399.651 ], [ 8.414544453435839, 47.143914401013163, 403.241 ], [ 8.405300655627531, 47.137478373174851, 404.794 ], [ 8.362178962359756, 47.146097955098476, 494.527 ], [ 8.319462487502449, 47.215618642012984, 834.592 ], [ 8.31172563532631, 47.245456127167621, 811.731 ], [ 8.296029553429218, 47.25941453709649, 786.732 ], [ 8.30026558437428, 47.27148333900201, 662.205 ], [ 8.258718720849545, 47.287193738361417, 650.929 ], [ 8.24239059897312, 47.272318445908745, 542.205 ], [ 8.228584341792986, 47.273417749786688, 450.315 ], [ 8.219752338351697, 47.252161338787772, 450.077 ], [ 8.204490695619512, 47.242634308226187, 649.725 ], [ 8.205061456994288, 47.225987540943066, 642.292 ], [ 8.18543812588619, 47.222463879943909, 620.663 ], [ 8.155940118205697, 47.237812025739068, 865.545 ], [ 8.17609523588526, 47.240536217298285, 617.725 ], [ 8.180756335360478, 47.247395338595432, 550.628 ], [ 8.174910652681438, 47.253536857881812, 525.273 ], [ 8.124421326530044, 47.24136957911773, 739.497 ], [ 8.10909429202383, 47.244548354766991, 809.261 ], [ 8.088361084261795, 47.262885465229296, 703.878 ], [ 8.056581096477991, 47.255439558081818, 473.878 ], [ 8.062983658449429, 47.246670157969255, 477.11 ], [ 8.01579923861738, 47.244134187756117, 587.499 ], [ 8.016819264747182, 47.259324843215666, 546.158 ], [ 7.995300781540275, 47.281554651429069, 602.057 ], [ 7.950642758056419, 47.274784391875222, 435.259 ], [ 7.961885847060286, 47.254060224123769, 449.526 ], [ 7.933490021026596, 47.235896985838259, 573.27 ], [ 7.910107969847417, 47.243947969758615, 524.831 ], [ 7.838459813117844, 47.234905997365189, 436.387 ], [ 7.826094907985969, 47.246861831867385, 423.152 ], [ 7.825113911532543, 47.265574907462884, 398.673 ], [ 7.841812067169534, 47.27447248952128, 398.5 ], [ 7.860600218258064, 47.305717924206206, 398.45 ], [ 7.889105214646429, 47.31148965247224, 392.459 ], [ 7.908594492032799, 47.341907960806054, 396.826 ], [ 7.919216438427036, 47.333952420595566, 624.102 ], [ 7.947838728379018, 47.332518229891498, 640.276 ], [ 7.947977991228461, 47.317144411138059, 432.398 ], [ 8.005199593964901, 47.336752791920496, 448.575 ], [ 8.010482639721655, 47.356952047721428, 493.53 ], [ 8.027206412871582, 47.369719276186082, 437.649 ], [ 8.026570563995772, 47.395623873950001, 373.341 ], [ 8.01046496389627, 47.395133295512977, 383.637 ], [ 8.007270981823604, 47.406587412125788, 424.738 ], [ 7.963208032673574, 47.422356587007641, 900.759 ], [ 7.985943702463374, 47.424197634237061, 736.818 ], [ 7.974294470872044, 47.459550144251182, 545.335 ], [ 7.959365722538597, 47.454794679823351, 478.696 ], [ 7.94003669806817, 47.462023552551798, 631.223 ], [ 7.947024464996421, 47.48489253543255, 692.459 ], [ 7.904830954877513, 47.484911926752602, 536.432 ], [ 7.89387432846862, 47.506192449431083, 637.076 ], [ 7.875680168273022, 47.513196357807779, 565.959 ], [ 7.876667803169457, 47.52269375821804, 580.894 ], [ 7.863965810868027, 47.519312623823424, 555.462 ], [ 7.857318673964981, 47.533214685871613, 523.277 ], [ 7.833216411480892, 47.533827704584759, 447.962 ], [ 7.831984844827267, 47.514740306650388, 426.5 ], [ 7.807426130735862, 47.497142174530893, 560.836 ], [ 7.786633182314936, 47.493125179416232, 527.367 ], [ 7.792807371220115, 47.500688156495293, 550.275 ], [ 7.789866460633284, 47.519030025849794, 386.87 ], [ 7.737982399774173, 47.527329358907828, 298.134 ], [ 7.713528500068068, 47.539643904894653, 260.75 ], [ 7.795688514517457, 47.557379851765027, 262.201 ], [ 7.823087716891971, 47.587988996779508, 270.584 ], [ 7.842623708643381, 47.582142917183774, 280.867 ], [ 7.89207373597575, 47.587428776140968, 280.889 ], [ 7.910619185066267, 47.571383436179254, 281.016 ], [ 7.911962793669417, 47.550778091569185, 281.413 ], [ 7.944134304482028, 47.543886947691043, 282.081 ], [ 7.959886046602348, 47.558131586528177, 289.336 ], [ 8.021350577281726, 47.550348946709143, 289.554 ], [ 8.067266306700002, 47.56448572419346, 299.747 ], [ 8.089307547009181, 47.55771451108118, 299.967 ], [ 8.109811855972795, 47.582551882495039, 300.896 ], [ 8.16493660663715, 47.594187569060466, 302.206 ], [ 8.205963524411054, 47.621069480282536, 311.16 ], [ 8.219726648927505, 47.617585333995663, 311.357 ], [ 8.226503381444333, 47.605042754835644, 311.741 ], [ 8.257286616220769, 47.61529388729371, 314.066 ], [ 8.292463406966693, 47.608885302819687, 317.438 ], [ 8.29775721826431, 47.58923724422538, 319.663 ], [ 8.329202445607487, 47.571045571877114, 322.592 ], [ 8.382636137013316, 47.565722611054319, 331.813 ], [ 8.398290763854163, 47.577178140906838, 331.874 ], [ 8.425679292083688, 47.567859570066787, 332.301 ], [ 8.416878812513458, 47.560933742522955, 380.214 ], [ 8.417406840630679, 47.54588578317361, 550.955 ], [ 8.401019816773733, 47.540029774949545, 541.656 ], [ 8.404430425998019, 47.534315153738127, 591.837 ], [ 8.393325777143545, 47.525719366250513, 539.898 ], [ 8.384204711487351, 47.528200114208047, 553.038 ], [ 8.378801471408822, 47.513666731723767, 544.32 ], [ 8.361234349421684, 47.510101549549802, 437.484 ], [ 8.357693459299712, 47.502525215607136, 507.279 ], [ 8.363275878737573, 47.480856260731088, 858.851 ], [ 8.374199416533372, 47.480455835920658, 781.936 ], [ 8.375326796574805, 47.471138037351466, 566.43 ], [ 8.365686368159087, 47.466214531981457, 523.027 ], [ 8.3869061416794, 47.449598714882896, 414.827 ], [ 8.381019167934493, 47.446373227016451, 426.725 ], [ 8.385039219602188, 47.435942492056348, 507.349 ], [ 8.375080877729218, 47.430665681073855, 380.217 ], [ 8.392263653296958, 47.42168678185292, 382.404 ], [ 8.381761156932685, 47.416265147894634, 392.467 ], [ 8.382006528933092, 47.403518692490586, 444.53 ], [ 8.362756828830591, 47.401612469554486, 641.674 ], [ 8.39656742024688, 47.393863003146514, 404.242 ], [ 8.396391764334489, 47.377042596107692, 431.348 ], [ 8.407851326207499, 47.369763643792695, 588.07 ], [ 8.403872304108308, 47.346566605348421, 643.406 ], [ 8.41662952344609, 47.336881284278782, 547.693 ], [ 8.41320774422852, 47.32639752952057, 600.094 ], [ 8.45511102301341, 47.334083402870313, 629.529 ], [ 8.429137429364998, 47.300676893357291, 540.514 ], [ 8.388646484372012, 47.290027189066436, 380.814 ], [ 8.41008400176834, 47.248374656647641, 386.012 ] ] ], [ [ [ 8.439377477763836, 47.407860363851029, 388.479 ], [ 8.439096257795125, 47.408808351498216, 394.031 ], [ 8.440371783002799, 47.40852366136756, 389.193 ], [ 8.439377477763836, 47.407860363851029, 388.479 ] ] ] ] } },
{ "type": "Feature", "properties": { "uuid": "{F06DD902-ABC6-4331-81F5-19B85D091E5E}", "datum_aenderung": "2025-11-19T00:00:00", "datum_erstellung": "2012-10-26T00:00:00", "erstellung_jahr": 2012, "erstellung_monat": 10, "grund_aenderung": "Verbessert", "herkunft": "swisstopo", "herkunft_jahr": 2026, "herkunft_monat": 1, "revision_jahr": 2026, "revision_monat": 1, "revision_qualitaet": "TGMG_2026_Akt", "objektart": "Kanton", "kantonsnummer": 5, "see_flaeche": 5654.0, "kantonsflaeche": 90788.0, "name": "Schwyz", "icc": "CH", "einwohnerzahl": 168931 }, "geometry": { "type": "Polygon", "coordinates": [ [ [ 8.963191983872751, 46.926723410175931, 2179.464 ], [ 8.861278517251639, 46.894506361166108, 2061.824999999999818 ], [ 8.853616059615263, 46.885283682644619, 2173.65099999999984 ], [ 8.848812009331537, 46.912769770320701, 1165.826 ], [ 8.836124528805204, 46.907677925764716, 1596.223 ], [ 8.82677305148446, 46.935712397771653, 1426.676 ], [ 8.810704524032959, 46.94145280546519, 1635.896 ], [ 8.787749550076223, 46.930354425604207, 1848.636 ], [ 8.770929009543062, 46.941501138847926, 1279.973 ], [ 8.707659580048164, 46.917186579636216, 2459.007999999999811 ], [ 8.698561583468255, 46.924288984010843, 2097.471 ], [ 8.692961940509711, 46.946977642146649, 1224.833 ], [ 8.604402718198834, 46.951964498999594, 433.54 ], [ 8.604141738352974, 46.982329790170375, 433.54 ], [ 8.597147821795144, 46.99020944728737, 433.54 ], [ 8.582424895783424, 46.993407029704272, 433.54 ], [ 8.542698089337193, 46.979591412742138, 433.54 ], [ 8.496631326713485, 46.976428054297159, 433.54 ], [ 8.465236934189109, 46.984270220481804, 433.54 ], [ 8.46816713490357, 46.996523581392481, 433.54 ], [ 8.509050038288732, 47.004495210621421, 1452.039 ], [ 8.513497160676726, 47.021687916423218, 1543.654 ], [ 8.44138734368679, 47.063087571955769, 583.895 ], [ 8.399241966739357, 47.059449505738137, 452.626 ], [ 8.390525175556332, 47.061328146832004, 552.376 ], [ 8.388922610676744, 47.07038274708745, 588.063 ], [ 8.40648469493421, 47.078898672544767, 605.238 ], [ 8.420417838295492, 47.101673712006139, 621.89 ], [ 8.450007722423249, 47.114424461474357, 425.557 ], [ 8.47366251443963, 47.112206539744442, 497.274 ], [ 8.521944673150189, 47.089859326358763, 413.66 ], [ 8.562468591726663, 47.093751547080302, 1223.344 ], [ 8.565674483596974, 47.081030653518951, 1545.042 ], [ 8.608709151841026, 47.094450838225519, 1402.106 ], [ 8.641352873009424, 47.094385261932622, 766.55 ], [ 8.659811692240066, 47.114677892660879, 1052.117 ], [ 8.681794827187813, 47.125021707186761, 900.755 ], [ 8.684782559765372, 47.141925763092857, 877.348 ], [ 8.701168865530748, 47.150944746583264, 847.969 ], [ 8.68107442220616, 47.184070648010433, 658.747 ], [ 8.704052965341392, 47.202300602660571, 444.649 ], [ 8.740535639983227, 47.211578264120774, 405.649 ], [ 8.793380840424309, 47.222562855019312, 405.66 ], [ 8.841164101317105, 47.208170906252391, 405.66 ], [ 8.969407597182395, 47.217261843409275, 406.413 ], [ 8.974302870338944, 47.212801050717545, 406.952 ], [ 8.965339403296085, 47.198159931430361, 407.883 ], [ 8.957491499444428, 47.19943996070284, 408.461 ], [ 8.961985539191819, 47.179460177694423, 410.023 ], [ 8.982423431717773, 47.183015277766671, 410.587 ], [ 9.004725044408099, 47.173259819544839, 413.938 ], [ 8.967394947954416, 47.136633343079524, 1485.406 ], [ 8.971277940630602, 47.104637770962036, 1854.125 ], [ 8.953875654109899, 47.09148521524444, 2031.54 ], [ 8.975993208564962, 47.085706566092085, 2072.068000000000211 ], [ 8.960831269145626, 47.076252207814925, 2079.417 ], [ 8.948072943073635, 47.049357213179988, 2213.235999999999876 ], [ 8.90314548534746, 47.038537589441646, 1872.485 ], [ 8.903616414625491, 47.027259643367209, 1517.499 ], [ 8.892991812299579, 47.023638612949476, 1287.145 ], [ 8.910484950272149, 47.017044592496127, 1416.199 ], [ 8.918875756515515, 47.001554646524809, 1584.5150000000001 ], [ 8.941504042334035, 46.987588980658785, 1540.615 ], [ 8.932251815654205, 46.982304168549774, 1890.383 ], [ 8.945701569266557, 46.967159826846228, 2802.795 ], [ 8.971640983002411, 46.959861892634088, 2430.467 ], [ 8.955328123719269, 46.938921196116112, 1902.655 ], [ 8.963191983872751, 46.926723410175931, 2179.464 ] ] ] } },
{ "type": "Feature", "properties": { "uuid": "{FB7105B8-6D7C-4787-846E-17B2BC145C6E}", "datum_aenderung": "2025-11-19T00:00:00", "datum_erstellung": "2012-10-26T00:00:00", "erstellung_jahr": 2012, "erstellung_monat": 10, "grund_aenderung": "Verbessert", "herkunft": "swisstopo", "herkunft_jahr": 2026, "herkunft_monat": 1, "revision_jahr": 2026, "revision_monat": 1, "revision_qualitaet": "TGMG_2026_Akt", "objektart": "Kanton", "kantonsnummer": 1, "see_flaeche": 6802.0, "kantonsflaeche": 172894.0, "name": "Zürich", "icc": "CH", "einwohnerzahl": 1620020 }, "geometry": { "type": "Polygon", "coordinates": [ [ [ 8.941556627194387, 47.387315113538328, 751.881 ], [ 8.960259734534253, 47.353694677705199, 744.044 ], [ 8.971805385581161, 47.35252528017498, 936.896 ], [ 8.984951207977053, 47.319387056001311, 1234.17 ], [ 8.974964172778956, 47.307024611100665, 836.029 ], [ 8.95760052536415, 47.304763724044527, 1088.03 ], [ 8.948909873095609, 47.292169939735594, 864.159 ], [ 8.933723547019381, 47.288305820795614, 739.066 ], [ 8.948829135123548, 47.280940786307639, 934.932 ], [ 8.937073969364549, 47.261230032320178, 596.205 ], [ 8.87349800371709, 47.251989348112012, 509.889 ], [ 8.860711724698369, 47.243262537642515, 457.258 ], [ 8.851721228678333, 47.251116726992009, 455.745 ], [ 8.802656882701577, 47.246724902048413, 513.148 ], [ 8.795722233160742, 47.2391177298598, 406.469 ], [ 8.80860878524569, 47.220087908376293, 405.66 ], [ 8.704052965341392, 47.202300602660571, 444.649 ], [ 8.68107442220616, 47.184070648010433, 658.747 ], [ 8.692205481746971, 47.163398872506654, 1185.825 ], [ 8.665209479821177, 47.159785918387776, 1124.001 ], [ 8.660741240942032, 47.170308872982233, 676.577 ], [ 8.624420426693858, 47.172937652213818, 622.048 ], [ 8.628124950503574, 47.179511247803013, 610.705 ], [ 8.612949085017375, 47.201861867219165, 573.475 ], [ 8.59859070804022, 47.201579259497208, 561.792 ], [ 8.59450261515931, 47.211913190730861, 549.158 ], [ 8.582362816093729, 47.210839049985559, 539.669 ], [ 8.582794450830148, 47.217894717820734, 532.503 ], [ 8.539340795375656, 47.223080075939322, 600.952 ], [ 8.473307213053566, 47.208524048808435, 453.511 ], [ 8.441132211352357, 47.225214035340805, 407.908 ], [ 8.418532335804926, 47.226175558009736, 388.788 ], [ 8.388646484372012, 47.290027189066436, 380.814 ], [ 8.429137429364998, 47.300676893357291, 540.514 ], [ 8.45511102301341, 47.334083402870313, 629.529 ], [ 8.41320774422852, 47.32639752952057, 600.094 ], [ 8.41662952344609, 47.336881284278782, 547.693 ], [ 8.403872304108308, 47.346566605348421, 643.406 ], [ 8.407851326207499, 47.369763643792695, 588.07 ], [ 8.396391764334489, 47.377042596107692, 431.348 ], [ 8.39656742024688, 47.393863003146514, 404.242 ], [ 8.362756828830591, 47.401612469554486, 641.674 ], [ 8.382006528933092, 47.403518692490586, 444.53 ], [ 8.381761156932685, 47.416265147894634, 392.467 ], [ 8.392263653296958, 47.42168678185292, 382.404 ], [ 8.375080877729218, 47.430665681073855, 380.217 ], [ 8.385039219602188, 47.435942492056348, 507.349 ], [ 8.381019167934493, 47.446373227016451, 426.725 ], [ 8.3869061416794, 47.449598714882896, 414.827 ], [ 8.365686368159087, 47.466214531981457, 523.027 ], [ 8.375326796574805, 47.471138037351466, 566.43 ], [ 8.374199416533372, 47.480455835920658, 781.936 ], [ 8.363275878737573, 47.480856260731088, 858.851 ], [ 8.357693459299712, 47.502525215607136, 507.279 ], [ 8.361234349421684, 47.510101549549802, 437.484 ], [ 8.378801471408822, 47.513666731723767, 544.32 ], [ 8.384204711487351, 47.528200114208047, 553.038 ], [ 8.393325777143545, 47.525719366250513, 539.898 ], [ 8.404430425998019, 47.534315153738127, 591.837 ], [ 8.401019816773733, 47.540029774949545, 541.656 ], [ 8.417406840630679, 47.54588578317361, 550.955 ], [ 8.418751395634587, 47.565162422855565, 367.369 ], [ 8.494748489067119, 47.581032940018339, 343.333 ], [ 8.488706950663657, 47.587828946603203, 356.477 ], [ 8.46686878957256, 47.584248112502728, 372.492 ], [ 8.456692942961581, 47.602315379891927, 580.739 ], [ 8.479209421641885, 47.615208858783262, 456.835 ], [ 8.508346523837432, 47.617519221262192, 475.339 ], [ 8.516697667245145, 47.634120855416029, 560.188 ], [ 8.557899326840069, 47.624454084788539, 481.604 ], [ 8.574404755504631, 47.612290655778111, 459.717 ], [ 8.533563602520408, 47.582157618888139, 446.413 ], [ 8.558941993374818, 47.553015551942885, 343.521 ], [ 8.580049481604847, 47.577001346155008, 343.617 ], [ 8.578448744387227, 47.589486474370275, 344.102 ], [ 8.594266496528181, 47.596440039100713, 344.967 ], [ 8.604765483920325, 47.612894917866086, 346.221 ], [ 8.595884402895233, 47.643084256343606, 349.875 ], [ 8.607705133243368, 47.652416953711011, 352.38 ], [ 8.61407050909213, 47.644705267185678, 352.399 ], [ 8.603385063774299, 47.638833662685975, 358.411 ], [ 8.615559026963334, 47.637707456005415, 358.519 ], [ 8.628706498584817, 47.649055218467311, 358.534 ], [ 8.606142095656521, 47.669130699419455, 408.011 ], [ 8.613601592450069, 47.678537461519511, 358.744 ], [ 8.626336867388618, 47.677822604946158, 382.193 ], [ 8.625119412758956, 47.691669655132635, 383.44 ], [ 8.643266292153545, 47.694351258195887, 391.356 ], [ 8.669433500653255, 47.684850149781056, 391.304 ], [ 8.684616951690026, 47.653395492384121, 515.825 ], [ 8.708729199675544, 47.641903625727394, 477.415 ], [ 8.747209001192999, 47.638644166520308, 447.117 ], [ 8.782281235295242, 47.652361382946793, 420.895 ], [ 8.788544173914564, 47.665361352192946, 438.072 ], [ 8.803761002562613, 47.665199053662263, 448.71 ], [ 8.804865217130052, 47.652232326746628, 620.596 ], [ 8.827801445599295, 47.640781288730004, 572.893 ], [ 8.813149148483308, 47.627438479929246, 466.221 ], [ 8.80282901313814, 47.60113896131935, 517.012 ], [ 8.74813155316666, 47.623041810954049, 463.55 ], [ 8.739406318911994, 47.608039586490605, 444.101 ], [ 8.748232439220866, 47.592308077049488, 368.217 ], [ 8.806051290451046, 47.583146794428693, 375.734 ], [ 8.801073346868735, 47.580538068114819, 375.867 ], [ 8.80741886282515, 47.571573971627465, 376.009 ], [ 8.831235200525382, 47.573395483457311, 379.342 ], [ 8.850977836336815, 47.563607607181808, 388.372 ], [ 8.82789675644138, 47.555980421949265, 408.518 ], [ 8.84077390238583, 47.532708139976911, 545.495 ], [ 8.898343840520585, 47.524171564545746, 537.879 ], [ 8.892589258001333, 47.497515606516068, 514.094 ], [ 8.897705094399473, 47.485109694871738, 547.712 ], [ 8.880993645247059, 47.474752947510261, 581.477 ], [ 8.908815398541515, 47.448337596234317, 810.271 ], [ 8.902662369594131, 47.444240954784597, 814.702 ], [ 8.906825813523893, 47.438788256174931, 805.497 ], [ 8.932726947285188, 47.435541597769223, 768.505 ], [ 8.907754698947551, 47.431330730414551, 829.02 ], [ 8.913938467398152, 47.418273740667679, 823.321 ], [ 8.903475874901021, 47.402054955865964, 652.41 ], [ 8.941556627194387, 47.387315113538328, 751.881 ] ], [ [ 8.439096257795125, 47.408808351498216, 394.031 ], [ 8.439377477763836, 47.407860363851029, 388.479 ], [ 8.440371783002799, 47.40852366136756, 389.193 ], [ 8.439096257795125, 47.408808351498216, 394.031 ] ] ] } },
{ "type": "Feature", "properties": { "uuid": "{A0B4BCED-C1F9-47C6-831F-54282BFBA3CE}", "datum_aenderung": "2025-11-19T00:00:00", "datum_erstellung": "2012-10-26T00:00:00", "erstellung_jahr": 2012, "erstellung_monat": 10, "grund_aenderung": "Verbessert", "herkunft": "swisstopo", "herkunft_jahr": 2026, "herkunft_monat": 1, "revision_jahr": 2026, "revision_monat": 1, "revision_qualitaet": "TGMG_2026_Akt", "objektart": "Kanton", "kantonsnummer": 6, "see_flaeche": 996.0, "kantonsflaeche": 49058.0, "name": "Obwalden", "icc": "CH", "einwohnerzahl": 39662 }, "geometry": { "type": "MultiPolygon", "coordinates": [ [ [ [ 8.046943399595854, 46.787114850566596, 2348.443000000000211 ], [ 8.064489439400269, 46.808063703977581, 1241.574 ], [ 8.042202441529293, 46.836487528876312, 1941.195 ], [ 8.067277610045926, 46.862420829529533, 1541.973 ], [ 8.06982972075258, 46.895729304270411, 2039.831 ], [ 8.094786118998931, 46.911977321246631, 1806.902 ], [ 8.108547958621221, 46.90827709574981, 1466.17 ], [ 8.112745281369993, 46.893772672309929, 1662.380000000000109 ], [ 8.13466015477062, 46.92225437706405, 1745.534000000000106 ], [ 8.164746022855477, 46.93884542385252, 1625.946999999999889 ], [ 8.151101461789819, 46.95287487192607, 1354.842 ], [ 8.15486415777052, 46.960335208385587, 1770.901 ], [ 8.187341441164993, 46.971746758691999, 1916.366 ], [ 8.227036295720799, 46.969228081459669, 2036.477 ], [ 8.254255776319782, 46.980116137231704, 2096.833 ], [ 8.301347396804166, 46.977660123988279, 883.944 ], [ 8.310975893089191, 46.968980291585112, 433.54 ], [ 8.30991443410317, 46.952220421844075, 794.505 ], [ 8.288294095739152, 46.933886277164511, 597.831 ], [ 8.309643625140215, 46.924304761482887, 647.803 ], [ 8.341098407894528, 46.926726125532014, 1750.086 ], [ 8.33814193195189, 46.890693469844692, 1935.1 ], [ 8.32837824245947, 46.877976257575313, 2034.559 ], [ 8.334557104559506, 46.861242997622412, 2081.476000000000113 ], [ 8.327913600621335, 46.846872639464934, 1871.732 ], [ 8.335878980131994, 46.831833698202672, 2316.688000000000102 ], [ 8.322009135456423, 46.820636767094754, 2227.556999999999789 ], [ 8.369191793509811, 46.789144211504791, 2558.585999999999785 ], [ 8.363547428636181, 46.784520307897438, 2399.231000000000222 ], [ 8.332927398417061, 46.780340534978528, 1988.276 ], [ 8.28349168804815, 46.753169464308137, 2255.485999999999876 ], [ 8.24029170705421, 46.769501697492032, 2328.0300000000002 ], [ 8.221976490919097, 46.761064364061177, 2027.729 ], [ 8.189797263356803, 46.770314834345974, 2035.533 ], [ 8.146947528757355, 46.754836713551008, 1090.928000000000111 ], [ 8.102353406035611, 46.773799892230926, 1949.446999999999889 ], [ 8.090045244261708, 46.787642994255371, 2204.728999999999814 ], [ 8.046943399595854, 46.787114850566596, 2348.443000000000211 ] ] ], [ [ [ 8.395229649471061, 46.771514553793246, 2563.621999999999844 ], [ 8.426382555206082, 46.777146691775741, 2852.895 ], [ 8.419548767043457, 46.78907040372399, 2444.893 ], [ 8.396540147598984, 46.795451871078107, 1661.836 ], [ 8.384813051780004, 46.803689140029746, 1829.36 ], [ 8.387811132794299, 46.812562798642645, 1241.445 ], [ 8.373853566539886, 46.816216397451285, 1126.432 ], [ 8.370823509016791, 46.859507958009019, 585.997 ], [ 8.361313112117488, 46.862515683068864, 735.116 ], [ 8.372733505008975, 46.874181573514413, 556.431 ], [ 8.384677118601305, 46.865974854311794, 961.557 ], [ 8.374779857944944, 46.847912143519174, 743.48 ], [ 8.412829173568598, 46.869844071086966, 1943.396 ], [ 8.420189468069127, 46.851982862543203, 2583.684000000000196 ], [ 8.480053714257068, 46.857247669021866, 2781.485000000000127 ], [ 8.506886580426245, 46.845476045503375, 2886.52599999999984 ], [ 8.486315185720981, 46.832036938656373, 2594.375 ], [ 8.478134402225153, 46.813718420660273, 2627.538 ], [ 8.481977054287416, 46.803259131175977, 1809.967 ], [ 8.464272592397004, 46.800534418282446, 1746.087 ], [ 8.481136573489863, 46.798424134445064, 1594.138999999999896 ], [ 8.478557097765968, 46.789271611533053, 1479.143 ], [ 8.491439465473707, 46.772527077590297, 2853.748999999999796 ], [ 8.448325875175321, 46.763420922656195, 2946.414000000000215 ], [ 8.43611973730353, 46.772496485151834, 3210.739 ], [ 8.414639874145054, 46.774319874532601, 2731.143 ], [ 8.396393776611259, 46.765497320092358, 2964.536 ], [ 8.395229649471061, 46.771514553793246, 2563.621999999999844 ] ] ] ] } },
{ "type": "Feature", "properties": { "uuid": "{B01E1FB4-9A9B-48AC-BCA3-7D6D93BA23F3}", "datum_aenderung": "2025-11-19T00:00:00", "datum_erstellung": "2012-10-26T00:00:00", "erstellung_jahr": 2012, "erstellung_monat": 10, "grund_aenderung": "Verbessert", "herkunft": "swisstopo", "herkunft_jahr": 2026, "herkunft_monat": 1, "revision_jahr": 2026, "revision_monat": 1, "revision_qualitaet": "TGMG_2026_Akt", "objektart": "Kanton", "kantonsnummer": 10, "see_flaeche": 7712.0, "kantonsflaeche": 167243.0, "name": "Fribourg", "icc": "CH", "einwohnerzahl": 346674 }, "geometry": { "type": "MultiPolygon", "coordinates": [ [ [ [ 7.040163360444474, 46.979844951892865, 430.548 ], [ 7.092300802163746, 46.976125619381719, 430.549 ], [ 7.156081166651094, 46.98603497695256, 432.398 ], [ 7.217786902741261, 47.006411272968201, 453.344 ], [ 7.235689109967214, 46.984562062180899, 512.781 ], [ 7.214222815368656, 46.966925701479369, 493.931 ], [ 7.194626304098976, 46.962904192145913, 450.144 ], [ 7.210999549621693, 46.956575914322613, 459.038 ], [ 7.210266921090343, 46.943023300756543, 473.488 ], [ 7.201959891879842, 46.939298347692009, 480.542 ], [ 7.212684067843778, 46.928454767977932, 509.827 ], [ 7.205069274712775, 46.921692221489074, 500.419 ], [ 7.207808836811406, 46.909134614156798, 515.671 ], [ 7.187706669738406, 46.900361516955108, 536.961 ], [ 7.21754896289835, 46.897346514298746, 483.0 ], [ 7.230323492024259, 46.90394139832474, 482.296 ], [ 7.280196527853778, 46.889598475528508, 508.482 ], [ 7.325731489010121, 46.893732762603712, 535.649 ], [ 7.353031391287677, 46.887190893650775, 552.251 ], [ 7.359247767353047, 46.863107312978187, 577.762 ], [ 7.34933916638172, 46.853312573815707, 593.563 ], [ 7.326035119663047, 46.85163270974892, 776.758 ], [ 7.330699937958344, 46.857630520896862, 801.219 ], [ 7.316408802447603, 46.86259359928237, 678.995 ], [ 7.302152681208226, 46.852036584783036, 716.667 ], [ 7.331226223667803, 46.83176740937872, 632.648 ], [ 7.320252623553924, 46.826736682350166, 644.845 ], [ 7.320203025356502, 46.814806748303397, 661.536 ], [ 7.301592543655012, 46.792827764933669, 696.893 ], [ 7.304472409697473, 46.78320553511206, 711.178 ], [ 7.290468734915856, 46.772049524840156, 733.039 ], [ 7.303594392984698, 46.759189742974627, 763.589 ], [ 7.300526535955322, 46.722123971339769, 847.429 ], [ 7.34950930500391, 46.71220472406705, 966.042 ], [ 7.345741511248062, 46.698940664857737, 1073.068 ], [ 7.380210065649115, 46.690185204255528, 1620.56 ], [ 7.369277513790013, 46.655580945528719, 2104.195000000000164 ], [ 7.377260223980231, 46.656262864725718, 1869.648999999999887 ], [ 7.357281833793576, 46.63928343769841, 1809.386 ], [ 7.345572916986987, 46.655338684509083, 2104.72400000000016 ], [ 7.321137778798795, 46.654617507063314, 2036.405 ], [ 7.329692874883786, 46.641833019341369, 2006.292 ], [ 7.313262963922226, 46.636624542533248, 2205.315 ], [ 7.32073019061591, 46.591859157026782, 1218.901 ], [ 7.308042322190569, 46.581319449362788, 1363.131 ], [ 7.281355112414758, 46.584111202406731, 1994.497 ], [ 7.207648914560299, 46.532907136284905, 1810.383 ], [ 7.192173062758103, 46.546558560934464, 1435.715 ], [ 7.16342991459174, 46.528535856114836, 2240.367000000000189 ], [ 7.148349549513205, 46.528464904151861, 2389.038 ], [ 7.122785509564697, 46.498699335522019, 2139.154 ], [ 7.100362550759843, 46.486989283298449, 2070.242000000000189 ], [ 7.061084546068098, 46.487275197340466, 1424.484 ], [ 7.021975163367964, 46.461116963412834, 1633.401 ], [ 7.017853910833022, 46.447068573855553, 1031.656 ], [ 6.983937916942264, 46.437995934285397, 1914.285 ], [ 6.992110177560721, 46.448913070376996, 1711.46 ], [ 6.979057361617105, 46.461068306620824, 1763.574 ], [ 6.981319373112333, 46.475390080984297, 1790.242 ], [ 6.954196196054888, 46.501910241763596, 1127.79 ], [ 6.934609281148085, 46.501396307747186, 980.245 ], [ 6.911384404969406, 46.513248895523823, 750.551 ], [ 6.895714798258565, 46.507750017334388, 639.85 ], [ 6.896700462608898, 46.520448178338818, 805.943 ], [ 6.862760236331125, 46.493847500029652, 811.997 ], [ 6.848902426947324, 46.493374718410742, 724.695 ], [ 6.818100192845819, 46.516506863666798, 936.307 ], [ 6.810872012921498, 46.525155330241276, 650.398 ], [ 6.825371119582575, 46.543535480535439, 630.5 ], [ 6.830278031608875, 46.537458011347589, 638.239 ], [ 6.855000362023194, 46.541439088599738, 676.217 ], [ 6.861077638639661, 46.530684533136743, 700.958 ], [ 6.888218560948347, 46.558148805662341, 796.16 ], [ 6.902045569539498, 46.561164619357989, 804.825 ], [ 6.901645891003791, 46.569726690256068, 839.841 ], [ 6.884499685902917, 46.561953437164227, 849.99 ], [ 6.85995902958465, 46.579868421122868, 830.325 ], [ 6.84643902817715, 46.583947186778239, 711.754 ], [ 6.834845758749137, 46.575337214767629, 658.65 ], [ 6.814102497934329, 46.585668891416454, 588.827 ], [ 6.813219685216909, 46.578229741434633, 593.846 ], [ 6.794902137444683, 46.575318611306692, 698.594 ], [ 6.803890632542549, 46.60903380221469, 743.652 ], [ 6.796955464378254, 46.633511327555993, 714.298 ], [ 6.803794404895931, 46.644514596275911, 534.384 ], [ 6.798940335519672, 46.649176441654809, 547.656 ], [ 6.818504227658902, 46.64780217121816, 690.038 ], [ 6.828910653998341, 46.660559085583756, 729.011 ], [ 6.867348102203475, 46.660100257415117, 821.646 ], [ 6.871708470869593, 46.673253174129222, 814.038 ], [ 6.862687522763737, 46.680948812904994, 718.305 ], [ 6.889594091115567, 46.693884341007028, 798.676 ], [ 6.940612012871241, 46.743712011738275, 737.018 ], [ 6.930876047851002, 46.754046348389835, 626.242 ], [ 6.910548208383716, 46.753263048511982, 587.114 ], [ 6.909193963676809, 46.758762365114109, 582.946 ], [ 6.957089606843525, 46.787593376505882, 590.091 ], [ 6.966662745259944, 46.802703780253125, 631.461 ], [ 6.956508549158743, 46.814935829135038, 468.64 ], [ 6.965144689533681, 46.82824081378341, 454.313 ], [ 6.971013344377656, 46.824054817832312, 463.335 ], [ 6.984752621783289, 46.82193323007543, 483.056 ], [ 6.99237106877985, 46.830398897660835, 514.231 ], [ 6.983074770957572, 46.839825230591444, 488.398 ], [ 6.988660340575522, 46.843580669843362, 494.684 ], [ 6.97757506510513, 46.849870405695533, 442.471 ], [ 6.979226490784553, 46.865767560870729, 438.217 ], [ 6.988895371726261, 46.873460030551804, 437.372 ], [ 6.980625106696846, 46.881822046170164, 437.077 ], [ 6.973753910306813, 46.887315861025577, 478.346 ], [ 6.95818297460999, 46.881536146396378, 469.711 ], [ 6.96488349729591, 46.865391809317281, 439.979 ], [ 6.938365656033199, 46.889968245365296, 484.996 ], [ 6.924438317791027, 46.893420280761909, 446.701 ], [ 6.930320462416603, 46.899526866156222, 436.238 ], [ 6.896230270678378, 46.925486179846949, 429.25 ], [ 6.928196307678074, 46.953397918309179, 429.258 ], [ 6.964900904915974, 46.924389232265469, 433.947 ], [ 6.986651969855377, 46.919618925848219, 513.048 ], [ 6.981165172928542, 46.909421085622874, 502.644 ], [ 7.009505094769329, 46.88903863397681, 435.356 ], [ 6.993799331069059, 46.878966674179196, 436.68 ], [ 6.999333124025354, 46.874329727390396, 436.159 ], [ 7.016195377206432, 46.880777556508313, 433.473 ], [ 7.035686240444747, 46.87333865512624, 451.91 ], [ 7.029894145089131, 46.866173434582947, 472.785 ], [ 7.039665373316793, 46.860605004403482, 588.41 ], [ 7.031888984174363, 46.847806282796562, 625.824 ], [ 7.043043465977532, 46.846928367861587, 578.316 ], [ 7.070327130137168, 46.871742097984907, 478.56 ], [ 7.061961434277305, 46.883771805673852, 518.753 ], [ 7.093409282828645, 46.905791216207703, 456.334 ], [ 7.057879491941577, 46.938610171622535, 438.988 ], [ 7.063044429461936, 46.971108732904661, 429.143 ], [ 7.040163360444474, 46.979844951892865, 430.548 ] ], [ [ 7.118713687729588, 46.902394594730318, 535.962 ], [ 7.138443056294886, 46.907543306256365, 553.063 ], [ 7.134663179468727, 46.919394335688906, 535.539 ], [ 7.114853102449134, 46.915836474252409, 475.727 ], [ 7.118713687729588, 46.902394594730318, 535.962 ] ] ], [ [ [ 6.865690140811739, 46.909575151762688, 429.25 ], [ 6.921005659202224, 46.871330981358305, 483.736 ], [ 6.891870511669687, 46.864958333292471, 486.509 ], [ 6.894350496975781, 46.86216893391191, 498.458 ], [ 6.912870613576538, 46.865935617916321, 495.835 ], [ 6.930624913082317, 46.853242541421402, 442.962 ], [ 6.910170138735405, 46.8387661570437, 445.678 ], [ 6.90487420780817, 46.825118707507706, 445.663 ], [ 6.910850709827566, 46.812529838553687, 477.04 ], [ 6.904885997622954, 46.805610122626653, 474.732 ], [ 6.919997710149898, 46.81056981970206, 454.975 ], [ 6.931557531856846, 46.805431843593823, 447.085 ], [ 6.917055901362969, 46.784628199728196, 453.784 ], [ 6.879547667269559, 46.775300248800121, 512.061 ], [ 6.85909218816629, 46.788003153474463, 695.56 ], [ 6.825395681797877, 46.772838675890988, 651.646 ], [ 6.783011814099516, 46.793385915895598, 682.039 ], [ 6.775983581390249, 46.789751797217228, 687.857 ], [ 6.787278530795716, 46.799603995663844, 653.814 ], [ 6.74186912977201, 46.827875693881893, 429.25 ], [ 6.865690140811739, 46.909575151762688, 429.25 ] ] ], [ [ [ 6.806212409376172, 46.726935549945587, 734.209 ], [ 6.787910512475655, 46.729362853537538, 763.476 ], [ 6.816338453154705, 46.738326870232072, 607.648 ], [ 6.84762473522484, 46.774935600916557, 675.945 ], [ 6.882090156173891, 46.749805323139974, 466.072 ], [ 6.864526590059455, 46.72520684335602, 485.742 ], [ 6.828389957708715, 46.735503351983724, 677.798 ], [ 6.806212409376172, 46.726935549945587, 734.209 ] ] ], [ [ [ 6.77301044247313, 46.751366036568626, 680.292 ], [ 6.786263270996304, 46.747610657149266, 668.596 ], [ 6.784446588133509, 46.735426233639934, 750.051 ], [ 6.76240814823892, 46.717374201356705, 802.26 ], [ 6.748699703191193, 46.731804915826849, 757.509 ], [ 6.77301044247313, 46.751366036568626, 680.292 ] ] ], [ [ [ 7.234352281197044, 46.933017383747824, 477.087 ], [ 7.218541474144614, 46.924343002773504, 526.58 ], [ 7.215366467915411, 46.930749480237338, 518.475 ], [ 7.230205586567582, 46.939952490441932, 533.342 ], [ 7.234352281197044, 46.933017383747824, 477.087 ] ] ], [ [ [ 6.971211761916465, 46.82603468920216, 466.645 ], [ 6.970960099277673, 46.827383830680198, 476.648 ], [ 6.971997607598249, 46.826582928848836, 468.309 ], [ 6.971211761916465, 46.82603468920216, 466.645 ] ] ] ] } },
{ "type": "Feature", "properties": { "uuid": "{5AB3C7C0-CAA5-4B89-8712-E77E2A06F4D9}", "datum_aenderung": "2025-11-19T00:00:00", "datum_erstellung": "2012-10-26T00:00:00", "erstellung_jahr": 2012, "erstellung_monat": 10, "grund_aenderung": "Verbessert", "herkunft": "swisstopo", "herkunft_jahr": 2026, "herkunft_monat": 1, "revision_jahr": 2026, "revision_monat": 1, "revision_qualitaet": "TGMG_2026_Akt", "objektart": "Kanton", "kantonsnummer": 8, "see_flaeche": 463.0, "kantonsflaeche": 68531.0, "name": "Glarus", "icc": "CH", "einwohnerzahl": 42371 }, "geometry": { "type": "Polygon", "coordinates": [ [ [ 8.935383730594525, 46.919850935383394, 2609.17 ], [ 8.963191983872751, 46.926723410175931, 2179.464 ], [ 8.955328123719269, 46.938921196116112, 1902.655 ], [ 8.971640983002411, 46.959861892634088, 2430.467 ], [ 8.945701569266557, 46.967159826846228, 2802.795 ], [ 8.932251815654205, 46.982304168549774, 1890.383 ], [ 8.941504042334035, 46.987588980658785, 1540.615 ], [ 8.918875756515515, 47.001554646524809, 1584.5150000000001 ], [ 8.910484950272149, 47.017044592496127, 1416.199 ], [ 8.892991812299579, 47.023638612949476, 1287.145 ], [ 8.903616414625491, 47.027259643367209, 1517.499 ], [ 8.90314548534746, 47.038537589441646, 1872.485 ], [ 8.948072943073635, 47.049357213179988, 2213.235999999999876 ], [ 8.960831269145626, 47.076252207814925, 2079.417 ], [ 8.975993208564962, 47.085706566092085, 2072.068000000000211 ], [ 8.953875654109899, 47.09148521524444, 2031.54 ], [ 8.971277940630602, 47.104637770962036, 1854.125 ], [ 8.967394947954416, 47.136633343079524, 1485.406 ], [ 9.005598462712296, 47.173987414159512, 411.788 ], [ 9.068129760506958, 47.129967673008544, 418.708 ], [ 9.135923530756498, 47.131977907894282, 419.69 ], [ 9.189879213867615, 47.123697284324699, 419.69 ], [ 9.190299552065618, 47.069889109696078, 1520.693 ], [ 9.174536204566396, 47.052922995566973, 2242.52599999999984 ], [ 9.138068567748155, 47.039132456998864, 2292.732 ], [ 9.165673320376483, 47.02687832086891, 2296.369999999999891 ], [ 9.208295522695007, 47.035757914330063, 2241.318000000000211 ], [ 9.236357829296063, 47.023981094207123, 2501.04 ], [ 9.249882347407093, 46.995212125048894, 2485.331000000000131 ], [ 9.246072729716209, 46.958744836914036, 2585.542 ], [ 9.236758674130122, 46.954563971708502, 2535.659000000000106 ], [ 9.236307867353899, 46.944847617410417, 2248.362999999999829 ], [ 9.252586031412587, 46.927028526131302, 2935.792 ], [ 9.240207946305253, 46.908184658422677, 3097.771000000000186 ], [ 9.18824101784352, 46.876430288287736, 2719.121999999999844 ], [ 9.153012624557817, 46.879831903245126, 3015.648000000000138 ], [ 9.156807377654312, 46.873930206265371, 3026.818000000000211 ], [ 9.14055655849009, 46.861837516777044, 2829.726999999999862 ], [ 9.112313922486621, 46.850560321897362, 2615.085 ], [ 9.094941704896904, 46.870868735295502, 2786.434000000000196 ], [ 9.064716831864795, 46.875205460910124, 3145.014999999999873 ], [ 9.045366045614694, 46.865262076514398, 3101.166000000000167 ], [ 9.045967367304499, 46.850206110392975, 3075.755999999999858 ], [ 9.019980714744824, 46.817324484811564, 2745.822000000000116 ], [ 8.928285429470442, 46.796467588671277, 3353.462 ], [ 8.914066748130935, 46.800608110216388, 3410.172999999999774 ], [ 8.914865795403973, 46.811149465160817, 3605.079000000000178 ], [ 8.877053718123001, 46.812914093981249, 3063.565999999999804 ], [ 8.881642786397904, 46.829068028259655, 2935.273000000000138 ], [ 8.871236720202052, 46.842031637475486, 3267.56 ], [ 8.955921022183542, 46.875328503181848, 1988.469 ], [ 8.953416435323609, 46.900690259080051, 1602.128 ], [ 8.935383730594525, 46.919850935383394, 2609.17 ] ] ] } },
{ "type": "Feature", "properties": { "uuid": "{E7A83048-1B67-44C8-9558-E52777CC4022}", "datum_aenderung": "2025-11-19T00:00:00", "datum_erstellung": "2012-10-26T00:00:00", "erstellung_jahr": 2012, "erstellung_monat": 10, "grund_aenderung": "Verbessert", "herkunft": "swisstopo", "herkunft_jahr": 2026, "herkunft_monat": 1, "revision_jahr": 2026, "revision_monat": 1, "revision_qualitaet": "TGMG_2026_Akt", "objektart": "Kanton", "kantonsnummer": 4, "see_flaeche": 1922.0, "kantonsflaeche": 107653.0, "name": "Uri", "icc": "CH", "einwohnerzahl": 38275 }, "geometry": { "type": "Polygon", "coordinates": [ [ [ 8.477640569273641, 46.527614673499706, 3024.646000000000186 ], [ 8.429264867630014, 46.543311477950269, 2934.706000000000131 ], [ 8.409955496315634, 46.577479465300172, 2762.833 ], [ 8.407637499687732, 46.59951952158697, 3216.19 ], [ 8.420406183724696, 46.616349571142742, 3416.514000000000124 ], [ 8.421991555761933, 46.647881145166338, 3608.241 ], [ 8.410272722771859, 46.652938841234757, 3496.295 ], [ 8.39806137706938, 46.674225867678679, 3328.074 ], [ 8.398727124369247, 46.691652234766508, 3307.001000000000204 ], [ 8.452292331759086, 46.68874209824547, 3314.297999999999774 ], [ 8.45407835640586, 46.710848554940242, 3316.996999999999844 ], [ 8.447430105104331, 46.714155330959557, 2776.581000000000131 ], [ 8.449720883482199, 46.729835820680144, 2304.731000000000222 ], [ 8.439114785705044, 46.753007382632561, 2923.208 ], [ 8.460359069490043, 46.769100471002545, 2805.699999999999818 ], [ 8.491439465473707, 46.772527077590297, 2853.748999999999796 ], [ 8.478557097765968, 46.789271611533053, 1479.143 ], [ 8.481136573489863, 46.798424134445064, 1594.138999999999896 ], [ 8.471326686264259, 46.795526531347903, 1425.571 ], [ 8.464272592397004, 46.800534418282446, 1746.087 ], [ 8.481977054287416, 46.803259131175977, 1809.967 ], [ 8.478134402225153, 46.813718420660273, 2627.538 ], [ 8.486315185720981, 46.832036938656373, 2594.375 ], [ 8.506886580426245, 46.845476045503375, 2886.52599999999984 ], [ 8.497875179759133, 46.853726148109857, 2818.244000000000142 ], [ 8.470844264523041, 46.854849580072553, 2801.06 ], [ 8.467199585449903, 46.876241880539894, 2356.931999999999789 ], [ 8.479099212015987, 46.88252081032514, 2203.242000000000189 ], [ 8.474065019150119, 46.893428087840668, 2145.085 ], [ 8.45830729759707, 46.898775464610772, 2403.893999999999778 ], [ 8.481267730789229, 46.908529521356321, 2289.949999999999818 ], [ 8.486096785764005, 46.918472578372253, 2184.194 ], [ 8.502787568875359, 46.914426167985837, 2060.889999999999873 ], [ 8.544059726704763, 46.927859665226606, 2117.023000000000138 ], [ 8.543581389135724, 46.939349296528391, 1516.909000000000106 ], [ 8.558826330251113, 46.940402888348331, 1578.46 ], [ 8.554830369916115, 46.962640291329635, 890.202 ], [ 8.574534701292901, 46.982350789448013, 497.525 ], [ 8.571049221040221, 46.990155333463953, 433.54 ], [ 8.603148518917422, 46.986838035982061, 433.54 ], [ 8.604402718198834, 46.951964498999594, 433.54 ], [ 8.692961940509711, 46.946977642146649, 1224.833 ], [ 8.698561583468255, 46.924288984010843, 2097.471 ], [ 8.707748220571474, 46.917164995908038, 2461.248999999999796 ], [ 8.770929009543062, 46.941501138847926, 1279.973 ], [ 8.787749550076223, 46.930354425604207, 1848.636 ], [ 8.810704524032959, 46.94145280546519, 1635.896 ], [ 8.82677305148446, 46.935712397771653, 1426.676 ], [ 8.836124528805204, 46.907677925764716, 1596.223 ], [ 8.848812009331537, 46.912769770320701, 1165.826 ], [ 8.853181891502881, 46.885404049777286, 2186.784999999999854 ], [ 8.861278517251639, 46.894506361166108, 2061.824999999999818 ], [ 8.935383730594525, 46.919850935383394, 2609.17 ], [ 8.953416435323609, 46.900690259080051, 1602.128 ], [ 8.955921022183542, 46.875328503181848, 1988.469 ], [ 8.871236720202052, 46.842031637475486, 3267.56 ], [ 8.881642786397904, 46.829068028259655, 2935.273000000000138 ], [ 8.874235677981916, 46.808889306944351, 3026.71 ], [ 8.848216621326007, 46.793440257540475, 3197.610000000000127 ], [ 8.827685441496779, 46.791637531379635, 3256.148999999999887 ], [ 8.834576909344447, 46.766852420234549, 2823.518999999999778 ], [ 8.8185524883759, 46.762480654196068, 2959.773000000000138 ], [ 8.812984858402821, 46.7373111693745, 2963.944 ], [ 8.781989776235934, 46.728308822088579, 3027.784999999999854 ], [ 8.765156266490395, 46.74446687415228, 3138.954000000000178 ], [ 8.747644734399957, 46.735907190711977, 3014.503000000000156 ], [ 8.743031950818933, 46.715515604145907, 2645.161 ], [ 8.67436236237268, 46.692140709753673, 2824.4699999999998 ], [ 8.678612908498842, 46.664261954771852, 2174.920999999999822 ], [ 8.654883534564087, 46.649968475698401, 2564.697000000000116 ], [ 8.651067765132737, 46.634584889779418, 2829.264999999999873 ], [ 8.678749084333417, 46.615992028630487, 2519.054999999999836 ], [ 8.678749150687693, 46.579190569563657, 2769.378000000000156 ], [ 8.634657833995798, 46.564378761797236, 2776.621999999999844 ], [ 8.625347351236078, 46.576938288629954, 2875.304999999999836 ], [ 8.590539636138084, 46.573405445176846, 2779.996999999999844 ], [ 8.573703471407264, 46.583712676903424, 2613.364999999999782 ], [ 8.550922802744781, 46.580690341705115, 2200.417 ], [ 8.539208697499182, 46.58678060367091, 2659.658 ], [ 8.521185501015573, 46.577248551121421, 2589.887000000000171 ], [ 8.51357951658029, 46.559231541581049, 2764.254 ], [ 8.519474695164076, 46.538918857043939, 2962.630999999999858 ], [ 8.477640569273641, 46.527614673499706, 3024.646000000000186 ] ] ] } },
{ "type": "Feature", "properties": { "uuid": "{E62B8D02-0D76-4D8D-B602-3AEAEEEF2BB5}", "datum_aenderung": "2025-11-19T00:00:00", "datum_erstellung": "2012-10-26T00:00:00", "erstellung_jahr": 2012, "erstellung_monat": 10, "grund_aenderung": "Verbessert", "herkunft": "swisstopo", "herkunft_jahr": 2026, "herkunft_monat": 1, "revision_jahr": 2026, "revision_monat": 1, "revision_qualitaet": "TGMG_2026_Akt", "objektart": "Kanton", "kantonsnummer": 7, "see_flaeche": 3451.0, "kantonsflaeche": 27584.0, "name": "Nidwalden", "icc": "CH", "einwohnerzahl": 45345 }, "geometry": { "type": "Polygon", "coordinates": [ [ [ 8.571049221040221, 46.990155333463953, 433.54 ], [ 8.574534701292901, 46.982350789448013, 497.525 ], [ 8.554830369916115, 46.962640291329635, 890.202 ], [ 8.558826330251113, 46.940402888348331, 1578.46 ], [ 8.543581389135724, 46.939349296528391, 1516.909000000000106 ], [ 8.544059726704763, 46.927859665226606, 2117.023000000000138 ], [ 8.502787568875359, 46.914426167985837, 2060.889999999999873 ], [ 8.486096785764005, 46.918472578372253, 2184.194 ], [ 8.481267730789229, 46.908529521356321, 2289.949999999999818 ], [ 8.45830729759707, 46.898775464610772, 2403.893999999999778 ], [ 8.474065019150119, 46.893428087840668, 2145.085 ], [ 8.479099212015987, 46.88252081032514, 2203.242000000000189 ], [ 8.467199585449903, 46.876241880539894, 2356.931999999999789 ], [ 8.470844264523041, 46.854849580072553, 2801.06 ], [ 8.420189468069127, 46.851982862543203, 2583.684000000000196 ], [ 8.412829173568598, 46.869844071086966, 1943.396 ], [ 8.374779857944944, 46.847912143519174, 743.48 ], [ 8.382017419783766, 46.871992088508428, 658.186 ], [ 8.364130666228345, 46.867329569690369, 696.524 ], [ 8.361468671172835, 46.862213414226218, 726.96 ], [ 8.370823509016791, 46.859507958009019, 585.997 ], [ 8.373853566539886, 46.816216397451285, 1126.432 ], [ 8.387811132794299, 46.812562798642645, 1241.445 ], [ 8.384813051780004, 46.803689140029746, 1829.36 ], [ 8.396540147598984, 46.795451871078107, 1661.836 ], [ 8.419548767043457, 46.78907040372399, 2444.893 ], [ 8.426382555206082, 46.777146691775741, 2852.895 ], [ 8.395229649471061, 46.771514553793246, 2563.621999999999844 ], [ 8.322143081771957, 46.820218243309704, 2199.049 ], [ 8.335220817234477, 46.828432126229956, 2264.92 ], [ 8.32837824245947, 46.877976257575313, 2034.559 ], [ 8.34348051294929, 46.914899996216164, 1422.215999999999894 ], [ 8.338127875447148, 46.929313385792078, 1862.747 ], [ 8.309643625140215, 46.924304761482887, 647.803 ], [ 8.288294095739152, 46.933886277164511, 597.831 ], [ 8.30991443410317, 46.952220421844075, 794.505 ], [ 8.307170734220907, 46.97591712311128, 958.904 ], [ 8.260862710552185, 46.980364103775571, 1950.083 ], [ 8.228882715111711, 46.973146486670984, 1922.462 ], [ 8.218102391168081, 46.981094204892123, 1081.094 ], [ 8.228069935149072, 46.992615452288383, 1014.012 ], [ 8.243972478492932, 46.986015304943429, 1442.398999999999887 ], [ 8.265499691656917, 46.998181845046396, 1226.143 ], [ 8.318852541104494, 46.999565735448378, 433.54 ], [ 8.334454719403986, 46.989009920077002, 433.54 ], [ 8.368514028577092, 47.019953848875232, 433.54 ], [ 8.383798919450715, 47.017714985135399, 433.54 ], [ 8.385585879462186, 46.998318669711949, 919.756 ], [ 8.426013356454005, 46.998141068277803, 765.542 ], [ 8.427985387800149, 47.01720756617955, 433.54 ], [ 8.469069312981789, 47.00928943352347, 433.54 ], [ 8.465236934189109, 46.984270220481804, 433.54 ], [ 8.496631326713485, 46.976428054297159, 433.54 ], [ 8.542698089337193, 46.979591412742138, 433.54 ], [ 8.571049221040221, 46.990155333463953, 433.54 ] ] ] } },
{ "type": "Feature", "properties": { "uuid": "{DF94DB80-AADE-4B0C-91C2-26BA907753FD}", "datum_aenderung": "2025-11-19T00:00:00", "datum_erstellung": "2012-10-26T00:00:00", "erstellung_jahr": 2012, "erstellung_monat": 10, "grund_aenderung": "Verbessert", "herkunft": "swisstopo", "herkunft_jahr": 2026, "herkunft_monat": 1, "revision_jahr": 2026, "revision_monat": 1, "revision_qualitaet": "TGMG_2026_Akt", "objektart": "Kanton", "kantonsnummer": 11, "see_flaeche": 0.0, "kantonsflaeche": 79046.0, "name": "Solothurn", "icc": "CH", "einwohnerzahl": 289792 }, "geometry": { "type": "MultiPolygon", "coordinates": [ [ [ [ 7.532868908388212, 47.294537046349099, 1174.945 ], [ 7.572152011438872, 47.328953103220265, 1180.087 ], [ 7.560463784887362, 47.342494944367857, 929.011 ], [ 7.538904769926718, 47.347629479746928, 1039.821999999999889 ], [ 7.539654418342894, 47.360116911442105, 877.204 ], [ 7.5217520498938, 47.365152018741952, 848.526 ], [ 7.523729737094685, 47.372074097184338, 859.295 ], [ 7.463280567376894, 47.370304089901431, 879.182 ], [ 7.436132148712026, 47.378113285638179, 897.916 ], [ 7.441316972681533, 47.400183022911669, 379.724 ], [ 7.477380222721898, 47.401206224224659, 362.107 ], [ 7.479105699381245, 47.389742860633739, 416.344 ], [ 7.500815893033859, 47.384594923820394, 671.482 ], [ 7.52137192398761, 47.391206143660952, 505.645 ], [ 7.531178513798611, 47.403529047410466, 406.394 ], [ 7.525241370741576, 47.411636981890801, 389.167 ], [ 7.580747721708409, 47.414707728259295, 468.152 ], [ 7.568232374265578, 47.422383131896389, 392.538 ], [ 7.568885972374847, 47.436904695205591, 325.533 ], [ 7.581213309048103, 47.428784574261449, 547.163 ], [ 7.615805212678984, 47.432751658942777, 564.799 ], [ 7.626078870304115, 47.462918064791026, 465.856 ], [ 7.60450133898589, 47.470449825720813, 297.5 ], [ 7.607306349534053, 47.489402844965717, 283.307 ], [ 7.640972704765909, 47.482738390389699, 606.844 ], [ 7.655932784019863, 47.487398910011244, 617.515 ], [ 7.64865328872132, 47.491834481860572, 570.256 ], [ 7.653371465914169, 47.496077615060656, 583.092 ], [ 7.666128062873533, 47.496872542708026, 628.35 ], [ 7.668333588107175, 47.486350958857976, 653.188 ], [ 7.699767969499689, 47.480636720736612, 486.656 ], [ 7.709880628603833, 47.469393632325804, 356.083 ], [ 7.684860439019337, 47.447847279722062, 434.294 ], [ 7.679808433690771, 47.417517425351107, 616.501 ], [ 7.632729134009591, 47.41003461463626, 757.451 ], [ 7.633323236738683, 47.382917267827878, 849.643 ], [ 7.641767291077537, 47.380472599923053, 1024.458 ], [ 7.644209563094456, 47.36721136782397, 744.352 ], [ 7.727920480534712, 47.368861608704101, 1000.878 ], [ 7.751525547967279, 47.344329989089488, 1036.6 ], [ 7.793567418415737, 47.339054577647481, 790.792 ], [ 7.802173097845057, 47.361097816801532, 991.046 ], [ 7.878819133968719, 47.383512389269413, 776.342 ], [ 7.869143557588821, 47.395516303693405, 794.441 ], [ 7.883338909048864, 47.406099430097186, 909.426 ], [ 7.909744945661728, 47.398522915253039, 929.667 ], [ 7.955045894844387, 47.415607733555809, 790.655 ], [ 7.961840346065692, 47.421836271369422, 914.273 ], [ 7.946793133273046, 47.443195594608468, 653.148 ], [ 7.968292703021189, 47.462810492432212, 447.024 ], [ 7.987280142799494, 47.428745398279155, 780.943 ], [ 7.985474686498311, 47.422765796635254, 708.299 ], [ 7.982712891788356, 47.428334510749401, 856.908 ], [ 7.963208032673574, 47.422356587007641, 900.759 ], [ 8.007270981823604, 47.406587412125788, 424.738 ], [ 8.010011361433536, 47.395419582038969, 384.581 ], [ 8.026570563995772, 47.395623873950001, 373.341 ], [ 8.031376242867147, 47.383686981714447, 378.992 ], [ 8.003845604568433, 47.345315898194777, 489.199 ], [ 8.005199593964901, 47.336752791920496, 448.575 ], [ 7.947977991228461, 47.317144411138059, 432.398 ], [ 7.947838728379018, 47.332518229891498, 640.276 ], [ 7.919216438427036, 47.333952420595566, 624.102 ], [ 7.90781300428161, 47.341720792396295, 389.102 ], [ 7.889105214646429, 47.31148965247224, 392.459 ], [ 7.861261064163301, 47.306235511635997, 398.45 ], [ 7.841812067169534, 47.27447248952128, 398.5 ], [ 7.816648429842275, 47.261672963236855, 399.664 ], [ 7.802830387732443, 47.268410258998777, 401.3 ], [ 7.786153362941811, 47.256100224809856, 402.106 ], [ 7.774607415521518, 47.26787141409946, 428.049 ], [ 7.756825017646155, 47.258097328074854, 440.148 ], [ 7.732673362554446, 47.259115595764236, 493.319 ], [ 7.684774921525805, 47.293994433832111, 1033.296 ], [ 7.648280339334153, 47.281992372969789, 1229.535 ], [ 7.580111406631795, 47.276351260344818, 1185.946999999999889 ], [ 7.593703101706893, 47.266222755530144, 827.038 ], [ 7.595943635318488, 47.245571697997462, 483.283 ], [ 7.626185274510251, 47.226316921542299, 422.622 ], [ 7.640560913837413, 47.229796909979981, 421.125 ], [ 7.648471777915104, 47.218954925906381, 436.568 ], [ 7.647231231799298, 47.201784976129325, 468.598 ], [ 7.671533360153412, 47.194973727754636, 472.512 ], [ 7.671105814202137, 47.184524124472112, 492.98 ], [ 7.67799370718644, 47.181928402892986, 471.98 ], [ 7.672866558288291, 47.168396928227118, 469.631 ], [ 7.660086008744973, 47.168405141535473, 467.117 ], [ 7.645106852594434, 47.14892291170127, 464.269 ], [ 7.615536452338317, 47.156576668401435, 458.387 ], [ 7.586144456720346, 47.147548117773482, 466.617 ], [ 7.581057437691852, 47.160132915884752, 459.725 ], [ 7.563471611675753, 47.168357113788076, 453.602 ], [ 7.52577288245951, 47.1622081979623, 464.262 ], [ 7.520337816381041, 47.158891061736888, 504.116 ], [ 7.529754968844093, 47.148739964569053, 459.622 ], [ 7.509719123348681, 47.125541912242134, 461.292 ], [ 7.461328677199384, 47.108235339281194, 464.229 ], [ 7.475098353878279, 47.086712629031894, 501.811 ], [ 7.454463997009637, 47.074928932685012, 545.099 ], [ 7.435418402536984, 47.080168320136636, 550.935 ], [ 7.434002932862095, 47.100502747324406, 466.242 ], [ 7.382029784277466, 47.095742532323918, 542.055 ], [ 7.371408238083164, 47.122540956124332, 465.084 ], [ 7.386746586383857, 47.125900701566536, 469.033 ], [ 7.403751898618664, 47.117679117479838, 527.114 ], [ 7.440182789091359, 47.123730792210033, 606.428 ], [ 7.421796556035806, 47.135863954495107, 540.648 ], [ 7.447787219004704, 47.155084018103551, 554.17 ], [ 7.472811535309011, 47.152564174359597, 502.105 ], [ 7.497042535636441, 47.170090639121113, 556.084 ], [ 7.480500471923796, 47.171741514359887, 541.322 ], [ 7.470858561791136, 47.181327671343425, 454.939 ], [ 7.475726833819448, 47.190652070647054, 426.18 ], [ 7.449768099730501, 47.189572786890196, 426.061 ], [ 7.447629975005824, 47.181087689747059, 426.148 ], [ 7.433289237439992, 47.184730728523128, 426.148 ], [ 7.411817810224385, 47.162425100224446, 426.277 ], [ 7.384248350032832, 47.160129029407493, 426.434 ], [ 7.382179096825357, 47.16512274390422, 426.637 ], [ 7.391915235179073, 47.166278057246927, 428.966 ], [ 7.383518016127199, 47.180305139385617, 448.53 ], [ 7.365465431651501, 47.194456569704904, 619.292 ], [ 7.354484375819005, 47.191535660494338, 698.776 ], [ 7.340417035125261, 47.217574036624981, 1211.592 ], [ 7.415486863901446, 47.240215190721607, 1066.137 ], [ 7.417369808389054, 47.253799267639486, 1241.821999999999889 ], [ 7.465850128948355, 47.264656868346329, 723.481 ], [ 7.494681187456999, 47.288232249781423, 1046.824 ], [ 7.532868908388212, 47.294537046349099, 1174.945 ] ] ], [ [ [ 7.510451891679736, 47.502632539800935, 329.291 ], [ 7.536236766014626, 47.491057372096634, 336.239 ], [ 7.527450923453204, 47.473910651248644, 470.95 ], [ 7.530684695395321, 47.461192872241284, 763.981 ], [ 7.454817211126873, 47.449235069411557, 747.893 ], [ 7.445219367198429, 47.462382589606278, 460.519 ], [ 7.455741980112706, 47.473381205663216, 450.635 ], [ 7.420821310228613, 47.480371177097481, 428.352 ], [ 7.434989042353529, 47.498105903834457, 473.923 ], [ 7.47076368956591, 47.480738602509078, 561.678 ], [ 7.487282432016497, 47.482018248124049, 546.936 ], [ 7.510451891679736, 47.502632539800935, 329.291 ] ] ], [ [ [ 7.375951384808469, 47.414103859784717, 717.92 ], [ 7.382105614926892, 47.433047492482167, 472.864 ], [ 7.420909739805059, 47.445948645783581, 820.639 ], [ 7.437846361914597, 47.446330325217055, 797.305 ], [ 7.455591856341407, 47.427924854619526, 394.167 ], [ 7.443763037495239, 47.413448148099164, 629.851 ], [ 7.375951384808469, 47.414103859784717, 717.92 ] ] ], [ [ [ 7.70080426911266, 47.161777003516704, 479.753 ], [ 7.690158414311317, 47.152558817007836, 488.811 ], [ 7.674428470250756, 47.153972892610319, 517.931 ], [ 7.685371684220216, 47.166300979753323, 517.989 ], [ 7.70080426911266, 47.161777003516704, 479.753 ] ] ] ] } },
{ "type": "Feature", "properties": { "uuid": "{5B0F52B1-5FE2-465F-835E-0F18F2E348CE}", "datum_aenderung": "2025-11-19T00:00:00", "datum_erstellung": "2012-10-26T00:00:00", "erstellung_jahr": 2012, "erstellung_monat": 10, "grund_aenderung": "Verbessert", "herkunft": "swisstopo", "herkunft_jahr": 2026, "herkunft_monat": 1, "revision_jahr": 2026, "revision_monat": 1, "revision_qualitaet": "TGMG_2026_Akt", "objektart": "Kanton", "kantonsnummer": 15, "see_flaeche": 0.0, "kantonsflaeche": 24284.0, "name": "Appenzell Ausserrhoden", "icc": "CH", "einwohnerzahl": 56705 }, "geometry": { "type": "Polygon", "coordinates": [ [ [ 9.630967482577132, 47.442241068031763, 604.725 ], [ 9.564568257976383, 47.438142828962739, 752.306 ], [ 9.558538851210972, 47.431738050048395, 914.063 ], [ 9.585842676948795, 47.413091204458411, 820.357 ], [ 9.556548797038806, 47.396339716119535, 555.018 ], [ 9.54239193559286, 47.408201873454189, 966.34 ], [ 9.570422441319389, 47.406384080688859, 757.712 ], [ 9.576253411531029, 47.415824219315752, 805.098 ], [ 9.556956694042814, 47.419083394891068, 826.294 ], [ 9.541068670452853, 47.431842658489536, 855.101 ], [ 9.523374296944079, 47.421424895180941, 1041.702 ], [ 9.522920359341748, 47.41399611452205, 1023.805 ], [ 9.532911005614851, 47.410669217688415, 1103.908 ], [ 9.510722490253835, 47.402461448054304, 1034.455 ], [ 9.499004420653776, 47.369330844216066, 951.811 ], [ 9.502915722729222, 47.347432916674812, 875.348 ], [ 9.465754079863222, 47.346421262694626, 1102.674 ], [ 9.437939229937204, 47.356502627904369, 955.405 ], [ 9.430948549135447, 47.37086577824568, 830.503 ], [ 9.41189334878505, 47.368764526107832, 904.134 ], [ 9.401051798898752, 47.378330843785278, 784.048 ], [ 9.378131489878937, 47.380809919074302, 742.012 ], [ 9.379078409339202, 47.386765592601151, 723.51 ], [ 9.350214006904924, 47.383107427313483, 633.401 ], [ 9.365366425935491, 47.358364852446265, 690.107 ], [ 9.343678506703545, 47.352180212036828, 908.857 ], [ 9.346250256015548, 47.344931264659074, 1167.364 ], [ 9.309722232488715, 47.321882874293351, 845.375 ], [ 9.318318205966781, 47.309526680248439, 1128.643 ], [ 9.313558769626997, 47.291446952325813, 1148.063000000000102 ], [ 9.343273003283445, 47.249395775196646, 2502.090000000000146 ], [ 9.318641168323014, 47.247876196175518, 1845.45 ], [ 9.307979930668491, 47.25960773893086, 1219.51 ], [ 9.297175410096509, 47.257412291932376, 1234.986000000000104 ], [ 9.273776664475996, 47.270008380112372, 1408.438000000000102 ], [ 9.238795473753957, 47.264644236664225, 968.209 ], [ 9.206261102375938, 47.276393941470687, 859.309 ], [ 9.224323124852894, 47.29287411275773, 971.467 ], [ 9.209834599922477, 47.320898746157226, 786.556 ], [ 9.2333304490479, 47.332143980839867, 849.038 ], [ 9.222327787830867, 47.34333832735193, 1000.139 ], [ 9.206291609361799, 47.339130539518109, 866.253 ], [ 9.198646538148918, 47.347779278048158, 1031.417 ], [ 9.207474073190362, 47.356104457186397, 876.919 ], [ 9.195626986034531, 47.353463251578184, 879.083 ], [ 9.191098556146134, 47.362544548012146, 792.276 ], [ 9.213040764207847, 47.365120295322029, 958.827 ], [ 9.22100361124067, 47.37324821253587, 729.176 ], [ 9.218770591276412, 47.384830120828205, 688.678 ], [ 9.231834167420752, 47.387773497381971, 652.254 ], [ 9.232582239161198, 47.398019844019366, 618.438 ], [ 9.302954994995417, 47.395218691890541, 714.57 ], [ 9.371679078552029, 47.407709906880932, 738.967 ], [ 9.403756394165077, 47.401200751665968, 997.46 ], [ 9.429889190998628, 47.409613803474684, 1072.125 ], [ 9.435009510801661, 47.434290422686495, 566.296 ], [ 9.45263592057027, 47.431100387472881, 615.908 ], [ 9.530520455405606, 47.453452419133725, 652.432 ], [ 9.525640754411926, 47.461367932863652, 768.128 ], [ 9.542401205253809, 47.469037364603352, 611.262 ], [ 9.546554823926581, 47.462895356968957, 555.262 ], [ 9.59600034527192, 47.458663538459525, 529.137 ], [ 9.630967482577132, 47.442241068031763, 604.725 ] ], [ [ 9.613113026013895, 47.443690502374828, 641.386 ], [ 9.612101138695143, 47.443383347876733, 651.186 ], [ 9.613277746908995, 47.443435059863369, 640.84 ], [ 9.613113026013895, 47.443690502374828, 641.386 ] ], [ [ 9.362317937945949, 47.386905024918555, 782.572 ], [ 9.361781634491061, 47.386384301252363, 789.639 ], [ 9.363245070297998, 47.386404124353874, 793.548 ], [ 9.362317937945949, 47.386905024918555, 782.572 ] ] ] } },
{ "type": "Feature", "properties": { "uuid": "{1581348F-0FAF-44B1-A462-0550A3DE2B9E}", "datum_aenderung": "2025-11-19T00:00:00", "datum_erstellung": "2012-10-26T00:00:00", "erstellung_jahr": 2012, "erstellung_monat": 10, "grund_aenderung": "Verbessert", "herkunft": "swisstopo", "herkunft_jahr": 2026, "herkunft_monat": 1, "revision_jahr": 2026, "revision_monat": 1, "revision_qualitaet": "TGMG_2026_Akt", "objektart": "Kanton", "kantonsnummer": 26, "see_flaeche": 0.0, "kantonsflaeche": 85813.0, "name": "Jura", "icc": "CH", "einwohnerzahl": 82096 }, "geometry": { "type": "Polygon", "coordinates": [ [ [ 7.552206431496927, 47.345312781753961, 1072.869999999999891 ], [ 7.527758139618584, 47.322676420033375, 1152.0 ], [ 7.558346056660079, 47.322365439601434, 1141.232 ], [ 7.497426560603182, 47.302314113566496, 668.09 ], [ 7.378641373074319, 47.31497567946866, 708.259 ], [ 7.348208752555962, 47.305677765690206, 1116.133 ], [ 7.342576718137778, 47.293529960000392, 1106.003 ], [ 7.39692675549317, 47.297673308695977, 905.806 ], [ 7.389752090503859, 47.291981113089555, 954.05 ], [ 7.390303740764417, 47.255223826850184, 1248.989 ], [ 7.36872421225087, 47.258535290303982, 1176.065 ], [ 7.345354801613038, 47.247759544154036, 649.003 ], [ 7.336645459236194, 47.268006934870591, 729.232 ], [ 7.354017658876019, 47.272665612177626, 551.673 ], [ 7.335455661819088, 47.288278763586398, 1066.366 ], [ 7.242584356752969, 47.285221490822124, 994.776 ], [ 7.21018698366388, 47.288838679433489, 1010.83 ], [ 7.205998955858632, 47.295470252175988, 933.867 ], [ 7.163788237503449, 47.294057870184538, 974.311 ], [ 7.168678292742998, 47.2747277516278, 1043.003 ], [ 7.148737005955794, 47.269041393266761, 1040.337 ], [ 7.143105288739825, 47.259482717938276, 983.633 ], [ 7.155787265898823, 47.247545806238421, 1121.188000000000102 ], [ 7.096217129689102, 47.237033961846606, 1023.466 ], [ 7.079524587868568, 47.247764470109168, 1007.224 ], [ 7.05982665844803, 47.242802412428951, 1003.938 ], [ 7.058671632909723, 47.231190205767369, 1002.408 ], [ 7.04690083595862, 47.226713603483283, 985.596 ], [ 7.023450362691484, 47.195705925345237, 1107.318 ], [ 6.996427161607202, 47.193334255347331, 1029.303000000000111 ], [ 6.980769806083085, 47.174287678884006, 1087.795 ], [ 6.952161722362312, 47.18735124533719, 1044.898 ], [ 6.929886931829539, 47.169356921799583, 1028.443 ], [ 6.883722714376887, 47.150409463418917, 918.023 ], [ 6.871969944610898, 47.174121148819395, 958.359 ], [ 6.860895780874076, 47.16551657731786, 612.092 ], [ 6.840730400503674, 47.170801560543296, 609.158 ], [ 6.873874144548892, 47.185307052598873, 596.036 ], [ 6.880698294143833, 47.200549921791733, 543.146 ], [ 6.955666451906467, 47.24310316055611, 502.17 ], [ 6.947349910643133, 47.250714617803595, 491.997 ], [ 6.952009210208115, 47.269901097353944, 487.952 ], [ 6.941017385013204, 47.286690152770397, 483.827 ], [ 7.007564716017251, 47.301009684995648, 476.769 ], [ 7.016187152751146, 47.314676202517326, 845.954 ], [ 7.009990998706137, 47.324526623834238, 855.69 ], [ 7.045644272845363, 47.32649568757332, 893.438 ], [ 7.062389407476751, 47.344105208671053, 416.356 ], [ 7.04988402149041, 47.34771000374532, 416.776 ], [ 7.049393540274314, 47.361850144975158, 716.701 ], [ 7.015568860969246, 47.372918992549721, 827.711 ], [ 6.97458858131939, 47.360144583663832, 831.863 ], [ 6.902770679966624, 47.359565727601471, 716.637 ], [ 6.87929302337217, 47.352576091092018, 712.283 ], [ 6.883599354024835, 47.372865523465705, 607.596 ], [ 6.913506854793393, 47.388087040615773, 584.251 ], [ 6.913251475964764, 47.404576508991191, 549.063 ], [ 6.938434146234765, 47.406081333520731, 578.82 ], [ 6.940303425669362, 47.433322763579085, 606.092 ], [ 6.963711425620009, 47.435794087673329, 579.161 ], [ 6.970286394188246, 47.447110454168758, 608.61 ], [ 7.002182006904626, 47.454163655376341, 529.197 ], [ 6.982640101671937, 47.493656091470697, 397.413 ], [ 7.003737629080795, 47.500746571825665, 383.31 ], [ 7.0249341457846, 47.504293358681906, 420.541 ], [ 7.074852183480759, 47.488189053650551, 449.462 ], [ 7.128002351102738, 47.503879153666041, 493.488 ], [ 7.16227947139194, 47.490004195828973, 475.916 ], [ 7.200968591330202, 47.494276275387108, 410.458 ], [ 7.177496168937273, 47.468054262413986, 439.913 ], [ 7.170203531558304, 47.442982828796673, 521.284 ], [ 7.195796345802143, 47.43542389175181, 568.854 ], [ 7.233445683978694, 47.438624490779873, 724.553 ], [ 7.246551430229808, 47.4203409636186, 597.171 ], [ 7.281907066421947, 47.434812357566017, 541.069 ], [ 7.327253113996983, 47.440049410906809, 499.292 ], [ 7.326209578735958, 47.432056305792784, 522.835 ], [ 7.357302106669342, 47.415009772495409, 852.925 ], [ 7.38406042154415, 47.412364516763382, 716.079 ], [ 7.398940817633452, 47.396843182200094, 386.244 ], [ 7.414507425413099, 47.394298664390867, 382.837 ], [ 7.411667577340488, 47.380590059342296, 807.471 ], [ 7.437329610214597, 47.380892549238816, 785.371 ], [ 7.463280567376894, 47.370304089901431, 879.182 ], [ 7.523729737094685, 47.372074097184338, 859.295 ], [ 7.5217520498938, 47.365152018741952, 848.526 ], [ 7.539654418342894, 47.360116911442105, 877.204 ], [ 7.538904769926718, 47.347629479746928, 1039.821999999999889 ], [ 7.552206431496927, 47.345312781753961, 1072.869999999999891 ] ] ] } },
{ "type": "Feature", "properties": { "uuid": "{0B2364ED-49E0-4D53-A33C-C684DD530B57}", "datum_aenderung": "2025-11-19T00:00:00", "datum_erstellung": "2012-10-26T00:00:00", "erstellung_jahr": 2012, "erstellung_monat": 10, "grund_aenderung": "Verbessert", "herkunft": "swisstopo", "herkunft_jahr": 2026, "herkunft_monat": 1, "revision_jahr": 2026, "revision_monat": 1, "revision_qualitaet": "TGMG_2026_Akt", "objektart": "Kanton", "kantonsnummer": 18, "see_flaeche": 0.0, "kantonsflaeche": 710530.0, "name": "Graubünden", "icc": "CH", "einwohnerzahl": 206138 }, "geometry": { "type": "Polygon", "coordinates": [ [ [ 8.678749150687693, 46.579190569563657, 2769.378000000000156 ], [ 8.678749084333417, 46.615992028630487, 2519.054999999999836 ], [ 8.651067765132737, 46.634584889779418, 2829.264999999999873 ], [ 8.654883534564087, 46.649968475698401, 2564.697000000000116 ], [ 8.678612908498842, 46.664261954771852, 2174.920999999999822 ], [ 8.67436236237268, 46.692140709753673, 2824.4699999999998 ], [ 8.743031950818933, 46.715515604145907, 2645.161 ], [ 8.747644734399957, 46.735907190711977, 3014.503000000000156 ], [ 8.765156266490395, 46.74446687415228, 3138.954000000000178 ], [ 8.781989776235934, 46.728308822088579, 3027.784999999999854 ], [ 8.812984858402821, 46.7373111693745, 2963.944 ], [ 8.8185524883759, 46.762480654196068, 2959.773000000000138 ], [ 8.834576909344447, 46.766852420234549, 2823.518999999999778 ], [ 8.827685441496779, 46.791637531379635, 3256.148999999999887 ], [ 8.848216621326007, 46.793440257540475, 3197.610000000000127 ], [ 8.877053718123001, 46.812914093981249, 3063.565999999999804 ], [ 8.914865795403973, 46.811149465160817, 3605.079000000000178 ], [ 8.914066748130935, 46.800608110216388, 3410.172999999999774 ], [ 8.928285429470442, 46.796467588671277, 3353.462 ], [ 9.009020409907006, 46.811178180846525, 2639.723 ], [ 9.045967367304499, 46.850206110392975, 3075.755999999999858 ], [ 9.045366045614694, 46.865262076514398, 3101.166000000000167 ], [ 9.061148270803564, 46.873816763096784, 2990.753000000000156 ], [ 9.094941704896904, 46.870868735295502, 2786.434000000000196 ], [ 9.112313922486621, 46.850560321897362, 2615.085 ], [ 9.14055655849009, 46.861837516777044, 2829.726999999999862 ], [ 9.156807377654312, 46.873930206265371, 3026.818000000000211 ], [ 9.153012624557817, 46.879831903245126, 3015.648000000000138 ], [ 9.199921463742536, 46.880646815655076, 2818.353999999999814 ], [ 9.248898469531687, 46.916268593446546, 3002.128000000000156 ], [ 9.267239305572092, 46.90314502632426, 2997.335 ], [ 9.293309921080011, 46.907083453377055, 2686.947000000000116 ], [ 9.381704488639977, 46.897630669965992, 2824.996999999999844 ], [ 9.452550132476876, 46.874614339577825, 2459.755999999999858 ], [ 9.454264592236804, 46.88605256669571, 2606.771000000000186 ], [ 9.467776161425361, 46.887266806671406, 2411.061000000000149 ], [ 9.467258722518125, 46.899885406559044, 2805.737999999999829 ], [ 9.488002473049344, 46.912290467838837, 2270.446 ], [ 9.477794283263155, 46.920564235230231, 1715.878 ], [ 9.486533103517266, 46.935522129517992, 1717.622 ], [ 9.504606721665041, 46.953667162783987, 1813.959 ], [ 9.51848534840807, 46.955860388359397, 1355.129 ], [ 9.520280056965452, 46.971411643931191, 1472.417 ], [ 9.545582685978909, 46.9765673710382, 508.03 ], [ 9.51117050338712, 47.008497673762598, 495.893 ], [ 9.477254312699072, 47.049052984237498, 481.613 ], [ 9.478804531410562, 47.055653495946956, 485.742 ], [ 9.485756976450263, 47.04909005566914, 618.967 ], [ 9.49131660726642, 47.056249923641154, 539.041 ], [ 9.539761662007937, 47.065146586236942, 1897.673 ], [ 9.558949617816557, 47.048427369823905, 2419.098 ], [ 9.603479665429184, 47.061772645328269, 2523.090000000000146 ], [ 9.632680414577688, 47.051250965652258, 2381.701 ], [ 9.645065717610876, 47.05977381102521, 2536.693000000000211 ], [ 9.681848061018478, 47.062096606182138, 2795.271000000000186 ], [ 9.718220259336407, 47.043373663246726, 2553.402 ], [ 9.78492464158851, 47.038485406660101, 2159.273999999999887 ], [ 9.836127997162928, 47.012531384918546, 2800.908 ], [ 9.85975456728937, 47.02321045039151, 2436.908 ], [ 9.876256492978813, 47.021227372756549, 2231.436000000000149 ], [ 9.880359722260371, 47.01722443076104, 2240.101999999999862 ], [ 9.87070532338071, 47.009652051856847, 2628.27599999999984 ], [ 9.888786642193551, 47.00072726854922, 2563.681 ], [ 9.892313278390601, 46.990359540755783, 2420.842 ], [ 9.870741323057343, 46.963209811666601, 2481.964 ], [ 9.87872996807585, 46.957066887748468, 2552.384 ], [ 9.876138121852792, 46.934628101759365, 2732.009 ], [ 9.937237055654284, 46.913310738979938, 2492.893999999999778 ], [ 9.977877831501941, 46.915882878691974, 2682.498999999999796 ], [ 9.990121964111532, 46.902408251305395, 2803.431 ], [ 10.017830683106075, 46.901615464546722, 2832.940999999999804 ], [ 10.051944023843349, 46.87674324787853, 2880.741 ], [ 10.051209119105582, 46.863941650367678, 2770.389000000000124 ], [ 10.087439429556873, 46.861193667579151, 3186.6550000000002 ], [ 10.105448961982805, 46.840855030140304, 3110.616 ], [ 10.169073788030104, 46.85065898799656, 2962.079000000000178 ], [ 10.193670367898619, 46.866441937707485, 3161.369999999999891 ], [ 10.232677400007779, 46.866292109750162, 3047.311000000000149 ], [ 10.23484252235354, 46.884681523678999, 3079.422999999999774 ], [ 10.225729412684949, 46.895939365069573, 3334.268999999999778 ], [ 10.242024373776452, 46.91882826014627, 2754.371 ], [ 10.240596314602058, 46.931370081474867, 3001.148000000000138 ], [ 10.296878746359999, 46.919950769473274, 2897.398000000000138 ], [ 10.316062886959726, 46.925177904576927, 3097.295999999999822 ], [ 10.306126569746658, 46.94030031289504, 2614.455 ], [ 10.309362005215137, 46.950199425995912, 2863.699 ], [ 10.327827172505554, 46.953974116849537, 2743.878000000000156 ], [ 10.346517569579143, 46.989586792697239, 3020.955 ], [ 10.372052493451884, 46.99066883760927, 2742.195000000000164 ], [ 10.384625936895741, 46.999971172692128, 2782.855 ], [ 10.42658543697025, 46.975681512501026, 1716.477 ], [ 10.426385001319668, 46.957319877600519, 1480.307 ], [ 10.489348718008136, 46.93778554101263, 988.381 ], [ 10.486217402111965, 46.915456224472187, 1006.424 ], [ 10.464696411390783, 46.884275225132122, 1028.946 ], [ 10.471825379393533, 46.848702274302262, 2781.571 ], [ 10.456603655500372, 46.830190547158217, 2802.607 ], [ 10.457690132355602, 46.816049083161985, 2679.958 ], [ 10.447559855085204, 46.800773310270806, 2688.068000000000211 ], [ 10.422719653274694, 46.788242986865328, 2852.065999999999804 ], [ 10.440483651833008, 46.774010891642156, 2726.475 ], [ 10.442682881893123, 46.753875327531944, 2817.976000000000113 ], [ 10.40081540520611, 46.733845328078971, 3003.231000000000222 ], [ 10.418771383229558, 46.719136205502906, 2953.829000000000178 ], [ 10.416039999209795, 46.709020884729746, 3162.027 ], [ 10.381822249617834, 46.684306545905038, 2675.47400000000016 ], [ 10.402288239938608, 46.636812106301065, 2843.708 ], [ 10.446075645997906, 46.641271419400937, 1373.004 ], [ 10.492064009796872, 46.615386738909088, 2763.023000000000138 ], [ 10.471465752962052, 46.542697332904119, 2905.757999999999811 ], [ 10.459112244946407, 46.541318967848738, 3008.835999999999785 ], [ 10.452801044769693, 46.530682960841602, 2843.806 ], [ 10.418238912433752, 46.551311867710453, 2978.516 ], [ 10.39704076291196, 46.543917739856411, 2938.731000000000222 ], [ 10.351868257129469, 46.555879317694682, 2896.003000000000156 ], [ 10.338190690769059, 46.542726259145276, 3125.085999999999785 ], [ 10.325468898802734, 46.55173286819894, 2927.016 ], [ 10.296071794406201, 46.549974131602596, 3043.356000000000222 ], [ 10.287419739327705, 46.570396823972629, 3180.132999999999811 ], [ 10.26933660339839, 46.57769384608784, 2935.154 ], [ 10.246072806235931, 46.575007357236444, 1935.249 ], [ 10.24184031378172, 46.591600054561439, 2663.254 ], [ 10.259085208439799, 46.610216330221974, 2371.757999999999811 ], [ 10.239309658658126, 46.635353646317775, 2217.119999999999891 ], [ 10.215319878400255, 46.616939800293359, 1801.6 ], [ 10.192765485982362, 46.625934042609558, 1745.553000000000111 ], [ 10.127624248317471, 46.605103486892403, 2871.688999999999851 ], [ 10.102354187807379, 46.610736863941639, 3043.452000000000226 ], [ 10.100676379384568, 46.582722517064973, 2907.634 ], [ 10.078673834178355, 46.575123209033151, 3071.534000000000106 ], [ 10.082335039227827, 46.563493061803271, 2872.864999999999782 ], [ 10.043892583269191, 46.540466938286642, 2826.965999999999894 ], [ 10.053992377042736, 46.522665973291495, 2955.375 ], [ 10.042269481271784, 46.510045881663977, 3102.333 ], [ 10.049090721106568, 46.49959663704643, 2982.491 ], [ 10.042827707489742, 46.480031733334144, 2973.467 ], [ 10.054464887623753, 46.464660841427055, 2651.712 ], [ 10.041908975545041, 46.442865383232672, 2935.431999999999789 ], [ 10.056278705332225, 46.440868683579083, 2315.132999999999811 ], [ 10.061496862971463, 46.427434145353367, 2597.648000000000138 ], [ 10.077154400441344, 46.428190430061093, 3017.451 ], [ 10.08017461791723, 46.421085688809491, 2977.601999999999862 ], [ 10.143010505282659, 46.428324405686737, 2904.085999999999785 ], [ 10.147669802713118, 46.414224213219029, 2488.887000000000171 ], [ 10.161134472287912, 46.415387850186249, 2472.800000000000182 ], [ 10.166727208042824, 46.40759401769256, 3056.518 ], [ 10.162024845062803, 46.387514863073044, 3216.393 ], [ 10.127659645696282, 46.377744572524684, 2965.545 ], [ 10.129120453384616, 46.360882932720529, 2895.327000000000226 ], [ 10.108446534970728, 46.352327398489798, 3010.045999999999822 ], [ 10.105960159434572, 46.342177276898411, 2852.208 ], [ 10.116609364680002, 46.314082219158458, 2788.327000000000226 ], [ 10.154282653223515, 46.292784856277798, 2823.77 ], [ 10.176524399789669, 46.258276598512929, 2647.629 ], [ 10.132324096815802, 46.224877118117448, 1468.325 ], [ 10.094684294380622, 46.228585756290414, 2270.589 ], [ 10.070369727713883, 46.217166689237779, 2426.402 ], [ 10.043809147160067, 46.229717549336392, 2896.52599999999984 ], [ 10.060650512806596, 46.248262142262298, 2794.511 ], [ 10.055535555905875, 46.265835558810501, 2744.916000000000167 ], [ 9.995931009529611, 46.28492528316805, 2866.167 ], [ 9.991738062398928, 46.296256940028933, 2525.783 ], [ 10.000760495938909, 46.301558024992488, 2518.665 ], [ 10.000067087495205, 46.313189144890018, 2808.027 ], [ 9.979945382507857, 46.323128775599486, 2805.864999999999782 ], [ 9.996382533746116, 46.351142727973489, 3374.159999999999854 ], [ 9.964520026094918, 46.363765346261552, 3399.226999999999862 ], [ 9.957957993799013, 46.37894061908294, 3874.987999999999829 ], [ 9.92518086111977, 46.365984897076636, 3943.083 ], [ 9.90679887986296, 46.380879155914521, 3951.873999999999796 ], [ 9.868205888661139, 46.362361368879256, 3500.175000000000182 ], [ 9.832665901301645, 46.360973410292267, 3368.938999999999851 ], [ 9.776872636852426, 46.334825287248677, 3242.337 ], [ 9.736935273250964, 46.350918282548861, 2718.744000000000142 ], [ 9.722960648764772, 46.340751296677183, 3165.292 ], [ 9.727524204582265, 46.332686679249043, 2941.348 ], [ 9.717357747622119, 46.323516974828692, 3067.357 ], [ 9.726003525561904, 46.313508442509601, 2992.237999999999829 ], [ 9.709753786357513, 46.291909403121309, 3265.226999999999862 ], [ 9.687386519997689, 46.293926594746132, 3348.02599999999984 ], [ 9.676970406659077, 46.303125798362785, 3371.309000000000196 ], [ 9.634983618181133, 46.28611963127593, 3143.382999999999811 ], [ 9.578178109187554, 46.295445322551942, 2996.656 ], [ 9.560158148065609, 46.306164522958674, 2774.635000000000218 ], [ 9.549575574372307, 46.302338078908996, 2490.610000000000127 ], [ 9.518489787153248, 46.327097043308711, 852.053 ], [ 9.496415387266504, 46.364323275190017, 2686.34900000000016 ], [ 9.461087629473095, 46.37598943520014, 3071.096 ], [ 9.469006161829297, 46.388632809872036, 2982.819 ], [ 9.454435551993551, 46.420780340203969, 2860.106000000000222 ], [ 9.465589775965189, 46.469500744900877, 2421.237999999999829 ], [ 9.462872948339642, 46.480496624672931, 2195.25 ], [ 9.44909599827494, 46.484376892918185, 1952.846 ], [ 9.461036374015292, 46.484844610758735, 2194.188000000000102 ], [ 9.464338705993073, 46.508016921200344, 1563.311 ], [ 9.434191087169841, 46.497908528278195, 2836.637000000000171 ], [ 9.42411579078308, 46.476127215195049, 3088.322000000000116 ], [ 9.409304855380068, 46.466835335130845, 3211.797999999999774 ], [ 9.376364329561659, 46.484661805587493, 2721.340999999999894 ], [ 9.368488366544552, 46.494094458247943, 2686.552999999999884 ], [ 9.373358896603232, 46.503943098189851, 2911.413 ], [ 9.362380940734681, 46.509505239218882, 3027.324 ], [ 9.282247934396182, 46.496468946267605, 3274.696 ], [ 9.274214300416109, 46.483691486464423, 2947.96 ], [ 9.278185248852724, 46.46170043312091, 3040.676 ], [ 9.247002607148852, 46.446794656604737, 2943.304 ], [ 9.249494928150465, 46.431267076700983, 2536.552999999999884 ], [ 9.281238568841815, 46.411942092488324, 2611.023999999999887 ], [ 9.275835586580632, 46.394893796010649, 2865.916000000000167 ], [ 9.284372467677354, 46.385085321172475, 2983.304 ], [ 9.276072434374987, 46.367768374422802, 2967.541000000000167 ], [ 9.296293867712288, 46.355584812641318, 2715.260000000000218 ], [ 9.299867551785944, 46.343602749319039, 2657.884 ], [ 9.292116775982844, 46.336199971339063, 2572.732 ], [ 9.299315777611652, 46.327247849610636, 2586.65099999999984 ], [ 9.28157034648784, 46.309356809383679, 2584.867000000000189 ], [ 9.284883125237684, 46.297047450116587, 2457.773999999999887 ], [ 9.250471868491003, 46.266510648851977, 2575.373999999999796 ], [ 9.248424454566825, 46.233768846836782, 2393.511 ], [ 9.220965070904494, 46.22910413642871, 2545.909999999999854 ], [ 9.218897037312445, 46.214431639505605, 2408.300000000000182 ], [ 9.202201061443143, 46.208409083300658, 2382.070000000000164 ], [ 9.194647339737607, 46.179200517165512, 2192.023000000000138 ], [ 9.183671910209583, 46.170367669294869, 2105.205 ], [ 9.153401960936014, 46.170176654415528, 2120.859 ], [ 9.119005420724719, 46.200380926094176, 1832.725 ], [ 9.086889981463807, 46.214284434627743, 1384.394 ], [ 9.079611082745021, 46.233276882695101, 267.122 ], [ 9.071145810381605, 46.23574603451965, 354.012 ], [ 9.077767968865636, 46.260296270989876, 2021.321 ], [ 9.053923085977067, 46.292203647945314, 2564.331000000000131 ], [ 9.074695411561372, 46.312832124035268, 2688.458 ], [ 9.064332863212279, 46.325370166920294, 2669.360999999999876 ], [ 9.066446368409222, 46.336361162241374, 2705.3449999999998 ], [ 9.092594073288671, 46.357401991862076, 2388.491 ], [ 9.095633541317758, 46.373004389056653, 2249.768999999999778 ], [ 9.087261129545164, 46.388829224094266, 2911.634 ], [ 9.09622196693374, 46.399870561710017, 2914.762000000000171 ], [ 9.08995116923316, 46.405422995012252, 2633.577000000000226 ], [ 9.103090542269264, 46.412704822636172, 2779.574 ], [ 9.089018388213461, 46.432150537714605, 3062.83 ], [ 9.095083798307266, 46.460385371761433, 2984.476000000000113 ], [ 9.085433880134932, 46.475396774389566, 3061.994999999999891 ], [ 9.04646016686057, 46.480674301284857, 3051.174 ], [ 9.022095599522624, 46.512264216031134, 3047.826 ], [ 9.019256386322972, 46.547541252893645, 2766.329000000000178 ], [ 9.043891163830176, 46.583375323055094, 2988.402 ], [ 9.034099690250832, 46.600024743355291, 3149.473 ], [ 8.99535473329821, 46.611730746302456, 2271.077000000000226 ], [ 8.962208709701946, 46.602640976658265, 2730.97400000000016 ], [ 8.963003397926197, 46.618144222548295, 2604.635000000000218 ], [ 8.952788150103242, 46.632484555339616, 3096.556999999999789 ], [ 8.941459745429652, 46.618493781789795, 2750.864 ], [ 8.923022335884248, 46.623037843453041, 2990.038 ], [ 8.907296472576943, 46.61570914207752, 3159.783 ], [ 8.917087011065037, 46.596603044611683, 2649.415 ], [ 8.911245720643354, 46.588708575235593, 2819.431999999999789 ], [ 8.843234380477224, 46.563356417260472, 2828.931999999999789 ], [ 8.831749127151017, 46.563927404110046, 3035.110999999999876 ], [ 8.829675706847558, 46.571367797327788, 3187.130000000000109 ], [ 8.800741120477969, 46.563280028041923, 1917.076 ], [ 8.750745457326124, 46.576216631718609, 3015.659000000000106 ], [ 8.717333923256463, 46.571086591547015, 2829.360000000000127 ], [ 8.698399421206156, 46.581055406667829, 2917.239999999999782 ], [ 8.678749150687693, 46.579190569563657, 2769.378000000000156 ] ] ] } },
{ "type": "Feature", "properties": { "uuid": "{921DFEF2-6D91-4CB8-9CFC-2A831C412020}", "datum_aenderung": "2025-11-19T00:00:00", "datum_erstellung": "2012-10-26T00:00:00", "erstellung_jahr": 2012, "erstellung_monat": 10, "grund_aenderung": "Verbessert", "herkunft": "swisstopo", "herkunft_jahr": 2026, "herkunft_monat": 1, "revision_jahr": 2026, "revision_monat": 1, "revision_qualitaet": "TGMG_2026_Akt", "objektart": "Kanton", "kantonsnummer": 22, "see_flaeche": 38937.0, "kantonsflaeche": 321202.0, "name": "Vaud", "icc": "CH", "einwohnerzahl": 855106 }, "geometry": { "type": "MultiPolygon", "coordinates": [ [ [ [ 6.779825783191221, 46.85296088608456, 429.25 ], [ 6.74186912977201, 46.827875693881893, 429.25 ], [ 6.787278530795716, 46.799603995663844, 653.814 ], [ 6.775983581390249, 46.789751797217228, 687.857 ], [ 6.783011814099516, 46.793385915895598, 682.039 ], [ 6.825395681797877, 46.772838675890988, 651.646 ], [ 6.85909218816629, 46.788003153474463, 695.56 ], [ 6.879547667269559, 46.775300248800121, 512.061 ], [ 6.910993814073899, 46.77970973708004, 455.447 ], [ 6.931123680697215, 46.80371221897223, 447.572 ], [ 6.919997710149898, 46.81056981970206, 454.975 ], [ 6.904885997622954, 46.805610122626653, 474.732 ], [ 6.910850709827566, 46.812529838553687, 477.04 ], [ 6.907399376784169, 46.834194578057449, 444.557 ], [ 6.930624913082317, 46.853242541421402, 442.962 ], [ 6.912870613576538, 46.865935617916321, 495.835 ], [ 6.894350496975781, 46.86216893391191, 498.458 ], [ 6.921005659202224, 46.871330981358305, 483.736 ], [ 6.865690140811739, 46.909575151762688, 429.25 ], [ 6.896230270678378, 46.925486179846949, 429.25 ], [ 6.930320462416603, 46.899526866156222, 436.238 ], [ 6.924438317791027, 46.893420280761909, 446.701 ], [ 6.938365656033199, 46.889968245365296, 484.996 ], [ 6.96488349729591, 46.865391809317281, 439.979 ], [ 6.961752642128345, 46.88397681057225, 465.856 ], [ 6.973753910306813, 46.887315861025577, 478.346 ], [ 6.988895371726261, 46.873460030551804, 437.372 ], [ 6.97694422833625, 46.860527354465518, 438.298 ], [ 6.992808260194891, 46.832481347017172, 522.619 ], [ 6.989695222363602, 46.826405686240683, 492.391 ], [ 6.98344180264815, 46.821972988642493, 480.196 ], [ 6.971013344377656, 46.824054817832312, 463.335 ], [ 6.965144689533681, 46.82824081378341, 454.313 ], [ 6.956508549158743, 46.814935829135038, 468.64 ], [ 6.966662745259944, 46.802703780253125, 631.461 ], [ 6.957089606843525, 46.787593376505882, 590.091 ], [ 6.908282642545375, 46.757468341031341, 588.137 ], [ 6.937963161800186, 46.74947223942489, 717.098 ], [ 6.936334282487342, 46.733949254485715, 763.068 ], [ 6.901029979924049, 46.711409723474866, 802.421 ], [ 6.889594091115567, 46.693884341007028, 798.676 ], [ 6.862687522763737, 46.680948812904994, 718.305 ], [ 6.871708470869593, 46.673253174129222, 814.038 ], [ 6.865871006218652, 46.658942044274184, 828.077 ], [ 6.833384631651754, 46.662230783424292, 770.64 ], [ 6.818504227658902, 46.64780217121816, 690.038 ], [ 6.798550223087287, 46.648608427247886, 551.818 ], [ 6.803890632542549, 46.60903380221469, 743.652 ], [ 6.794902137444683, 46.575318611306692, 698.594 ], [ 6.813219685216909, 46.578229741434633, 593.846 ], [ 6.814102497934329, 46.585668891416454, 588.827 ], [ 6.834845758749137, 46.575337214767629, 658.65 ], [ 6.84643902817715, 46.583947186778239, 711.754 ], [ 6.85995902958465, 46.579868421122868, 830.325 ], [ 6.884499685902917, 46.561953437164227, 849.99 ], [ 6.901645891003791, 46.569726690256068, 839.841 ], [ 6.902045569539498, 46.561164619357989, 804.825 ], [ 6.888218560948347, 46.558148805662341, 796.16 ], [ 6.861077638639661, 46.530684533136743, 700.958 ], [ 6.855000362023194, 46.541439088599738, 676.217 ], [ 6.830278031608875, 46.537458011347589, 638.239 ], [ 6.825498645770807, 46.543567124585969, 630.484 ], [ 6.818272634170661, 46.536497757602923, 634.96 ], [ 6.810873884615511, 46.525129963156026, 650.136 ], [ 6.841728992171378, 46.496752967006913, 759.305 ], [ 6.862760236331125, 46.493847500029652, 811.997 ], [ 6.896700462608898, 46.520448178338818, 805.943 ], [ 6.895714798258565, 46.507750017334388, 639.85 ], [ 6.911384404969406, 46.513248895523823, 750.551 ], [ 6.934609281148085, 46.501396307747186, 980.245 ], [ 6.954196196054888, 46.501910241763596, 1127.79 ], [ 6.981319373112333, 46.475390080984297, 1790.242 ], [ 6.979057361617105, 46.461068306620824, 1763.574 ], [ 6.992110177560721, 46.448913070376996, 1711.46 ], [ 6.983606412281986, 46.438732212723671, 1835.688000000000102 ], [ 6.988790619485288, 46.438078298470245, 1867.758 ], [ 7.017853910833022, 46.447068573855553, 1031.656 ], [ 7.021975163367964, 46.461116963412834, 1633.401 ], [ 7.061084546068098, 46.487275197340466, 1424.484 ], [ 7.100362550759843, 46.486989283298449, 2070.242000000000189 ], [ 7.122785509564697, 46.498699335522019, 2139.154 ], [ 7.148349549513205, 46.528464904151861, 2389.038 ], [ 7.16342991459174, 46.528535856114836, 2240.367000000000189 ], [ 7.192173062758103, 46.546558560934464, 1435.715 ], [ 7.207648914560299, 46.532907136284905, 1810.383 ], [ 7.237075373698874, 46.55379459204481, 2235.264999999999873 ], [ 7.249185075593422, 46.521127573982909, 1223.444 ], [ 7.245259402517317, 46.502184040837072, 1091.195 ], [ 7.232586735645558, 46.494781386087027, 1023.577 ], [ 7.236189559505881, 46.488028325323263, 1029.625 ], [ 7.224142301781304, 46.486886824647662, 980.501 ], [ 7.232328552400151, 46.453938867991269, 1439.34 ], [ 7.222569725182106, 46.442010392960526, 1899.51 ], [ 7.192541824652298, 46.435223555807191, 2070.208 ], [ 7.209867067457887, 46.416279490393009, 2346.204000000000178 ], [ 7.193717611736826, 46.378927947308398, 2194.016 ], [ 7.208317583360283, 46.378674435606506, 1667.556 ], [ 7.216299805369061, 46.361770513998003, 1651.958 ], [ 7.230062399392002, 46.361942596333925, 1375.212 ], [ 7.218850132390231, 46.357542427246692, 1479.508 ], [ 7.221488619696642, 46.329246364392382, 3122.839 ], [ 7.189058186201943, 46.303897140449649, 3210.626000000000204 ], [ 7.196948409607915, 46.289130053857065, 2030.864 ], [ 7.186307707250054, 46.282843625971765, 1970.7650000000001 ], [ 7.188418904512426, 46.270667739194309, 2547.826 ], [ 7.140960930721801, 46.237905074229126, 2853.496999999999844 ], [ 7.124172073996863, 46.235932313156709, 2963.143 ], [ 7.122519409101906, 46.223475857266166, 2810.867000000000189 ], [ 7.106282688929884, 46.211020370216204, 2803.955 ], [ 7.033181164464201, 46.187071869693291, 436.973 ], [ 7.011790652346221, 46.205594159402899, 407.524 ], [ 7.002059043954178, 46.232958407084411, 397.083 ], [ 6.96557875325978, 46.268239583156841, 388.829 ], [ 6.959943108105376, 46.28399537727195, 387.009 ], [ 6.937024125083659, 46.297580488930549, 383.693 ], [ 6.930067666386733, 46.330021342397934, 379.712 ], [ 6.918359230092595, 46.339268573632559, 377.813 ], [ 6.894499478452388, 46.341598212598399, 375.255 ], [ 6.881822352562096, 46.354490444174075, 373.796 ], [ 6.884775017688331, 46.376068297230553, 372.09 ], [ 6.823159238547893, 46.425943408109241, 372.13 ], [ 6.68187083651851, 46.454333316011592, 372.13 ], [ 6.5191176765336, 46.456368046804187, 372.13 ], [ 6.425632343678872, 46.415806964415218, 372.13 ], [ 6.335202328291942, 46.403716320128098, 372.13 ], [ 6.252969987543218, 46.360420851507222, 372.13 ], [ 6.241432138979665, 46.343667939238749, 372.13 ], [ 6.18024836765802, 46.364578549997468, 471.851 ], [ 6.172640850377399, 46.354852709513715, 463.303 ], [ 6.232321812065893, 46.330435296258322, 372.13 ], [ 6.198742733885511, 46.28442905481576, 372.13 ], [ 6.125938865161864, 46.316181408443271, 467.977 ], [ 6.137920950254485, 46.33873046055016, 463.852 ], [ 6.15769845819327, 46.349907602837447, 465.055 ], [ 6.169741187827709, 46.367825132633811, 467.759 ], [ 6.159328353450678, 46.379667608628139, 482.809 ], [ 6.149672561666558, 46.377524150059998, 551.624 ], [ 6.097630647661656, 46.409037479043143, 1351.3 ], [ 6.063857215983865, 46.416390023183446, 1269.283 ], [ 6.086406276102358, 46.443882318890921, 1238.976000000000113 ], [ 6.072793436021568, 46.465443954599074, 1150.84 ], [ 6.096901307489338, 46.481299530659577, 1222.283 ], [ 6.112604169005138, 46.509564807142169, 1120.092 ], [ 6.137957628214022, 46.530994478900126, 1097.439 ], [ 6.143684809609488, 46.527737369489991, 1283.479 ], [ 6.156661694649297, 46.545297981837173, 1112.346 ], [ 6.110472518725078, 46.576438972379627, 1313.76 ], [ 6.126520001134509, 46.589920055055849, 1338.426 ], [ 6.178967340708229, 46.615752710368717, 1383.906 ], [ 6.281993273035118, 46.69067386202375, 1150.089 ], [ 6.352143345264239, 46.714857935457481, 1348.398999999999887 ], [ 6.371698313494349, 46.724120914849422, 1157.374 ], [ 6.367832085950543, 46.729202116784052, 1072.095 ], [ 6.384926686974397, 46.731388006630027, 814.446 ], [ 6.395198768640315, 46.748470360112513, 1165.234 ], [ 6.438192063803906, 46.76177645715989, 1369.356 ], [ 6.458414764269294, 46.788777206380871, 1282.801 ], [ 6.434788987481453, 46.801485150710221, 1135.554 ], [ 6.431040597021484, 46.812357895777311, 1148.289 ], [ 6.440835397446797, 46.815820544831887, 1091.488 ], [ 6.443159711784137, 46.832713098127876, 1138.659000000000106 ], [ 6.460032261557643, 46.85130358559941, 1084.35 ], [ 6.482107067792006, 46.846593170336156, 1203.369 ], [ 6.587630477366845, 46.884308145856487, 1246.605 ], [ 6.627105499167043, 46.888706165690742, 1268.577 ], [ 6.647224514075081, 46.91070174048717, 1099.363 ], [ 6.720827567293763, 46.936090075725993, 1412.931 ], [ 6.716701252286843, 46.906076936302988, 1328.259 ], [ 6.74010993587398, 46.894814427886686, 694.893 ], [ 6.732508268892453, 46.868308847147453, 613.727 ], [ 6.75525943426474, 46.870459131134403, 430.05 ], [ 6.779825783191221, 46.85296088608456, 429.25 ] ], [ [ 6.970960099277673, 46.827383830680198, 476.648 ], [ 6.971211761916465, 46.82603468920216, 466.645 ], [ 6.971997607598249, 46.826582928848836, 468.309 ], [ 6.970960099277673, 46.827383830680198, 476.648 ] ], [ [ 6.166785581046581, 46.343087573691108, 472.609 ], [ 6.17130333993183, 46.340565819741144, 455.204 ], [ 6.184428047080724, 46.345845753612707, 441.454 ], [ 6.175563953847909, 46.351326352747186, 461.711 ], [ 6.166785581046581, 46.343087573691108, 472.609 ] ], [ [ 6.77301044247313, 46.751366036568626, 680.292 ], [ 6.748699703191193, 46.731804915826849, 757.509 ], [ 6.76240814823892, 46.717374201356705, 802.26 ], [ 6.784446588133509, 46.735426233639934, 750.051 ], [ 6.786263270996304, 46.747610657149266, 668.596 ], [ 6.77301044247313, 46.751366036568626, 680.292 ] ], [ [ 6.806212409376172, 46.726935549945587, 734.209 ], [ 6.828389957708715, 46.735503351983724, 677.798 ], [ 6.864526590059455, 46.72520684335602, 485.742 ], [ 6.882090156173891, 46.749805323139974, 466.072 ], [ 6.84762473522484, 46.774935600916557, 675.945 ], [ 6.816338453154705, 46.738326870232072, 607.648 ], [ 6.787910512475655, 46.729362853537538, 763.476 ], [ 6.806212409376172, 46.726935549945587, 734.209 ] ] ], [ [ [ 7.002427430299338, 46.986909146222239, 429.25 ], [ 7.063044429461936, 46.971108732904661, 429.143 ], [ 7.057879491941577, 46.938610171622535, 438.988 ], [ 7.093409282828645, 46.905791216207703, 456.334 ], [ 7.064256944724711, 46.8871011898731, 508.259 ], [ 7.061673220932925, 46.879620834732329, 514.268 ], [ 7.070327130137168, 46.871742097984907, 478.56 ], [ 7.037453040771881, 46.845535909646628, 612.936 ], [ 7.029119287785528, 46.850868156170073, 573.738 ], [ 7.039665373316793, 46.860605004403482, 588.41 ], [ 7.029894145089131, 46.866173434582947, 472.785 ], [ 7.035686240444747, 46.87333865512624, 451.91 ], [ 7.016195377206432, 46.880777556508313, 433.473 ], [ 6.999333124025354, 46.874329727390396, 436.159 ], [ 6.993799331069059, 46.878966674179196, 436.68 ], [ 7.009505094769329, 46.88903863397681, 435.356 ], [ 6.981165172928542, 46.909421085622874, 502.644 ], [ 6.986651969855377, 46.919618925848219, 513.048 ], [ 6.964900904915974, 46.924389232265469, 433.947 ], [ 6.928196307678074, 46.953397918309179, 429.258 ], [ 7.002427430299338, 46.986909146222239, 429.25 ] ] ] ] } },
{ "type": "Feature", "properties": { "uuid": "{A7C284E4-45C4-44E2-ABAF-D1A0EAB10397}", "datum_aenderung": "2025-11-19T00:00:00", "datum_erstellung": "2012-10-26T00:00:00", "erstellung_jahr": 2012, "erstellung_monat": 10, "grund_aenderung": "Verbessert", "herkunft": "swisstopo", "herkunft_jahr": 2026, "herkunft_monat": 1, "revision_jahr": 2026, "revision_monat": 1, "revision_qualitaet": "TGMG_2026_Akt", "objektart": "Kanton", "kantonsnummer": 3, "see_flaeche": 6439.0, "kantonsflaeche": 149352.0, "name": "Luzern", "icc": "CH", "einwohnerzahl": 437944 }, "geometry": { "type": "Polygon", "coordinates": [ [ [ 8.046943399595854, 46.787114850566596, 2348.443000000000211 ], [ 8.020712555684277, 46.789067729988808, 2075.97400000000016 ], [ 7.975718110298316, 46.777306949702002, 1810.842 ], [ 7.928764656559019, 46.816467091189821, 1183.342 ], [ 7.877082094326796, 46.837069819231893, 965.102 ], [ 7.867616986510522, 46.850366663818704, 1323.336 ], [ 7.86949921871948, 46.864348365666395, 1271.393 ], [ 7.857267387213086, 46.871458358484425, 1309.174 ], [ 7.856617266278521, 46.88348819080953, 1287.071999999999889 ], [ 7.881800970168523, 46.899659095450723, 966.576 ], [ 7.880267201990335, 46.910800833419977, 754.959 ], [ 7.867029299317259, 46.914774338875631, 744.087 ], [ 7.872663436947877, 46.924293125176135, 790.291 ], [ 7.915264932879462, 46.934637718698674, 1183.93 ], [ 7.931657108102701, 46.950513933397325, 1225.144 ], [ 7.932244113672425, 46.961650769003654, 1163.175 ], [ 7.946123855702727, 46.96885103450677, 1237.193 ], [ 7.956210282781931, 47.003424187431598, 1346.277 ], [ 7.922873746896791, 47.010553987919394, 1235.965999999999894 ], [ 7.90183132239019, 47.006253118031665, 1360.141 ], [ 7.892373365032047, 47.030101564645413, 1153.087 ], [ 7.866448158287186, 47.049792407153127, 1061.191 ], [ 7.881648565568511, 47.088755456690038, 837.777 ], [ 7.867119436857124, 47.119505017768219, 653.488 ], [ 7.890585750645956, 47.137627346291609, 692.789 ], [ 7.8759850648698, 47.157535732608153, 598.729 ], [ 7.883287765254537, 47.173190013593114, 553.745 ], [ 7.836652404718737, 47.223806224081564, 451.159 ], [ 7.839180317907331, 47.23562843044548, 444.227 ], [ 7.910107969847417, 47.243947969758615, 524.831 ], [ 7.933490021026596, 47.235896985838259, 573.27 ], [ 7.961885847060286, 47.254060224123769, 449.526 ], [ 7.950642758056419, 47.274784391875222, 435.259 ], [ 7.995300781540275, 47.281554651429069, 602.057 ], [ 8.016819264747182, 47.259324843215666, 546.158 ], [ 8.01579923861738, 47.244134187756117, 587.499 ], [ 8.062983658449429, 47.246670157969255, 477.11 ], [ 8.056581096477991, 47.255439558081818, 473.878 ], [ 8.088361084261795, 47.262885465229296, 703.878 ], [ 8.10909429202383, 47.244548354766991, 809.261 ], [ 8.124421326530044, 47.24136957911773, 739.497 ], [ 8.174910652681438, 47.253536857881812, 525.273 ], [ 8.180756335360478, 47.247395338595432, 550.628 ], [ 8.17609523588526, 47.240536217298285, 617.725 ], [ 8.155940118205697, 47.237812025739068, 865.545 ], [ 8.184713282133455, 47.222373894343654, 624.404 ], [ 8.205061456994288, 47.225987540943066, 642.292 ], [ 8.204490695619512, 47.242634308226187, 649.725 ], [ 8.219752338351697, 47.252161338787772, 450.077 ], [ 8.228584341792986, 47.273417749786688, 450.315 ], [ 8.24239059897312, 47.272318445908745, 542.205 ], [ 8.258718720849545, 47.287193738361417, 650.929 ], [ 8.30026558437428, 47.27148333900201, 662.205 ], [ 8.296029553429218, 47.25941453709649, 786.732 ], [ 8.31172563532631, 47.245456127167621, 811.731 ], [ 8.319462487502449, 47.215618642012984, 834.592 ], [ 8.362178962359756, 47.146097955098476, 494.527 ], [ 8.376090512866364, 47.139253353214315, 526.264 ], [ 8.412215690845192, 47.140565199987073, 403.878 ], [ 8.417848365356596, 47.122388077241581, 644.984 ], [ 8.449562722815157, 47.131009840346302, 457.234 ], [ 8.454115864901818, 47.113695175259686, 424.107 ], [ 8.480381726198631, 47.126325951073746, 413.66 ], [ 8.493742676883619, 47.1137308331461, 413.65 ], [ 8.493054354782442, 47.10017966033481, 413.643 ], [ 8.473408244294999, 47.112268039400064, 501.557 ], [ 8.439975841990993, 47.110671953086516, 440.975 ], [ 8.410023370097615, 47.093499827222331, 611.065 ], [ 8.407010746060493, 47.079445302088615, 601.379 ], [ 8.388751639338908, 47.069742567991113, 595.055 ], [ 8.399241966739357, 47.059449505738137, 452.626 ], [ 8.44138734368679, 47.063087571955769, 583.895 ], [ 8.513497160676726, 47.021687916423218, 1543.654 ], [ 8.509050038288732, 47.004495210621421, 1452.039 ], [ 8.473603862994285, 46.99554761665749, 433.508 ], [ 8.469069312981789, 47.00928943352347, 433.54 ], [ 8.427985387800149, 47.01720756617955, 433.54 ], [ 8.426013356454005, 46.998141068277803, 765.542 ], [ 8.385585879462186, 46.998318669711949, 919.756 ], [ 8.383798919450715, 47.017714985135399, 433.54 ], [ 8.368514028577092, 47.019953848875232, 433.54 ], [ 8.334454719403986, 46.989009920077002, 433.54 ], [ 8.318852541104494, 46.999565735448378, 433.54 ], [ 8.265499691656917, 46.998181845046396, 1226.143 ], [ 8.243972478492932, 46.986015304943429, 1442.398999999999887 ], [ 8.228069935149072, 46.992615452288383, 1014.012 ], [ 8.218102391168081, 46.981094204892123, 1081.094 ], [ 8.22890196127476, 46.970010737012451, 2075.1550000000002 ], [ 8.187341441164993, 46.971746758691999, 1916.366 ], [ 8.15486415777052, 46.960335208385587, 1770.901 ], [ 8.151101461789819, 46.95287487192607, 1354.842 ], [ 8.164746022855477, 46.93884542385252, 1625.946999999999889 ], [ 8.13466015477062, 46.92225437706405, 1745.534000000000106 ], [ 8.112745281369993, 46.893772672309929, 1662.380000000000109 ], [ 8.108547958621221, 46.90827709574981, 1466.17 ], [ 8.094786118998931, 46.911977321246631, 1806.902 ], [ 8.06982972075258, 46.895729304270411, 2039.831 ], [ 8.067277610045926, 46.862420829529533, 1541.973 ], [ 8.042202441529293, 46.836487528876312, 1941.195 ], [ 8.064489439400269, 46.808063703977581, 1241.574 ], [ 8.046943399595854, 46.787114850566596, 2348.443000000000211 ] ] ] } },
{ "type": "Feature", "properties": { "uuid": "{95F10F52-8B2F-4D6A-AF7E-D4F915E42F89}", "datum_aenderung": "2025-11-19T00:00:00", "datum_erstellung": "2012-10-26T00:00:00", "erstellung_jahr": 2012, "erstellung_monat": 10, "grund_aenderung": "Verbessert", "herkunft": "swisstopo", "herkunft_jahr": 2026, "herkunft_monat": 1, "revision_jahr": 2026, "revision_monat": 1, "revision_qualitaet": "TGMG_2026_Akt", "objektart": "Kanton", "kantonsnummer": 21, "see_flaeche": 7122.0, "kantonsflaeche": 281215.0, "name": "Ticino", "icc": "CH", "einwohnerzahl": 358903 }, "geometry": { "type": "Polygon", "coordinates": [ [ [ 8.477640569273641, 46.527614673499706, 3024.646000000000186 ], [ 8.519474695164076, 46.538918857043939, 2962.630999999999858 ], [ 8.51357951658029, 46.559231541581049, 2764.254 ], [ 8.521185501015573, 46.577248551121421, 2589.887000000000171 ], [ 8.539208697499182, 46.58678060367091, 2659.658 ], [ 8.550922802744781, 46.580690341705115, 2200.417 ], [ 8.573703471407264, 46.583712676903424, 2613.364999999999782 ], [ 8.590539636138084, 46.573405445176846, 2779.996999999999844 ], [ 8.625347351236078, 46.576938288629954, 2875.304999999999836 ], [ 8.634657833995798, 46.564378761797236, 2776.621999999999844 ], [ 8.696924590071681, 46.58107239480745, 2889.076 ], [ 8.715376436271606, 46.57124010494492, 2759.469 ], [ 8.750745457326124, 46.576216631718609, 3015.659000000000106 ], [ 8.800741120477969, 46.563280028041923, 1917.076 ], [ 8.829675706847558, 46.571367797327788, 3187.130000000000109 ], [ 8.831749127151017, 46.563927404110046, 3035.110999999999876 ], [ 8.843234380477224, 46.563356417260472, 2828.931999999999789 ], [ 8.911245720643354, 46.588708575235593, 2819.431999999999789 ], [ 8.917087011065037, 46.596603044611683, 2649.415 ], [ 8.907296472576943, 46.61570914207752, 3159.783 ], [ 8.923022335884248, 46.623037843453041, 2990.038 ], [ 8.941459745429652, 46.618493781789795, 2750.864 ], [ 8.952788150103242, 46.632484555339616, 3096.556999999999789 ], [ 8.963003397926197, 46.618144222548295, 2604.635000000000218 ], [ 8.962208709701946, 46.602640976658265, 2730.97400000000016 ], [ 8.99535473329821, 46.611730746302456, 2271.077000000000226 ], [ 9.034099690250832, 46.600024743355291, 3149.473 ], [ 9.043891163830176, 46.583375323055094, 2988.402 ], [ 9.019256386322972, 46.547541252893645, 2766.329000000000178 ], [ 9.022095599522624, 46.512264216031134, 3047.826 ], [ 9.04646016686057, 46.480674301284857, 3051.174 ], [ 9.085433880134932, 46.475396774389566, 3061.994999999999891 ], [ 9.095083798307266, 46.460385371761433, 2984.476000000000113 ], [ 9.089018388213461, 46.432150537714605, 3062.83 ], [ 9.103090542269264, 46.412704822636172, 2779.574 ], [ 9.08995116923316, 46.405422995012252, 2633.577000000000226 ], [ 9.09622196693374, 46.399870561710017, 2914.762000000000171 ], [ 9.087261129545164, 46.388829224094266, 2911.634 ], [ 9.095633541317758, 46.373004389056653, 2249.768999999999778 ], [ 9.092594073288671, 46.357401991862076, 2388.491 ], [ 9.066446368409222, 46.336361162241374, 2705.3449999999998 ], [ 9.064332863212279, 46.325370166920294, 2669.360999999999876 ], [ 9.074695411561372, 46.312832124035268, 2688.458 ], [ 9.053923085977067, 46.292203647945314, 2564.331000000000131 ], [ 9.077767968865636, 46.260296270989876, 2021.321 ], [ 9.071145810381605, 46.23574603451965, 354.012 ], [ 9.079611082745021, 46.233276882695101, 267.122 ], [ 9.086889981463807, 46.214284434627743, 1384.394 ], [ 9.116229361771046, 46.202152656643534, 1827.092 ], [ 9.1355456301277, 46.180369010987363, 2136.025 ], [ 9.159685611585648, 46.169234423912393, 2166.012000000000171 ], [ 9.134485172888361, 46.153310796994958, 2018.751 ], [ 9.121498850111472, 46.134806562849704, 2073.694 ], [ 9.072505387884073, 46.118102106521356, 2116.132999999999811 ], [ 9.089615399592176, 46.087015887661018, 1553.629 ], [ 9.077135980976006, 46.064124700311673, 1716.814 ], [ 9.022671477484186, 46.052694077716517, 1474.852 ], [ 9.009525089214804, 46.037287815653542, 1205.121 ], [ 9.028460874226615, 45.993626101473083, 852.81 ], [ 8.995292177276173, 45.980489708156718, 1133.909000000000106 ], [ 8.988992531279573, 45.970342785526213, 1155.182 ], [ 9.01396397707142, 45.960548025719298, 1013.211 ], [ 9.019357475123947, 45.92836855555116, 1610.951 ], [ 9.05989987176828, 45.920939174470192, 847.932 ], [ 9.067808641413247, 45.910634391682095, 1239.607 ], [ 9.076576064499083, 45.911416840480854, 1165.8 ], [ 9.076931586341273, 45.899299415490923, 988.09 ], [ 9.089000332332885, 45.900653682754729, 942.73 ], [ 9.066386729883714, 45.87539027499075, 1250.194 ], [ 9.05478766560169, 45.873551858427028, 1004.605 ], [ 9.050774520019816, 45.852212578335688, 726.461 ], [ 9.035708241133792, 45.841017783893129, 224.799 ], [ 9.034081249820174, 45.822609779141594, 493.756 ], [ 8.993872759436419, 45.821961990982274, 274.596 ], [ 8.997487768112114, 45.834944628917924, 249.133 ], [ 8.969983798730389, 45.832353930159215, 462.021 ], [ 8.956241799432028, 45.843383799941883, 407.01 ], [ 8.912146971873693, 45.830445024067124, 398.878 ], [ 8.914226063773944, 45.842228975367057, 388.497 ], [ 8.945301613088789, 45.866978861495426, 458.327 ], [ 8.933774595992137, 45.870333498989709, 459.628 ], [ 8.914286592868857, 45.917801088632665, 270.58 ], [ 8.893315034481013, 45.931182322550903, 270.58 ], [ 8.898596416308722, 45.946260267015994, 270.58 ], [ 8.893658011974651, 45.958981446997676, 270.58 ], [ 8.868298656745207, 45.960619218259751, 270.58 ], [ 8.831322927675293, 45.988016001270395, 260.602 ], [ 8.785883417362523, 45.989076668989256, 231.997 ], [ 8.793089008333247, 46.008101952055576, 559.837 ], [ 8.835465904501882, 46.04379252896085, 1412.57 ], [ 8.82848705344921, 46.046533536143528, 1221.661 ], [ 8.84418475275595, 46.048505624955396, 1586.9 ], [ 8.854589021913847, 46.061584919820056, 1455.883 ], [ 8.852110072276654, 46.075636791097338, 1659.154 ], [ 8.806039707548674, 46.101276616919748, 1552.964 ], [ 8.783034242754061, 46.09417271128023, 1228.439 ], [ 8.76001846142392, 46.101568683792244, 288.542 ], [ 8.742343278724682, 46.122311288825728, 193.51 ], [ 8.713991544794165, 46.097231732970933, 193.51 ], [ 8.657707350482051, 46.112689975187905, 1963.834 ], [ 8.647578141939032, 46.123489907122952, 2187.753000000000156 ], [ 8.611836132474819, 46.121659285475111, 2063.458 ], [ 8.60970537343097, 46.132879606339372, 1471.529 ], [ 8.592726469632801, 46.142860963310298, 550.337 ], [ 8.603175682356245, 46.155332244995087, 518.648 ], [ 8.573643667505211, 46.164310654982351, 971.205 ], [ 8.563697138372033, 46.183945424291316, 1287.708 ], [ 8.540475239663534, 46.197812945933215, 965.827 ], [ 8.532443511092797, 46.218282730681921, 2191.927999999999884 ], [ 8.470240348019042, 46.232322989294858, 2490.866 ], [ 8.464106691383636, 46.244551169899921, 2465.869999999999891 ], [ 8.443381445986416, 46.250242239781308, 2554.393 ], [ 8.455880830276776, 46.263755730280991, 2367.101000000000113 ], [ 8.427739906752141, 46.298301212787393, 2793.184000000000196 ], [ 8.465424521289934, 46.333916481688959, 2435.619000000000142 ], [ 8.461562098466672, 46.353257036183258, 2786.708 ], [ 8.470235066239534, 46.362552051700995, 2620.464 ], [ 8.460837874102152, 46.3866768444027, 2798.561000000000149 ], [ 8.471172354087393, 46.395923616260966, 2957.568000000000211 ], [ 8.456870284060056, 46.42317998027417, 3088.424 ], [ 8.465945368107928, 46.444366078634374, 2913.414000000000215 ], [ 8.446099813940474, 46.463660420108077, 2498.712 ], [ 8.392958569247458, 46.451576113421119, 2967.667 ], [ 8.382190456791863, 46.459587290254262, 2539.853999999999814 ], [ 8.392468946669453, 46.467968021008325, 2846.523000000000138 ], [ 8.385991451497658, 46.475676189800055, 2501.313000000000102 ], [ 8.394290348752785, 46.483701846807271, 2783.163 ], [ 8.392378569641863, 46.494647345489213, 3042.333 ], [ 8.443071194624491, 46.495384892416659, 2875.531 ], [ 8.477640569273641, 46.527614673499706, 3024.646000000000186 ] ], [ [ 8.967077709775932, 45.984149415957241, 270.58 ], [ 8.958543699739636, 45.964816457664767, 270.58 ], [ 8.975632271711683, 45.961632279690733, 547.732 ], [ 8.977255061297447, 45.983036916223405, 271.773 ], [ 8.967077709775932, 45.984149415957241, 270.58 ] ] ] } },
{ "type": "Feature", "properties": { "uuid": "{1808E458-6C81-435D-8BF0-20047723927D}", "datum_aenderung": "2025-11-19T00:00:00", "datum_erstellung": "2012-10-26T00:00:00", "erstellung_jahr": 2012, "erstellung_monat": 10, "grund_aenderung": "Verbessert", "herkunft": "swisstopo", "herkunft_jahr": 2026, "herkunft_monat": 1, "revision_jahr": 2026, "revision_monat": 1, "revision_qualitaet": "TGMG_2026_Akt", "objektart": "Kanton", "kantonsnummer": 9, "see_flaeche": 3158.0, "kantonsflaeche": 23873.0, "name": "Zug", "icc": "CH", "einwohnerzahl": 133739 }, "geometry": { "type": "Polygon", "coordinates": [ [ [ 8.394845653866982, 47.225734791962708, 389.366 ], [ 8.412342523604808, 47.24704721646286, 386.154 ], [ 8.416497267214806, 47.241321159663443, 386.419 ], [ 8.421695174445658, 47.223319567083756, 389.063 ], [ 8.441132211352357, 47.225214035340805, 407.908 ], [ 8.473307213053566, 47.208524048808435, 453.511 ], [ 8.539340795375656, 47.223080075939322, 600.952 ], [ 8.582882178369623, 47.217867237193715, 532.454 ], [ 8.582362816093729, 47.210839049985559, 539.669 ], [ 8.59450261515931, 47.211913190730861, 549.158 ], [ 8.59859070804022, 47.201579259497208, 561.792 ], [ 8.612949085017375, 47.201861867219165, 573.475 ], [ 8.628124950503574, 47.179511247803013, 610.705 ], [ 8.6246259063122, 47.172808460062008, 622.09 ], [ 8.660741240942032, 47.170308872982233, 676.577 ], [ 8.666145222824575, 47.159607533926042, 1124.488 ], [ 8.695190856545935, 47.163156662298256, 1194.090999999999894 ], [ 8.701168865530748, 47.150944746583264, 847.969 ], [ 8.688507400803841, 47.146082361673827, 865.244 ], [ 8.681794827187813, 47.125021707186761, 900.755 ], [ 8.659811692240066, 47.114677892660879, 1052.117 ], [ 8.644919914748193, 47.095858811220772, 805.401 ], [ 8.608709151841026, 47.094450838225519, 1402.106 ], [ 8.568617967681458, 47.081083368928248, 1524.711 ], [ 8.562468591726663, 47.093751547080302, 1223.344 ], [ 8.521944673150189, 47.089859326358763, 413.66 ], [ 8.493054354782442, 47.10017966033481, 413.643 ], [ 8.493742676883619, 47.1137308331461, 413.65 ], [ 8.480381726198631, 47.126325951073746, 413.66 ], [ 8.455610562908561, 47.113446815352887, 423.721 ], [ 8.449562722815157, 47.131009840346302, 457.234 ], [ 8.417848365356596, 47.122388077241581, 644.984 ], [ 8.415232593950631, 47.164598242263082, 399.587 ], [ 8.402135418930998, 47.177302840770629, 396.393 ], [ 8.405302701929401, 47.195726588982204, 393.374 ], [ 8.394845653866982, 47.225734791962708, 389.366 ] ] ] } },
{ "type": "Feature", "properties": { "uuid": "{F78C655C-6AE1-49EA-BA30-575F195C8AEC}", "datum_aenderung": "2025-11-19T00:00:00", "datum_erstellung": "2012-10-26T00:00:00", "erstellung_jahr": 2012, "erstellung_monat": 10, "grund_aenderung": "Verbessert", "herkunft": "swisstopo", "herkunft_jahr": 2026, "herkunft_monat": 1, "revision_jahr": 2026, "revision_monat": 1, "revision_qualitaet": "TGMG_2026_Akt", "objektart": "Kanton", "kantonsnummer": 13, "see_flaeche": 0.0, "kantonsflaeche": 51767.0, "name": "Basel-Landschaft", "icc": "CH", "einwohnerzahl": 301323 }, "geometry": { "type": "MultiPolygon", "coordinates": [ [ [ [ 7.554659565068712, 47.564366684449638, 275.072 ], [ 7.564584745489294, 47.557041270808078, 276.314 ], [ 7.555888356212692, 47.544340765114825, 289.122 ], [ 7.587269624446532, 47.541905784770584, 281.4 ], [ 7.58269505147289, 47.532473177369731, 352.869 ], [ 7.590254924457136, 47.519794614175716, 358.462 ], [ 7.62231075714439, 47.539777703282432, 254.223 ], [ 7.61762444398242, 47.558653723136707, 244.809 ], [ 7.632712166904647, 47.561516556842932, 254.092 ], [ 7.675201668861637, 47.533679727160028, 254.148 ], [ 7.713528500068068, 47.539643904894653, 260.75 ], [ 7.737982399774173, 47.527329358907828, 298.134 ], [ 7.787641901041889, 47.520121160104225, 379.375 ], [ 7.792807371220115, 47.500688156495293, 550.275 ], [ 7.786633182314936, 47.493125179416232, 527.367 ], [ 7.807426130735862, 47.497142174530893, 560.836 ], [ 7.831984844827267, 47.514740306650388, 426.5 ], [ 7.833216411480892, 47.533827704584759, 447.962 ], [ 7.852339189519163, 47.53523877196951, 594.113 ], [ 7.863965810868027, 47.519312623823424, 555.462 ], [ 7.876667803169457, 47.52269375821804, 580.894 ], [ 7.875680168273022, 47.513196357807779, 565.959 ], [ 7.89387432846862, 47.506192449431083, 637.076 ], [ 7.904830954877513, 47.484911926752602, 536.432 ], [ 7.947024464996421, 47.48489253543255, 692.459 ], [ 7.94003669806817, 47.462023552551798, 631.223 ], [ 7.957623039845243, 47.45880881227275, 579.994 ], [ 7.946793133273046, 47.443195594608468, 653.148 ], [ 7.961840346065692, 47.421836271369422, 914.273 ], [ 7.909744945661728, 47.398522915253039, 929.667 ], [ 7.883338909048864, 47.406099430097186, 909.426 ], [ 7.869143557588821, 47.395516303693405, 794.441 ], [ 7.878819133968719, 47.383512389269413, 776.342 ], [ 7.802173097845057, 47.361097816801532, 991.046 ], [ 7.793567418415737, 47.339054577647481, 790.792 ], [ 7.785294630789156, 47.337884624103545, 791.344 ], [ 7.751525547967279, 47.344329989089488, 1036.6 ], [ 7.727920480534712, 47.368861608704101, 1000.878 ], [ 7.644209563094456, 47.36721136782397, 744.352 ], [ 7.641767291077537, 47.380472599923053, 1024.458 ], [ 7.633323236738683, 47.382917267827878, 849.643 ], [ 7.632729134009591, 47.41003461463626, 757.451 ], [ 7.679808433690771, 47.417517425351107, 616.501 ], [ 7.684860439019337, 47.447847279722062, 434.294 ], [ 7.709880628603833, 47.469393632325804, 356.083 ], [ 7.699767969499689, 47.480636720736612, 486.656 ], [ 7.668333588107175, 47.486350958857976, 653.188 ], [ 7.666128062873533, 47.496872542708026, 628.35 ], [ 7.652178174040571, 47.495818802164436, 588.73 ], [ 7.655932784019863, 47.487398910011244, 617.515 ], [ 7.640972704765909, 47.482738390389699, 606.844 ], [ 7.607306349534053, 47.489402844965717, 283.307 ], [ 7.60450133898589, 47.470449825720813, 297.5 ], [ 7.626078870304115, 47.462918064791026, 465.856 ], [ 7.615805212678984, 47.432751658942777, 564.799 ], [ 7.581213309048103, 47.428784574261449, 547.163 ], [ 7.568885972374847, 47.436904695205591, 325.533 ], [ 7.568232374265578, 47.422383131896389, 392.538 ], [ 7.580747721708409, 47.414707728259295, 468.152 ], [ 7.525241370741576, 47.411636981890801, 389.167 ], [ 7.531178513798611, 47.403529047410466, 406.394 ], [ 7.51862272629654, 47.388227049098326, 630.959 ], [ 7.492333391885309, 47.385235884908319, 671.423 ], [ 7.478765685560091, 47.390080401090799, 404.551 ], [ 7.477380222721898, 47.401206224224659, 362.107 ], [ 7.454231942432402, 47.404184355114126, 368.815 ], [ 7.441316972681533, 47.400183022911669, 379.724 ], [ 7.437329610214597, 47.380892549238816, 785.371 ], [ 7.411667577340488, 47.380590059342296, 807.471 ], [ 7.414597279197008, 47.39422151358518, 382.831 ], [ 7.375951384808469, 47.414103859784717, 717.92 ], [ 7.448412741544622, 47.415069691216068, 577.139 ], [ 7.455591856341407, 47.427924854619526, 394.167 ], [ 7.450628175150656, 47.43535606516955, 565.286 ], [ 7.437846361914597, 47.446330325217055, 797.305 ], [ 7.420909739805059, 47.445948645783581, 820.639 ], [ 7.430034181836048, 47.459496193952759, 527.616 ], [ 7.445770521067463, 47.461977319601175, 466.383 ], [ 7.456517560105433, 47.44926024994259, 747.24 ], [ 7.530684695395321, 47.461192872241284, 763.981 ], [ 7.527450923453204, 47.473910651248644, 470.95 ], [ 7.536236766014626, 47.491057372096634, 336.239 ], [ 7.512231613658194, 47.498921603665018, 359.173 ], [ 7.49787610400042, 47.521252841226072, 410.902 ], [ 7.522191849314359, 47.514201176022539, 414.21 ], [ 7.530961868566915, 47.52905048358997, 370.626 ], [ 7.519359626861354, 47.534723121437999, 364.771 ], [ 7.502304302633881, 47.528409931537965, 405.762 ], [ 7.498044193127571, 47.53615762001192, 363.762 ], [ 7.554659565068712, 47.564366684449638, 275.072 ] ] ], [ [ [ 7.375951384808469, 47.414103859784717, 717.92 ], [ 7.357302106669342, 47.415009772495409, 852.925 ], [ 7.326209578735958, 47.432056305792784, 522.835 ], [ 7.327253113996983, 47.440049410906809, 499.292 ], [ 7.382433633429472, 47.431411194793917, 464.462 ], [ 7.375951384808469, 47.414103859784717, 717.92 ] ] ] ] } },
{ "type": "Feature", "properties": { "uuid": "{05D55405-466B-4ECC-83C7-A906DEB0D607}", "datum_aenderung": "2025-11-19T00:00:00", "datum_erstellung": "2012-10-26T00:00:00", "erstellung_jahr": 2012, "erstellung_monat": 10, "grund_aenderung": "Verbessert", "herkunft": "swisstopo", "herkunft_jahr": 2026, "herkunft_monat": 1, "revision_jahr": 2026, "revision_monat": 1, "revision_qualitaet": "TGMG_2026_Akt", "objektart": "Kanton", "kantonsnummer": 17, "see_flaeche": 7710.0, "kantonsflaeche": 202820.0, "name": "St. Gallen", "icc": "CH", "einwohnerzahl": 540036 }, "geometry": { "type": "MultiPolygon", "coordinates": [ [ [ [ 9.475795272120992, 47.051750277143128, 478.208 ], [ 9.545582685978909, 46.9765673710382, 508.03 ], [ 9.520280056965452, 46.971411643931191, 1472.417 ], [ 9.51848534840807, 46.955860388359397, 1355.129 ], [ 9.504606721665041, 46.953667162783987, 1813.959 ], [ 9.486533103517266, 46.935522129517992, 1717.622 ], [ 9.477794283263155, 46.920564235230231, 1715.878 ], [ 9.488002473049344, 46.912290467838837, 2270.446 ], [ 9.467258722518125, 46.899885406559044, 2805.737999999999829 ], [ 9.467776161425361, 46.887266806671406, 2411.061000000000149 ], [ 9.454264592236804, 46.88605256669571, 2606.771000000000186 ], [ 9.452550132476876, 46.874614339577825, 2459.755999999999858 ], [ 9.381704488639977, 46.897630669965992, 2824.996999999999844 ], [ 9.293309921080011, 46.907083453377055, 2686.947000000000116 ], [ 9.266933451737163, 46.903215635257233, 3012.143999999999778 ], [ 9.248898469531687, 46.916268593446546, 3002.128000000000156 ], [ 9.250263347872153, 46.934626649848276, 2518.679 ], [ 9.236307867353899, 46.944847617410417, 2248.362999999999829 ], [ 9.236758674130122, 46.954563971708502, 2535.659000000000106 ], [ 9.246072729716209, 46.958744836914036, 2585.542 ], [ 9.249882347407093, 46.995212125048894, 2485.331000000000131 ], [ 9.236357829296063, 47.023981094207123, 2501.04 ], [ 9.208295522695007, 47.035757914330063, 2241.318000000000211 ], [ 9.165673320376483, 47.02687832086891, 2296.369999999999891 ], [ 9.138068567748155, 47.039132456998864, 2292.732 ], [ 9.174536204566396, 47.052922995566973, 2242.52599999999984 ], [ 9.190299552065618, 47.069889109696078, 1520.693 ], [ 9.189879213867615, 47.123697284324699, 419.69 ], [ 9.135923530756498, 47.131977907894282, 419.69 ], [ 9.068129760506958, 47.129967673008544, 418.708 ], [ 8.995508176860898, 47.178880590444344, 410.761 ], [ 8.961985539191819, 47.179460177694423, 410.023 ], [ 8.957491499444428, 47.19943996070284, 408.461 ], [ 8.965339403296085, 47.198159931430361, 407.883 ], [ 8.970423231914266, 47.216914111657061, 406.529 ], [ 8.834213757283321, 47.208695559165427, 405.66 ], [ 8.810781682552085, 47.218146792234911, 405.66 ], [ 8.795672174632983, 47.240028954291191, 416.818 ], [ 8.826823187209376, 47.251510583446667, 499.03 ], [ 8.866611505314109, 47.243962116969257, 479.273 ], [ 8.87349800371709, 47.251989348112012, 509.889 ], [ 8.933106900419151, 47.258885463547237, 601.82 ], [ 8.942942790903478, 47.267385524480098, 715.661 ], [ 8.948829135123548, 47.280940786307639, 934.932 ], [ 8.933723547019381, 47.288305820795614, 739.066 ], [ 8.948909873095609, 47.292169939735594, 864.159 ], [ 8.95760052536415, 47.304763724044527, 1088.03 ], [ 8.974964172778956, 47.307024611100665, 836.029 ], [ 8.984951207977053, 47.319387056001311, 1234.17 ], [ 8.971805385581161, 47.35252528017498, 936.896 ], [ 8.960259734534253, 47.353694677705199, 744.044 ], [ 8.944763490996106, 47.378011049786068, 987.128 ], [ 8.965932518247987, 47.385319763476659, 988.128 ], [ 8.976576032062736, 47.41067388108528, 753.682 ], [ 8.988733969652053, 47.411261370762688, 774.15 ], [ 8.994253366033446, 47.42233341146472, 744.792 ], [ 8.987478630036513, 47.42970584151773, 714.592 ], [ 9.062562324703919, 47.446240928453918, 533.356 ], [ 9.008223251688207, 47.472366403141606, 521.018 ], [ 9.003591273925766, 47.481191219652629, 507.201 ], [ 9.012488118265326, 47.489971018579141, 534.274 ], [ 9.042096538577473, 47.495789902304665, 698.056 ], [ 9.055828391017389, 47.487410232860626, 663.977 ], [ 9.082365757063517, 47.495236098753175, 765.931 ], [ 9.089869395622879, 47.482768301859849, 619.633 ], [ 9.118467950331155, 47.479723752938249, 670.915 ], [ 9.155399525308088, 47.487653643966944, 678.023 ], [ 9.169220649750471, 47.503995482825736, 590.833 ], [ 9.173720025798181, 47.494511376096035, 580.057 ], [ 9.20989565129396, 47.489323453289629, 516.43 ], [ 9.206379896271994, 47.482474186755425, 533.318 ], [ 9.213198891671997, 47.478905501820556, 482.829 ], [ 9.224711142672376, 47.484554327840534, 508.311 ], [ 9.251163113229447, 47.474491958190484, 557.456 ], [ 9.281185756169419, 47.483068508291964, 574.17 ], [ 9.298653629380313, 47.477228881810355, 592.394 ], [ 9.320971329843148, 47.490828584099155, 500.841 ], [ 9.317423301704094, 47.500423716180094, 496.917 ], [ 9.308133780612422, 47.4982258924774, 493.56 ], [ 9.316615438971009, 47.50959196216624, 535.495 ], [ 9.303360735120357, 47.515658092258626, 522.658 ], [ 9.291569084285792, 47.506660376810608, 541.497 ], [ 9.26877096595465, 47.511665176144845, 509.098 ], [ 9.280365138187056, 47.510077004475121, 523.553 ], [ 9.282295428546732, 47.520680294663379, 511.559 ], [ 9.302755476476218, 47.526428479678465, 513.705 ], [ 9.31276358522207, 47.522122954371326, 479.401 ], [ 9.318491090056462, 47.531702533335149, 493.992 ], [ 9.339580996952995, 47.531450753526599, 451.915 ], [ 9.343819694104081, 47.519968098473818, 463.789 ], [ 9.356404297534242, 47.519496117623511, 452.997 ], [ 9.336923639222665, 47.501279254710695, 533.788 ], [ 9.374047649470562, 47.500382518030143, 492.648 ], [ 9.366529290428524, 47.48545623523632, 569.645 ], [ 9.380831719310573, 47.487305510884603, 557.839 ], [ 9.396990288844593, 47.474976446399026, 576.563 ], [ 9.4065052881494, 47.494059242087665, 460.077 ], [ 9.421280501296959, 47.496171662182768, 407.921 ], [ 9.506947519573172, 47.549739482877193, 395.46 ], [ 9.558720470705097, 47.54189329354049, 395.46 ], [ 9.561996791380363, 47.496294928543342, 395.38 ], [ 9.595075041509789, 47.463366986565362, 395.604 ], [ 9.609150737013044, 47.470520917676559, 395.909 ], [ 9.622381537314409, 47.457455955432913, 396.134 ], [ 9.658980101530986, 47.452200706074379, 399.809 ], [ 9.644373019550319, 47.434126012999329, 401.792 ], [ 9.651621400547876, 47.404623976402917, 405.148 ], [ 9.672458556575398, 47.392619536269947, 406.409 ], [ 9.673848756484086, 47.383872648190916, 406.277 ], [ 9.660422807806574, 47.370128195955076, 409.016 ], [ 9.62446360647872, 47.366142774434074, 410.21 ], [ 9.605766968550936, 47.351857526562604, 412.902 ], [ 9.588150468722064, 47.317401864067286, 417.439 ], [ 9.556429128701353, 47.298351350868771, 424.619 ], [ 9.530956007673456, 47.271007459546027, 427.316 ], [ 9.485849105202906, 47.181440862004969, 444.345 ], [ 9.511844123924684, 47.13201607567435, 455.751 ], [ 9.519319947031358, 47.096553831458976, 463.663 ], [ 9.513538064234465, 47.085634095131219, 466.765 ], [ 9.472386892719673, 47.065026593844408, 475.891 ], [ 9.475795272120992, 47.051750277143128, 478.208 ] ], [ [ 9.449432084240124, 47.492195189951367, 407.265 ], [ 9.46438426538692, 47.484143320190107, 403.788 ], [ 9.483546499055368, 47.493765614266053, 395.389 ], [ 9.457563406553355, 47.507250508089001, 395.424 ], [ 9.449432084240124, 47.492195189951367, 407.265 ] ], [ [ 9.343273003283445, 47.249395775196646, 2502.090000000000146 ], [ 9.382015334918712, 47.233993671702827, 2105.766 ], [ 9.437801217234192, 47.250725819663622, 1923.704 ], [ 9.47294596830117, 47.271210898749203, 1659.592 ], [ 9.496263324022234, 47.306011362961101, 1285.712 ], [ 9.492515335769077, 47.312901736108358, 1195.648 ], [ 9.502884799852227, 47.333748246721143, 773.255 ], [ 9.499004420653776, 47.369330844216066, 951.811 ], [ 9.509073554088122, 47.394588711989329, 1017.125 ], [ 9.542577788151693, 47.400265115669889, 869.055 ], [ 9.551627790329817, 47.393420547992349, 572.216 ], [ 9.604575625034018, 47.414011306383962, 633.359 ], [ 9.588252520388945, 47.425424570517904, 643.628 ], [ 9.630142710963105, 47.443855933914918, 571.098 ], [ 9.580561416746518, 47.462541848776027, 451.981 ], [ 9.532489137288689, 47.467837384988904, 661.296 ], [ 9.525640754411926, 47.461367932863652, 768.128 ], [ 9.530520455405606, 47.453452419133725, 652.432 ], [ 9.45263592057027, 47.431100387472881, 615.908 ], [ 9.435009510801661, 47.434290422686495, 566.296 ], [ 9.432972114201222, 47.413970211572689, 979.894 ], [ 9.424618337085155, 47.406830378919537, 1016.931 ], [ 9.397447077885372, 47.400584860134089, 993.874 ], [ 9.371679078552029, 47.407709906880932, 738.967 ], [ 9.301989917871042, 47.395155063616123, 701.85 ], [ 9.232582239161198, 47.398019844019366, 618.438 ], [ 9.231834167420752, 47.387773497381971, 652.254 ], [ 9.218770591276412, 47.384830120828205, 688.678 ], [ 9.22100361124067, 47.37324821253587, 729.176 ], [ 9.213040764207847, 47.365120295322029, 958.827 ], [ 9.191098556146134, 47.362544548012146, 792.276 ], [ 9.195626986034531, 47.353463251578184, 879.083 ], [ 9.207474073190362, 47.356104457186397, 876.919 ], [ 9.198646538148918, 47.347779278048158, 1031.417 ], [ 9.206291609361799, 47.339130539518109, 866.253 ], [ 9.222327787830867, 47.34333832735193, 1000.139 ], [ 9.2333304490479, 47.332143980839867, 849.038 ], [ 9.209834599922477, 47.320898746157226, 786.556 ], [ 9.224323124852894, 47.29287411275773, 971.467 ], [ 9.206261102375938, 47.276393941470687, 859.309 ], [ 9.238795473753957, 47.264644236664225, 968.209 ], [ 9.273776664475996, 47.270008380112372, 1408.438000000000102 ], [ 9.297175410096509, 47.257412291932376, 1234.986000000000104 ], [ 9.307979930668491, 47.25960773893086, 1219.51 ], [ 9.318641168323014, 47.247876196175518, 1845.45 ], [ 9.343273003283445, 47.249395775196646, 2502.090000000000146 ] ] ], [ [ [ 9.35461383352756, 47.509377275940686, 470.066 ], [ 9.359100801361228, 47.510531432742887, 464.262 ], [ 9.358537122214843, 47.508555663744261, 478.254 ], [ 9.35461383352756, 47.509377275940686, 470.066 ] ] ] ] } },
{ "type": "Feature", "properties": { "uuid": "{37148FC1-F279-421F-B212-B4617507DFAD}", "datum_aenderung": "2025-11-19T00:00:00", "datum_erstellung": "2012-10-26T00:00:00", "erstellung_jahr": 2012, "erstellung_monat": 10, "grund_aenderung": "Verbessert", "herkunft": "swisstopo", "herkunft_jahr": 2026, "herkunft_monat": 1, "revision_jahr": 2026, "revision_monat": 1, "revision_qualitaet": "TGMG_2026_Akt", "objektart": "Kanton", "kantonsnummer": 14, "see_flaeche": 26.0, "kantonsflaeche": 29842.0, "name": "Schaffhausen", "icc": "CH", "einwohnerzahl": 88667 }, "geometry": { "type": "MultiPolygon", "coordinates": [ [ [ [ 8.663411732835266, 47.685783999636222, 390.609 ], [ 8.643266292153545, 47.694351258195887, 391.356 ], [ 8.625119412758956, 47.691669655132635, 383.44 ], [ 8.626336867388618, 47.677822604946158, 382.193 ], [ 8.613601592450069, 47.678537461519511, 358.744 ], [ 8.606196095788384, 47.668663073744064, 414.208 ], [ 8.597975689880704, 47.672723977951819, 439.712 ], [ 8.577673483851884, 47.661517035721765, 443.246 ], [ 8.554406843429819, 47.669406046414096, 606.015 ], [ 8.539960848313441, 47.665076575080697, 591.063 ], [ 8.541645534552844, 47.65679316961554, 519.581 ], [ 8.526942826162237, 47.660454794176168, 588.284 ], [ 8.53179341892387, 47.645748306815292, 446.269 ], [ 8.492400725954424, 47.642092973858951, 515.354 ], [ 8.476425388372153, 47.650102182926872, 636.553 ], [ 8.473503402473362, 47.638404610353874, 482.114 ], [ 8.463728667235017, 47.648464014668896, 459.193 ], [ 8.465972244471264, 47.657247764437891, 400.944 ], [ 8.445119431481352, 47.653862083923869, 408.141 ], [ 8.412212353753421, 47.666329396731292, 502.038 ], [ 8.406359090713361, 47.676226921393962, 500.069 ], [ 8.420789633427617, 47.683869953218114, 564.768 ], [ 8.404644718101668, 47.698033027009444, 409.163 ], [ 8.41712328302085, 47.710182633821297, 418.456 ], [ 8.454944942062223, 47.722452793673064, 499.575 ], [ 8.450776375825319, 47.740161769410378, 557.365 ], [ 8.484949010970119, 47.771384270264413, 465.109 ], [ 8.510313474710051, 47.776197325501414, 657.03 ], [ 8.520205190463802, 47.770522076297141, 528.398 ], [ 8.552920163676285, 47.784632128751859, 803.87 ], [ 8.562889338524522, 47.777893226818264, 893.488 ], [ 8.577330730937266, 47.781666060943735, 861.745 ], [ 8.574958091537612, 47.789623773023365, 860.399 ], [ 8.561996246684998, 47.792595581640796, 803.409 ], [ 8.568027948393199, 47.808454489958798, 821.419 ], [ 8.575396956552652, 47.799598384517218, 693.52 ], [ 8.618602282353494, 47.798322778590432, 715.286 ], [ 8.615094563471274, 47.78396706359171, 581.607 ], [ 8.628323011533695, 47.759177132617523, 698.87 ], [ 8.652969280656434, 47.773397651418776, 675.663 ], [ 8.645749396560189, 47.79071077643394, 618.587 ], [ 8.656862966469014, 47.800441075384498, 579.235 ], [ 8.657417339126422, 47.791744477419371, 587.301 ], [ 8.681033025385405, 47.786605497052356, 479.31 ], [ 8.688708426131102, 47.758359821376196, 447.081 ], [ 8.714070829880805, 47.765399535946905, 500.396 ], [ 8.741137108100133, 47.751984481592025, 474.216 ], [ 8.72362616353988, 47.745648838462955, 433.826 ], [ 8.711157857633808, 47.730138114832748, 494.496 ], [ 8.736308260966808, 47.716327347381124, 485.08 ], [ 8.728023610438029, 47.692761312736607, 391.482 ], [ 8.717871275430388, 47.69069043171951, 391.337 ], [ 8.701286454346375, 47.715189798413292, 433.89 ], [ 8.686333252484554, 47.708570175187091, 437.366 ], [ 8.664664499082591, 47.713362060714601, 420.646 ], [ 8.676406208493951, 47.698088115237404, 442.298 ], [ 8.658607906225427, 47.691338936206733, 436.666 ], [ 8.663411732835266, 47.685783999636222, 390.609 ] ] ], [ [ [ 8.875400920768719, 47.654948857636377, 395.02 ], [ 8.849379678488287, 47.651008033836348, 424.419 ], [ 8.854573332923465, 47.660673963246232, 394.943 ], [ 8.830895881884159, 47.674336305278231, 394.481 ], [ 8.796057952126167, 47.67533679251472, 392.996 ], [ 8.797090594143976, 47.688434897713357, 460.094 ], [ 8.810112949197189, 47.693353074614926, 445.296 ], [ 8.793968451875594, 47.704239466509911, 568.583 ], [ 8.769345125313755, 47.706845070079709, 524.717 ], [ 8.770142821525587, 47.719103518708337, 415.9 ], [ 8.799200160429612, 47.727118360825372, 448.781 ], [ 8.796567047748189, 47.734549700140782, 437.402 ], [ 8.806675961392253, 47.738277695037738, 440.977 ], [ 8.812180069998247, 47.730422910970347, 419.712 ], [ 8.804811062008108, 47.724517472839935, 415.674 ], [ 8.826254466435064, 47.717864669371401, 418.806 ], [ 8.819053364663281, 47.712776112169138, 417.081 ], [ 8.872741894280169, 47.704074694381916, 618.949 ], [ 8.873403545730742, 47.693965291979865, 559.555 ], [ 8.851534872331463, 47.697617997371275, 593.773 ], [ 8.857717688513869, 47.692647665874546, 517.124 ], [ 8.850417164255729, 47.681750779219321, 455.586 ], [ 8.873445580572579, 47.670210928807151, 531.841 ], [ 8.875400920768719, 47.654948857636377, 395.02 ] ] ], [ [ [ 8.563081629594965, 47.599447804964285, 421.652 ], [ 8.582576972405075, 47.596139702799753, 408.898 ], [ 8.59572790504323, 47.605611001441709, 345.41 ], [ 8.555799138661747, 47.552414554889261, 343.447 ], [ 8.541598423069786, 47.569927112286166, 343.342 ], [ 8.546392747301123, 47.574164923416944, 494.255 ], [ 8.534979800862114, 47.575280507390126, 455.051 ], [ 8.540144003558622, 47.578207786219934, 471.725 ], [ 8.533563602520408, 47.582157618888139, 446.413 ], [ 8.563081629594965, 47.599447804964285, 421.652 ] ] ] ] } },
{ "type": "Feature", "properties": { "uuid": "{DDD56CEF-0E61-4EED-85ED-F67A459C93ED}", "datum_aenderung": "2025-11-19T00:00:00", "datum_erstellung": "2012-10-26T00:00:00", "erstellung_jahr": 2012, "erstellung_monat": 10, "grund_aenderung": "Verbessert", "herkunft": "swisstopo", "herkunft_jahr": 2026, "herkunft_monat": 1, "revision_jahr": 2026, "revision_monat": 1, "revision_qualitaet": "TGMG_2026_Akt", "objektart": "Kanton", "kantonsnummer": 2, "see_flaeche": 11854.0, "kantonsflaeche": 593889.0, "name": "Bern", "icc": "CH", "einwohnerzahl": 1063960 }, "geometry": { "type": "MultiPolygon", "coordinates": [ [ [ [ 7.391772029590912, 47.255904431754956, 1232.872 ], [ 7.39588831948, 47.298180682285093, 981.734 ], [ 7.348065721344923, 47.292311720840523, 1098.069 ], [ 7.34125185978633, 47.295556576818569, 1096.189 ], [ 7.350289226988073, 47.299629735840163, 1121.408 ], [ 7.348208752555962, 47.305677765690206, 1116.133 ], [ 7.378641373074319, 47.31497567946866, 708.259 ], [ 7.49604515375783, 47.302119469595979, 727.029 ], [ 7.558346056660079, 47.322365439601434, 1141.232 ], [ 7.532868908388212, 47.294537046349099, 1174.945 ], [ 7.494681187456999, 47.288232249781423, 1046.824 ], [ 7.465850128948355, 47.264656868346329, 723.481 ], [ 7.417369808389054, 47.253799267639486, 1241.821999999999889 ], [ 7.415486863901446, 47.240215190721607, 1066.137 ], [ 7.340417035125261, 47.217574036624981, 1211.592 ], [ 7.354484375819005, 47.191535660494338, 698.776 ], [ 7.365465431651501, 47.194456569704904, 619.292 ], [ 7.383518016127199, 47.180305139385617, 448.53 ], [ 7.391915235179073, 47.166278057246927, 428.966 ], [ 7.382179096825357, 47.16512274390422, 426.637 ], [ 7.384248350032832, 47.160129029407493, 426.434 ], [ 7.411817810224385, 47.162425100224446, 426.277 ], [ 7.433289237439992, 47.184730728523128, 426.148 ], [ 7.447629975005824, 47.181087689747059, 426.148 ], [ 7.449768099730501, 47.189572786890196, 426.061 ], [ 7.475726833819448, 47.190652070647054, 426.18 ], [ 7.470858561791136, 47.181327671343425, 454.939 ], [ 7.480500471923796, 47.171741514359887, 541.322 ], [ 7.497042535636441, 47.170090639121113, 556.084 ], [ 7.472811535309011, 47.152564174359597, 502.105 ], [ 7.447787219004704, 47.155084018103551, 554.17 ], [ 7.421796556035806, 47.135863954495107, 540.648 ], [ 7.440182789091359, 47.123730792210033, 606.428 ], [ 7.403751898618664, 47.117679117479838, 527.114 ], [ 7.386746586383857, 47.125900701566536, 469.033 ], [ 7.371408238083164, 47.122540956124332, 465.084 ], [ 7.382029784277466, 47.095742532323918, 542.055 ], [ 7.390109044605177, 47.092251245373824, 477.035 ], [ 7.434002932862095, 47.100502747324406, 466.242 ], [ 7.440450509820823, 47.074505773215719, 547.335 ], [ 7.474800637485024, 47.086218448814719, 500.419 ], [ 7.461328677199384, 47.108235339281194, 464.229 ], [ 7.509719123348681, 47.125541912242134, 461.292 ], [ 7.529754968844093, 47.148739964569053, 459.622 ], [ 7.520337816381041, 47.158891061736888, 504.116 ], [ 7.52577288245951, 47.1622081979623, 464.262 ], [ 7.563471611675753, 47.168357113788076, 453.602 ], [ 7.581057437691852, 47.160132915884752, 459.725 ], [ 7.586144456720346, 47.147548117773482, 466.617 ], [ 7.615536452338317, 47.156576668401435, 458.387 ], [ 7.645106852594434, 47.14892291170127, 464.269 ], [ 7.660086008744973, 47.168405141535473, 467.117 ], [ 7.672866558288291, 47.168396928227118, 469.631 ], [ 7.67799370718644, 47.181928402892986, 471.98 ], [ 7.671105814202137, 47.184524124472112, 492.98 ], [ 7.671533360153412, 47.194973727754636, 472.512 ], [ 7.647231231799298, 47.201784976129325, 468.598 ], [ 7.648471777915104, 47.218954925906381, 436.568 ], [ 7.640560913837413, 47.229796909979981, 421.125 ], [ 7.626185274510251, 47.226316921542299, 422.622 ], [ 7.595943635318488, 47.245571697997462, 483.283 ], [ 7.593703101706893, 47.266222755530144, 827.038 ], [ 7.580111406631795, 47.276351260344818, 1185.946999999999889 ], [ 7.648280339334153, 47.281992372969789, 1229.535 ], [ 7.684774921525805, 47.293994433832111, 1033.296 ], [ 7.732673362554446, 47.259115595764236, 493.319 ], [ 7.756825017646155, 47.258097328074854, 440.148 ], [ 7.774607415521518, 47.26787141409946, 428.049 ], [ 7.786153362941811, 47.256100224809856, 402.106 ], [ 7.802154238456544, 47.268276579400613, 401.3 ], [ 7.814776307722228, 47.261312113467248, 399.738 ], [ 7.827559656873166, 47.264460308334428, 401.829 ], [ 7.826079102671365, 47.246902792789555, 423.101 ], [ 7.838927239659374, 47.234605266277534, 438.155 ], [ 7.836652404718737, 47.223806224081564, 451.159 ], [ 7.880396339847882, 47.177852967341856, 542.616 ], [ 7.876300320074585, 47.156015184798697, 603.989 ], [ 7.890104067977084, 47.140726185076772, 678.116 ], [ 7.886182543177429, 47.128581613555617, 617.508 ], [ 7.867119436857124, 47.119505017768219, 653.488 ], [ 7.881648565568511, 47.088755456690038, 837.777 ], [ 7.866448158287186, 47.049792407153127, 1061.191 ], [ 7.892373365032047, 47.030101564645413, 1153.087 ], [ 7.90183132239019, 47.006253118031665, 1360.141 ], [ 7.922873746896791, 47.010553987919394, 1235.965999999999894 ], [ 7.956210282781931, 47.003424187431598, 1346.277 ], [ 7.948247912498926, 46.993302891635246, 1241.949 ], [ 7.952434816943604, 46.981258499337244, 1266.3900000000001 ], [ 7.932244113672425, 46.961650769003654, 1163.175 ], [ 7.930943608174031, 46.949713839715997, 1229.56 ], [ 7.912517313863535, 46.933087156254906, 1215.375 ], [ 7.874741568619003, 46.926270643882951, 801.428 ], [ 7.867029299317259, 46.914774338875631, 744.087 ], [ 7.880267201990335, 46.910800833419977, 754.959 ], [ 7.881800970168523, 46.899659095450723, 966.576 ], [ 7.856617266278521, 46.88348819080953, 1287.071999999999889 ], [ 7.857267387213086, 46.871458358484425, 1309.174 ], [ 7.86949921871948, 46.864348365666395, 1271.393 ], [ 7.867616986510522, 46.850366663818704, 1323.336 ], [ 7.877082094326796, 46.837069819231893, 965.102 ], [ 7.928764656559019, 46.816467091189821, 1183.342 ], [ 7.975718110298316, 46.777306949702002, 1810.842 ], [ 8.031387244730793, 46.790250369625376, 2243.214 ], [ 8.090045244261708, 46.787642994255371, 2204.728999999999814 ], [ 8.102353406035611, 46.773799892230926, 1949.446999999999889 ], [ 8.146947528757355, 46.754836713551008, 1090.928000000000111 ], [ 8.189797263356803, 46.770314834345974, 2035.533 ], [ 8.221976490919097, 46.761064364061177, 2027.729 ], [ 8.24029170705421, 46.769501697492032, 2328.0300000000002 ], [ 8.28349168804815, 46.753169464308137, 2255.485999999999876 ], [ 8.332927398417061, 46.780340534978528, 1988.276 ], [ 8.369356828748909, 46.788218317691161, 2642.02599999999984 ], [ 8.391165018539997, 46.777796519041011, 2293.194 ], [ 8.396393776611259, 46.765497320092358, 2964.536 ], [ 8.414639874145054, 46.774319874532601, 2731.143 ], [ 8.446623813143079, 46.770264605885366, 2650.223 ], [ 8.447345190833861, 46.757915068526223, 2926.630000000000109 ], [ 8.439042046807231, 46.752425442987736, 2950.998999999999796 ], [ 8.449720883482199, 46.729835820680144, 2304.731000000000222 ], [ 8.447430105104331, 46.714155330959557, 2776.581000000000131 ], [ 8.45407835640586, 46.710848554940242, 3316.996999999999844 ], [ 8.452292331759086, 46.68874209824547, 3314.297999999999774 ], [ 8.399617128401946, 46.692873091658427, 3297.257999999999811 ], [ 8.39806137706938, 46.674225867678679, 3328.074 ], [ 8.410272722771859, 46.652938841234757, 3496.295 ], [ 8.398978886762821, 46.654047836516533, 3398.434000000000196 ], [ 8.380149543456795, 46.634155112853861, 3214.4699999999998 ], [ 8.371421835333662, 46.63410950810384, 3366.146000000000186 ], [ 8.361384870609081, 46.598046197732501, 3161.257999999999811 ], [ 8.36467586521878, 46.582475942525299, 2661.219 ], [ 8.343949157668902, 46.564215153657088, 2305.674 ], [ 8.316630148184169, 46.559026729487961, 2570.958999999999833 ], [ 8.303332886032583, 46.545709243553148, 2733.85 ], [ 8.258060279395442, 46.529403185692374, 2853.833 ], [ 8.180721627060855, 46.520344103304652, 3477.145 ], [ 8.174507975900763, 46.531413888833129, 3631.210999999999785 ], [ 8.01479112021925, 46.563071356378451, 3567.554 ], [ 7.962996765193932, 46.539397167479095, 4075.235999999999876 ], [ 7.973058882220521, 46.523775328741728, 3665.783 ], [ 7.967589960947526, 46.512792367094896, 3980.606000000000222 ], [ 7.941770672004036, 46.507718699457079, 3807.862999999999829 ], [ 7.897657883752652, 46.48243148382231, 3324.110999999999876 ], [ 7.844661572893303, 46.478505279162448, 3440.616 ], [ 7.715595769847794, 46.41481724366713, 2693.837 ], [ 7.626085936801485, 46.445085800595919, 2377.049 ], [ 7.609650118259613, 46.436742890869347, 2591.688000000000102 ], [ 7.595749234130398, 46.411217766745672, 2817.800000000000182 ], [ 7.581554845237471, 46.417562937809102, 3109.65099999999984 ], [ 7.533896761138728, 46.409697820941375, 3237.839 ], [ 7.528608068860842, 46.400291931961291, 3243.574 ], [ 7.55526711682581, 46.388983964260582, 3178.382999999999811 ], [ 7.537972943006283, 46.377221728538984, 2911.637000000000171 ], [ 7.489264048778952, 46.370342948897452, 2877.06 ], [ 7.479401232993655, 46.385270336191411, 2898.112999999999829 ], [ 7.46213663081956, 46.376421244501614, 2950.514999999999873 ], [ 7.438630699969872, 46.386149326872946, 2685.598 ], [ 7.399399045371558, 46.376461519242518, 2830.438000000000102 ], [ 7.354921865968161, 46.350745411413335, 2943.005000000000109 ], [ 7.315834665166551, 46.343790425882709, 3029.538 ], [ 7.30783231942594, 46.35208764756495, 2907.98 ], [ 7.310285139958748, 46.375158906584716, 2806.777 ], [ 7.262303797306239, 46.35823894529959, 2579.52599999999984 ], [ 7.262720707738594, 46.338649722614122, 2916.110000000000127 ], [ 7.253488688135835, 46.330671566177209, 2861.612999999999829 ], [ 7.221488619696642, 46.329246364392382, 3122.839 ], [ 7.218850132390231, 46.357542427246692, 1479.508 ], [ 7.230062399392002, 46.361942596333925, 1375.212 ], [ 7.216299805369061, 46.361770513998003, 1651.958 ], [ 7.208317583360283, 46.378674435606506, 1667.556 ], [ 7.193717611736826, 46.378927947308398, 2194.016 ], [ 7.209867067457887, 46.416279490393009, 2346.204000000000178 ], [ 7.192541824652298, 46.435223555807191, 2070.208 ], [ 7.222569725182106, 46.442010392960526, 1899.51 ], [ 7.232328552400151, 46.453938867991269, 1439.34 ], [ 7.224142301781304, 46.486886824647662, 980.501 ], [ 7.236189559505881, 46.488028325323263, 1029.625 ], [ 7.232586735645558, 46.494781386087027, 1023.577 ], [ 7.245259402517317, 46.502184040837072, 1091.195 ], [ 7.249185075593422, 46.521127573982909, 1223.444 ], [ 7.237075373698874, 46.55379459204481, 2235.264999999999873 ], [ 7.255731922261632, 46.560291857180871, 1955.125 ], [ 7.281355112414758, 46.584111202406731, 1994.497 ], [ 7.303521622061199, 46.579739711751614, 1261.106 ], [ 7.32073019061591, 46.591859157026782, 1218.901 ], [ 7.312107258181997, 46.621704168045731, 1562.513999999999896 ], [ 7.313262963922226, 46.636624542533248, 2205.315 ], [ 7.329692874883786, 46.641833019341369, 2006.292 ], [ 7.321137778798795, 46.654617507063314, 2036.405 ], [ 7.345572916986987, 46.655338684509083, 2104.72400000000016 ], [ 7.357281833793576, 46.63928343769841, 1809.386 ], [ 7.377260223980231, 46.656262864725718, 1869.648999999999887 ], [ 7.369277513790013, 46.655580945528719, 2104.195000000000164 ], [ 7.380210065649115, 46.690185204255528, 1620.56 ], [ 7.345741511248062, 46.698940664857737, 1073.068 ], [ 7.34950930500391, 46.71220472406705, 966.042 ], [ 7.300526535955322, 46.722123971339769, 847.429 ], [ 7.303594392984698, 46.759189742974627, 763.589 ], [ 7.290468734915856, 46.772049524840156, 733.039 ], [ 7.304472409697473, 46.78320553511206, 711.178 ], [ 7.301592543655012, 46.792827764933669, 696.893 ], [ 7.320203025356502, 46.814806748303397, 661.536 ], [ 7.320252623553924, 46.826736682350166, 644.845 ], [ 7.331226223667803, 46.83176740937872, 632.648 ], [ 7.302152681208226, 46.852036584783036, 716.667 ], [ 7.316408802447603, 46.86259359928237, 678.995 ], [ 7.330699937958344, 46.857630520896862, 801.219 ], [ 7.326035119663047, 46.85163270974892, 776.758 ], [ 7.34933916638172, 46.853312573815707, 593.563 ], [ 7.359247767353047, 46.863107312978187, 577.762 ], [ 7.353391222592038, 46.88675651395171, 552.7 ], [ 7.325731489010121, 46.893732762603712, 535.649 ], [ 7.280196527853778, 46.889598475528508, 508.482 ], [ 7.230323492024259, 46.90394139832474, 482.296 ], [ 7.21754896289835, 46.897346514298746, 483.0 ], [ 7.187706669738406, 46.900361516955108, 536.961 ], [ 7.207808836811406, 46.909134614156798, 515.671 ], [ 7.205069274712775, 46.921692221489074, 500.419 ], [ 7.212684067843778, 46.928454767977932, 509.827 ], [ 7.201959891879842, 46.939298347692009, 480.542 ], [ 7.210266921090343, 46.943023300756543, 473.488 ], [ 7.210999549621693, 46.956575914322613, 459.038 ], [ 7.194626304098976, 46.962904192145913, 450.144 ], [ 7.214222815368656, 46.966925701479369, 493.931 ], [ 7.235689109967214, 46.984562062180899, 512.781 ], [ 7.217786902741261, 47.006411272968201, 453.344 ], [ 7.156081166651094, 46.98603497695256, 432.398 ], [ 7.092300802163746, 46.976125619381719, 430.549 ], [ 7.040163360444474, 46.979844951892865, 430.548 ], [ 7.025108894186374, 47.006068468888735, 429.165 ], [ 7.033484697092265, 47.030337034327644, 429.004 ], [ 7.087653811557878, 47.059737714056887, 429.19 ], [ 7.077004112081214, 47.07595932885269, 739.611 ], [ 7.086821125442546, 47.085699214575953, 805.145 ], [ 7.040608423462822, 47.109006451146186, 1088.971 ], [ 7.028728930883143, 47.103675065119013, 1105.027 ], [ 7.023488627106962, 47.112201746904425, 1478.835 ], [ 7.039964298160994, 47.124652026772203, 1544.128 ], [ 7.031075361757361, 47.127317234652295, 1404.895 ], [ 6.929826952914994, 47.11259855344607, 1118.869999999999891 ], [ 6.866861678356477, 47.085119524314571, 1136.275 ], [ 6.888801848395416, 47.1311325270133, 1069.486000000000104 ], [ 6.861491459789805, 47.165634521197774, 609.889 ], [ 6.871969944610898, 47.174121148819395, 958.359 ], [ 6.883722714376887, 47.150409463418917, 918.023 ], [ 6.929886931829539, 47.169356921799583, 1028.443 ], [ 6.952161722362312, 47.18735124533719, 1044.898 ], [ 6.980769806083085, 47.174287678884006, 1087.795 ], [ 6.996427161607202, 47.193334255347331, 1029.303000000000111 ], [ 7.023450362691484, 47.195705925345237, 1107.318 ], [ 7.04690083595862, 47.226713603483283, 985.596 ], [ 7.058671632909723, 47.231190205767369, 1002.408 ], [ 7.05982665844803, 47.242802412428951, 1003.938 ], [ 7.079524587868568, 47.247764470109168, 1007.224 ], [ 7.096217129689102, 47.237033961846606, 1023.466 ], [ 7.155787265898823, 47.247545806238421, 1121.188000000000102 ], [ 7.143105288739825, 47.259482717938276, 983.633 ], [ 7.148737005955794, 47.269041393266761, 1040.337 ], [ 7.168678292742998, 47.2747277516278, 1043.003 ], [ 7.163788237503449, 47.294057870184538, 974.311 ], [ 7.205998955858632, 47.295470252175988, 933.867 ], [ 7.21018698366388, 47.288838679433489, 1010.83 ], [ 7.242584356752969, 47.285221490822124, 994.776 ], [ 7.335455661819088, 47.288278763586398, 1066.366 ], [ 7.354017658876019, 47.272665612177626, 551.673 ], [ 7.336645459236194, 47.268006934870591, 729.232 ], [ 7.345354801613038, 47.247759544154036, 649.003 ], [ 7.36872421225087, 47.258535290303982, 1176.065 ], [ 7.391772029590912, 47.255904431754956, 1232.872 ] ], [ [ 7.234352281197044, 46.933017383747824, 477.087 ], [ 7.230205586567582, 46.939952490441932, 533.342 ], [ 7.215366467915411, 46.930749480237338, 518.475 ], [ 7.218541474144614, 46.924343002773504, 526.58 ], [ 7.234352281197044, 46.933017383747824, 477.087 ] ], [ [ 7.70080426911266, 47.161777003516704, 479.753 ], [ 7.685371684220216, 47.166300979753323, 517.989 ], [ 7.674428470250756, 47.153972892610319, 517.931 ], [ 7.690158414311317, 47.152558817007836, 488.811 ], [ 7.70080426911266, 47.161777003516704, 479.753 ] ] ], [ [ [ 7.572152011438872, 47.328953103220265, 1180.087 ], [ 7.532037111125461, 47.321040538007146, 1190.283 ], [ 7.527758139618584, 47.322676420033375, 1152.0 ], [ 7.552206431496927, 47.345312781753961, 1072.869999999999891 ], [ 7.572152011438872, 47.328953103220265, 1180.087 ] ] ], [ [ [ 7.118713687729588, 46.902394594730318, 535.962 ], [ 7.114853102449134, 46.915836474252409, 475.727 ], [ 7.134663179468727, 46.919394335688906, 535.539 ], [ 7.138443056294886, 46.907543306256365, 553.063 ], [ 7.118713687729588, 46.902394594730318, 535.962 ] ] ] ] } },
{ "type": "Feature", "properties": { "uuid": "{52CABC6F-FA42-4B84-996D-1165C5EB0B99}", "datum_aenderung": "2025-11-19T00:00:00", "datum_erstellung": "2012-10-26T00:00:00", "erstellung_jahr": 2012, "erstellung_monat": 10, "grund_aenderung": "Verbessert", "herkunft": "swisstopo", "herkunft_jahr": 2026, "herkunft_monat": 1, "revision_jahr": 2026, "revision_monat": 1, "revision_qualitaet": "TGMG_2026_Akt", "objektart": "Kanton", "kantonsnummer": 12, "see_flaeche": 0.0, "kantonsflaeche": 3695.0, "name": "Basel-Stadt", "icc": "CH", "einwohnerzahl": 201384 }, "geometry": { "type": "Polygon", "coordinates": [ [ [ 7.554659565068712, 47.564366684449638, 275.072 ], [ 7.566490229991651, 47.577669480876267, 258.818 ], [ 7.584659908781676, 47.575521293928269, 244.674 ], [ 7.589045111314024, 47.589901853378556, 244.59 ], [ 7.619142365253288, 47.576874977121719, 257.587 ], [ 7.645677334630012, 47.596961113779635, 336.173 ], [ 7.675179221087482, 47.591987935422878, 402.674 ], [ 7.683017799765616, 47.598499022975076, 460.681 ], [ 7.693801813025892, 47.600775498073702, 462.9 ], [ 7.671749946202654, 47.587275806187947, 357.997 ], [ 7.689662577702379, 47.571402620784895, 493.951 ], [ 7.685928413686033, 47.565615141860981, 431.01 ], [ 7.683509223532457, 47.571258420879943, 488.402 ], [ 7.677324908691237, 47.563749675905157, 461.714 ], [ 7.61762444398242, 47.558653723136707, 244.809 ], [ 7.62231075714439, 47.539777703282432, 254.223 ], [ 7.594788317054399, 47.519297311171506, 333.852 ], [ 7.582787223523018, 47.531983953688446, 356.139 ], [ 7.587269624446532, 47.541905784770584, 281.4 ], [ 7.555888356212692, 47.544340765114825, 289.122 ], [ 7.564584745489294, 47.557041270808078, 276.314 ], [ 7.554659565068712, 47.564366684449638, 275.072 ] ] ] } },
{ "type": "Feature", "properties": { "uuid": "{A633EA6B-EA4F-4510-A2B2-477BE4A8E794}", "datum_aenderung": "2025-11-19T00:00:00", "datum_erstellung": "2012-10-26T00:00:00", "erstellung_jahr": 2012, "erstellung_monat": 10, "grund_aenderung": "Verbessert", "herkunft": "swisstopo", "herkunft_jahr": 2026, "herkunft_monat": 1, "revision_jahr": 2026, "revision_monat": 1, "revision_qualitaet": "TGMG_2026_Akt", "objektart": "Kanton", "kantonsnummer": 24, "see_flaeche": 8511.0, "kantonsflaeche": 80216.0, "name": "Neuchâtel", "icc": "CH", "einwohnerzahl": 179518 }, "geometry": { "type": "Polygon", "coordinates": [ [ [ 7.040163360444474, 46.979844951892865, 430.548 ], [ 7.002427430299338, 46.986909146222239, 429.25 ], [ 6.928196307678074, 46.953397918309179, 429.258 ], [ 6.896230270678378, 46.925486179846949, 429.25 ], [ 6.779825783191221, 46.85296088608456, 429.25 ], [ 6.75525943426474, 46.870459131134403, 430.05 ], [ 6.732508268892453, 46.868308847147453, 613.727 ], [ 6.74010993587398, 46.894814427886686, 694.893 ], [ 6.716701252286843, 46.906076936302988, 1328.259 ], [ 6.720827567293763, 46.936090075725993, 1412.931 ], [ 6.647224514075081, 46.91070174048717, 1099.363 ], [ 6.627105499167043, 46.888706165690742, 1268.577 ], [ 6.574803595897687, 46.880480916864101, 1293.023 ], [ 6.523310876334755, 46.856564332742948, 1346.045 ], [ 6.466520981948082, 46.847833498971646, 1114.27 ], [ 6.460032261557643, 46.85130358559941, 1084.35 ], [ 6.464618774855187, 46.890355973961562, 1180.253 ], [ 6.432689907070142, 46.928683095045777, 1162.833 ], [ 6.496484310089185, 46.974144707444928, 1195.081 ], [ 6.504807072530471, 46.965693877512457, 1210.67 ], [ 6.633576874781241, 46.998151171237403, 1086.321999999999889 ], [ 6.659196308853316, 47.027343288407771, 1174.842 ], [ 6.719171129979341, 47.051183025226059, 923.286 ], [ 6.691507123903968, 47.066674540237244, 745.413 ], [ 6.706239645848131, 47.074205293904477, 737.758 ], [ 6.702729012989091, 47.082139467774446, 737.15 ], [ 6.741570262133282, 47.090927064934817, 692.85 ], [ 6.74672905882014, 47.097815913233866, 692.85 ], [ 6.740543337424288, 47.109622865102978, 646.934 ], [ 6.806045688012507, 47.130712099962942, 616.068 ], [ 6.85997342375572, 47.165740412533495, 610.255 ], [ 6.888801848395416, 47.1311325270133, 1069.486000000000104 ], [ 6.866861678356477, 47.085119524314571, 1136.275 ], [ 6.929826952914994, 47.11259855344607, 1118.869999999999891 ], [ 7.031075361757361, 47.127317234652295, 1404.895 ], [ 7.039964298160994, 47.124652026772203, 1544.128 ], [ 7.023488627106962, 47.112201746904425, 1478.835 ], [ 7.028728930883143, 47.103675065119013, 1105.027 ], [ 7.040608423462822, 47.109006451146186, 1088.971 ], [ 7.086821125442546, 47.085699214575953, 805.145 ], [ 7.077004112081214, 47.07595932885269, 739.611 ], [ 7.087653811557878, 47.059737714056887, 429.19 ], [ 7.033484697092265, 47.030337034327644, 429.004 ], [ 7.025108894186374, 47.006068468888735, 429.165 ], [ 7.040163360444474, 46.979844951892865, 430.548 ] ] ] } },
{ "type": "Feature", "properties": { "uuid": "{3F24991F-68F8-42E5-81EA-D4C8C3E21FE4}", "datum_aenderung": "2025-11-19T00:00:00", "datum_erstellung": "2012-10-26T00:00:00", "erstellung_jahr": 2012, "erstellung_monat": 10, "grund_aenderung": "Verbessert", "herkunft": "swisstopo", "herkunft_jahr": 2026, "herkunft_monat": 1, "revision_jahr": 2026, "revision_monat": 1, "revision_qualitaet": "TGMG_2026_Akt", "objektart": "Kanton", "kantonsnummer": 16, "see_flaeche": 0.0, "kantonsflaeche": 17248.0, "name": "Appenzell Innerrhoden", "icc": "CH", "einwohnerzahl": 16733 }, "geometry": { "type": "MultiPolygon", "coordinates": [ [ [ [ 9.343273003283445, 47.249395775196646, 2502.090000000000146 ], [ 9.313558769626997, 47.291446952325813, 1148.063000000000102 ], [ 9.318318205966781, 47.309526680248439, 1128.643 ], [ 9.309722232488715, 47.321882874293351, 845.375 ], [ 9.346250256015548, 47.344931264659074, 1167.364 ], [ 9.343678506703545, 47.352180212036828, 908.857 ], [ 9.365366425935491, 47.358364852446265, 690.107 ], [ 9.350214006904924, 47.383107427313483, 633.401 ], [ 9.379078409339202, 47.386765592601151, 723.51 ], [ 9.378131489878937, 47.380809919074302, 742.012 ], [ 9.401051798898752, 47.378330843785278, 784.048 ], [ 9.41189334878505, 47.368764526107832, 904.134 ], [ 9.430948549135447, 47.37086577824568, 830.503 ], [ 9.437939229937204, 47.356502627904369, 955.405 ], [ 9.465754079863222, 47.346421262694626, 1102.674 ], [ 9.502915722729222, 47.347432916674812, 875.348 ], [ 9.496263324022234, 47.306011362961101, 1285.712 ], [ 9.484993576056711, 47.283748169937098, 1794.291 ], [ 9.464346219334629, 47.26583748356984, 1701.387 ], [ 9.382015334918712, 47.233993671702827, 2105.766 ], [ 9.343273003283445, 47.249395775196646, 2502.090000000000146 ] ] ], [ [ [ 9.555287081931992, 47.396449013332308, 551.482 ], [ 9.547598189882571, 47.393170687871134, 607.031 ], [ 9.542577788151693, 47.400265115669889, 869.055 ], [ 9.508210118926621, 47.395509593061107, 1004.327 ], [ 9.532736652019583, 47.410324255924358, 1118.004 ], [ 9.522920359341748, 47.41399611452205, 1023.805 ], [ 9.523374296944079, 47.421424895180941, 1041.702 ], [ 9.540400974121129, 47.431834297889111, 856.393 ], [ 9.576253411531029, 47.415824219315752, 805.098 ], [ 9.570422441319389, 47.406384080688859, 757.712 ], [ 9.54239193559286, 47.408201873454189, 966.34 ], [ 9.555287081931992, 47.396449013332308, 551.482 ] ] ], [ [ [ 9.617833725102745, 47.437673107770081, 651.943 ], [ 9.588252520388945, 47.425424570517904, 643.628 ], [ 9.604727392857653, 47.414114731511376, 634.607 ], [ 9.583062042700815, 47.409638931296605, 674.44 ], [ 9.583164868228479, 47.420136944202568, 623.314 ], [ 9.568384210101868, 47.42107059269987, 702.947 ], [ 9.575330430577369, 47.425705922559111, 814.835 ], [ 9.558125573347251, 47.432819678388597, 904.679 ], [ 9.56641763062124, 47.438672423698087, 758.11 ], [ 9.617833725102745, 47.437673107770081, 651.943 ] ] ], [ [ [ 9.361781634491061, 47.386384301252363, 789.639 ], [ 9.362317937945949, 47.386905024918555, 782.572 ], [ 9.363245070297998, 47.386404124353874, 793.548 ], [ 9.361781634491061, 47.386384301252363, 789.639 ] ] ], [ [ [ 9.612101138695143, 47.443383347876733, 651.186 ], [ 9.613113026013895, 47.443690502374828, 641.386 ], [ 9.613277746908995, 47.443435059863369, 640.84 ], [ 9.612101138695143, 47.443383347876733, 651.186 ] ] ] ] } }
]
}
